"","MKT","value","fevals","gevals","niter","convcode","kkt1","kkt2","xtimes","SE.MKT","Wald.p.value.MKT_1","SE.MKT.indep","Factor","Type","max.month","lambda","kernel.bandwidth","CV.key","weighting","error.fun","sdf.model","datetime","validation.error","Alpha","SE.Alpha","SE.Alpha.indep"
"Nelder-Mead",0.9015625,13.1339625671584,20,NA,NA,0,TRUE,TRUE,0.226,1.03753204878858,0.918651853024957,1.48850693594239,"MKT","sdf:sl stdv:0.2 #d:15 #f:20 #y:19 .101",60,0,12,"ALL","EW_VYP","L2_Lasso","linear",2020-06-17 22:49:29,13.1339625671584,NA,NA,NA
"Nelder-Mead1",1.24464535857499,11.9019143452152,67,NA,NA,0,FALSE,TRUE,0.712,0.774653517302139,0.982202866752776,1.07719018628005,"Alpha","sdf:sl stdv:0.2 #d:15 #f:20 #y:19 .101",60,0,12,"ALL","EW_VYP","L2_Lasso","linear",2020-06-17 22:49:32,11.9019143452152,-0.0021348525030934,0.0018619486334217,0.00101551659725221
"Nelder-Mead2",1.1552734375,16.5490029087436,22,NA,NA,0,TRUE,TRUE,0.254,0.631404030778824,0.921900313120192,0.434919868340323,"MKT","sdf:sl stdv:0.2 #d:15 #f:20 #y:19 .102",60,0,12,"ALL","EW_VYP","L2_Lasso","linear",2020-06-17 22:49:28,16.5490029087436,NA,NA,NA
"Nelder-Mead11",0.709835911219084,12.7207039019748,115,NA,NA,0,FALSE,TRUE,1.382,6.8304213301018,0.140294402377,4.28825582249291,"Alpha","sdf:sl stdv:0.2 #d:15 #f:20 #y:19 .102",60,0,12,"ALL","EW_VYP","L2_Lasso","linear",2020-06-17 22:49:34,12.7207039019748,0.00333643747014877,0.0106772082759784,0.0191248786623209
"Nelder-Mead3",0.95673828125,9.58187480117046,22,NA,NA,0,TRUE,TRUE,0.244,0.804929714261056,0.972221165146415,0.820569645848619,"MKT","sdf:sl stdv:0.2 #d:15 #f:20 #y:19 .103",60,0,12,"ALL","EW_VYP","L2_Lasso","linear",2020-06-17 22:49:29,9.58187480117046,NA,NA,NA
"Nelder-Mead12",0.934585271954404,9.57573720371181,71,NA,NA,0,FALSE,TRUE,0.917,7.63617646248067,0.882704524713406,3.39658044817343,"Alpha","sdf:sl stdv:0.2 #d:15 #f:20 #y:19 .103",60,0,12,"ALL","EW_VYP","L2_Lasso","linear",2020-06-17 22:49:33,9.57573720371181,0.000135577744254078,0.0804579698555925,0.0326324562905841
"Nelder-Mead4",1.36796875,22.2108997712375,24,NA,NA,0,TRUE,TRUE,0.338,0.40741307531237,0.880831456217513,0.870337932313859,"MKT","sdf:sl stdv:0.2 #d:15 #f:20 #y:19 .104",60,0,12,"ALL","EW_VYP","L2_Lasso","linear",2020-06-17 22:49:33,22.2108997712375,NA,NA,NA
"Nelder-Mead13",0.789595367946957,18.4923882722645,69,NA,NA,0,FALSE,TRUE,0.778,151.759814851988,0,84.8221630186547,"Alpha","sdf:sl stdv:0.2 #d:15 #f:20 #y:19 .104",60,0,12,"ALL","EW_VYP","L2_Lasso","linear",2020-06-17 22:49:36,18.4923882722645,0.00375143870168361,0.0368023237629662,0.0401580096509466
"Nelder-Mead5",1.065234375,17.2818312597381,22,NA,NA,0,TRUE,TRUE,0.217000000000001,0.939601743609691,0.951124804332538,2.17962283592639,"MKT","sdf:sl stdv:0.2 #d:15 #f:20 #y:19 .105",60,0,12,"ALL","EW_VYP","L2_Lasso","linear",2020-06-17 22:49:34,17.2818312597381,NA,NA,NA
"Nelder-Mead14",0.784209276619489,16.6656721750912,65,NA,NA,0,FALSE,TRUE,0.671999999999999,8.98708076605686,0.152524396975468,6.03197353535476,"Alpha","sdf:sl stdv:0.2 #d:15 #f:20 #y:19 .105",60,0,12,"ALL","EW_VYP","L2_Lasso","linear",2020-06-17 22:49:38,16.6656721750912,0.00170944094050789,0.0208614553376304,0.0172541305598559
"Nelder-Mead6",0.940625,11.8566326947557,24,NA,NA,0,TRUE,TRUE,0.25,1.66243977887219,0.921370623487225,1.68709803027802,"MKT","sdf:sl stdv:0.2 #d:15 #f:20 #y:19 .106",60,0,12,"ALL","EW_VYP","L2_Lasso","linear",2020-06-17 22:49:35,11.8566326947557,NA,NA,NA
"Nelder-Mead15",0.77344487611815,11.5360602802465,63,NA,NA,0,FALSE,TRUE,0.609999999999999,10.7910341340161,0.0503618993558316,5.12073027099446,"Alpha","sdf:sl stdv:0.2 #d:15 #f:20 #y:19 .106",60,0,12,"ALL","EW_VYP","L2_Lasso","linear",2020-06-17 22:49:38,11.5360602802465,0.00104935140757334,0.0364604878887625,0.0207266009496045
"Nelder-Mead7",1.075,12.8928683059768,24,NA,NA,0,TRUE,TRUE,0.238,0.539670139727021,0.967714230152213,0.62593654395162,"MKT","sdf:sl stdv:0.2 #d:15 #f:20 #y:19 .107",60,0,12,"ALL","EW_VYP","L2_Lasso","linear",2020-06-17 22:49:37,12.8928683059768,NA,NA,NA
"Nelder-Mead16",0.823750793673359,11.4837300431919,67,NA,NA,0,FALSE,TRUE,0.652000000000001,0.160720162599445,0.999598897488185,0.068980916421477,"Alpha","sdf:sl stdv:0.2 #d:15 #f:20 #y:19 .107",60,0,12,"ALL","EW_VYP","L2_Lasso","linear",2020-06-17 22:49:40,11.4837300431919,0.00182653300162419,0.000422334619444151,0.000331595880471261
"Nelder-Mead8",1.00244140625,11.8467058677932,22,NA,NA,0,TRUE,TRUE,0.181000000000001,2.59738774311301,0.994940425562825,3.51554257876967,"MKT","sdf:sl stdv:0.2 #d:15 #f:20 #y:19 .108",60,0,12,"ALL","EW_VYP","L2_Lasso","linear",2020-06-17 22:49:38,11.8467058677932,NA,NA,NA
"Nelder-Mead17",1.0676369716668,11.7916717823587,59,NA,NA,0,FALSE,TRUE,0.561,0.670219641565264,0.998973040285622,0.341758840647639,"Alpha","sdf:sl stdv:0.2 #d:15 #f:20 #y:19 .108",60,0,12,"ALL","EW_VYP","L2_Lasso","linear",2020-06-17 22:49:40,11.7916717823587,-0.000393610657926047,0.00054662579672987,0.000670179494990754
"Nelder-Mead9",1.2037109375,12.0122237432423,22,NA,NA,0,TRUE,TRUE,0.173999999999999,0.452420095201843,0.926568596791514,1.21787555195007,"MKT","sdf:sl stdv:0.2 #d:15 #f:20 #y:19 .109",60,0,12,"ALL","EW_VYP","L2_Lasso","linear",2020-06-17 22:49:39,12.0122237432423,NA,NA,NA
"Nelder-Mead18",1.12800881404556,11.9015889801022,69,NA,NA,0,FALSE,TRUE,0.643000000000001,0.17606163028764,0.999746062718664,0.118140276675743,"Alpha","sdf:sl stdv:0.2 #d:15 #f:20 #y:19 .109",60,0,12,"ALL","EW_VYP","L2_Lasso","linear",2020-06-17 22:49:41,11.9015889801022,0.000500741338056177,0.000198735327428708,0.000314296789087129
"Nelder-Mead10",1.2068359375,14.745153004083,24,NA,NA,0,TRUE,TRUE,0.204000000000001,4.32245393465175,0.371301125521037,7.65061686028454,"MKT","sdf:sl stdv:0.2 #d:15 #f:20 #y:19 .110",60,0,12,"ALL","EW_VYP","L2_Lasso","linear",2020-06-17 22:49:41,14.745153004083,NA,NA,NA
"Nelder-Mead19",1.06182523419299,14.3773492885676,61,NA,NA,0,FALSE,TRUE,0.584,62.4773107479072,0.000576744233194426,28.5274726114251,"Alpha","sdf:sl stdv:0.2 #d:15 #f:20 #y:19 .110",60,0,12,"ALL","EW_VYP","L2_Lasso","linear",2020-06-17 22:49:42,14.3773492885676,0.000996718927726192,0.523796281430501,0.238087637618253
"Nelder-Mead20",1.0916015625,12.9125176056921,20,NA,NA,0,TRUE,TRUE,0.171000000000001,30.6341469017589,0.00501395686532569,64.234982596584,"MKT","sdf:sl stdv:0.2 #d:15 #f:20 #y:19 .111",60,0,12,"ALL","EW_VYP","L2_Lasso","linear",2020-06-17 22:49:41,12.9125176056921,NA,NA,NA
"Nelder-Mead110",1.17778156461753,12.8262199146646,65,NA,NA,0,FALSE,TRUE,0.629,0.442671507751272,0.996908016847915,0.175609004962093,"Alpha","sdf:sl stdv:0.2 #d:15 #f:20 #y:19 .111",60,0,12,"ALL","EW_VYP","L2_Lasso","linear",2020-06-17 22:49:42,12.8262199146646,-0.000530016574316505,0.00049204067254116,0.000302064646728168
"Nelder-Mead21",1.05107421875,12.0602370583491,22,NA,NA,0,TRUE,TRUE,0.183,13.2019456114701,0.500133915547507,16.0391071562253,"MKT","sdf:sl stdv:0.2 #d:15 #f:20 #y:19 .112",60,0,12,"ALL","EW_VYP","L2_Lasso","linear",2020-06-17 22:49:41,12.0602370583491,NA,NA,NA
"Nelder-Mead111",0.965229876113665,11.9704814171693,65,NA,NA,0,FALSE,TRUE,0.587,9.95400442954052,0.941860047768557,11.4285607835069,"Alpha","sdf:sl stdv:0.2 #d:15 #f:20 #y:19 .112",60,0,12,"ALL","EW_VYP","L2_Lasso","linear",2020-06-17 22:49:44,11.9704814171693,0.000539376159281346,0.0798448063506366,0.0313668564582597
"Nelder-Mead22",1.841015625,20.9887244241613,26,NA,NA,0,TRUE,TRUE,0.26,2.26586463864935,0.0566985431446341,1.81900323752474,"MKT","sdf:sl stdv:0.2 #d:15 #f:20 #y:19 .113",60,0,12,"ALL","EW_VYP","L2_Lasso","linear",2020-06-17 22:49:43,20.9887244241613,NA,NA,NA
"Nelder-Mead112",1.7659206067517,20.8880664227732,75,NA,NA,0,FALSE,TRUE,0.792,26.3081513131124,0,10.7020746283742,"Alpha","sdf:sl stdv:0.2 #d:15 #f:20 #y:19 .113",60,0,12,"ALL","EW_VYP","L2_Lasso","linear",2020-06-17 22:49:45,20.8880664227732,0.000494436752228684,0.175664345622043,0.069954460835243
"Nelder-Mead23",0.899609375,15.3182138946832,24,NA,NA,0,TRUE,TRUE,0.239000000000001,31.740987577014,0.00144006692023413,46.4750111278428,"MKT","sdf:sl stdv:0.2 #d:15 #f:20 #y:19 .114",60,0,12,"ALL","EW_VYP","L2_Lasso","linear",2020-06-17 22:49:44,15.3182138946832,NA,NA,NA
"Nelder-Mead113",0.533818688403405,13.8640956957239,71,NA,NA,0,FALSE,TRUE,0.745999999999999,2.38602950978248,0.538670803429009,2.67071810867596,"Alpha","sdf:sl stdv:0.2 #d:15 #f:20 #y:19 .114",60,0,12,"ALL","EW_VYP","L2_Lasso","linear",2020-06-17 22:49:47,13.8640956957239,0.00233286780142259,0.062939217736103,0.0324427654747946
"Nelder-Mead24",1.180078125,14.3177482868982,22,NA,NA,0,TRUE,TRUE,0.200000000000001,0.541158979182685,0.922368329217413,0.569103813595879,"MKT","sdf:sl stdv:0.2 #d:15 #f:20 #y:19 .115",60,0,12,"ALL","EW_VYP","L2_Lasso","linear",2020-06-17 22:49:45,14.3177482868982,NA,NA,NA
"Nelder-Mead114",0.813193023023546,11.9335344709689,69,NA,NA,0,FALSE,TRUE,0.699999999999999,0.64062062266592,0.992864446552139,0.621488313892048,"Alpha","sdf:sl stdv:0.2 #d:15 #f:20 #y:19 .115",60,0,12,"ALL","EW_VYP","L2_Lasso","linear",2020-06-17 22:49:48,11.9335344709689,0.00252285307151645,0.00131169691757621,0.000938743793203117
"Nelder-Mead25",0.98515625,18.7503172222684,22,NA,NA,0,TRUE,TRUE,0.207999999999998,0.656627296114861,0.992223292777399,0.634065336152759,"MKT","sdf:sl stdv:0.2 #d:15 #f:20 #y:19 .116",60,0,12,"ALL","EW_VYP","L2_Lasso","linear",2020-06-17 22:49:46,18.7503172222684,NA,NA,NA
"Nelder-Mead115",0.52107546461115,13.6637520014767,69,NA,NA,0,FALSE,TRUE,0.677,14.0081744109353,1.68910885278706e-10,6.81779676785039,"Alpha","sdf:sl stdv:0.2 #d:15 #f:20 #y:19 .116",60,0,12,"ALL","EW_VYP","L2_Lasso","linear",2020-06-17 22:49:50,13.6637520014767,0.00360748360737091,0.116598505835953,0.0569990970988273
"Nelder-Mead26",1.36875,21.1110948306528,24,NA,NA,0,TRUE,TRUE,0.244,6.1941379316082,0.0223663383946126,7.25701440768799,"MKT","sdf:sl stdv:0.2 #d:15 #f:20 #y:19 .117",60,0,12,"ALL","EW_VYP","L2_Lasso","linear",2020-06-17 22:49:48,21.1110948306528,NA,NA,NA
"Nelder-Mead116",1.08892323138846,20.5537465409904,63,NA,NA,0,FALSE,TRUE,0.600000000000001,1.79508041903812,0.987349030930516,1.45474330564557,"Alpha","sdf:sl stdv:0.2 #d:15 #f:20 #y:19 .117",60,0,12,"ALL","EW_VYP","L2_Lasso","linear",2020-06-17 22:49:50,20.5537465409904,0.00172597769482081,0.0389288650883377,0.0208415243475237
"Nelder-Mead27",0.9931640625,18.1417739293436,20,NA,NA,0,TRUE,TRUE,0.178000000000001,3.27006559997131,0.98216560252152,2.5318482889247,"MKT","sdf:sl stdv:0.2 #d:15 #f:20 #y:19 .118",60,0,12,"ALL","EW_VYP","L2_Lasso","linear",2020-06-17 22:49:50,18.1417739293436,NA,NA,NA
"Nelder-Mead117",0.361258705021794,13.9860772733534,77,NA,NA,0,FALSE,TRUE,0.837,0.0621150262503525,0.999213099437808,0.0342165456562797,"Alpha","sdf:sl stdv:0.2 #d:15 #f:20 #y:19 .118",60,0,12,"ALL","EW_VYP","L2_Lasso","linear",2020-06-17 22:49:53,13.9860772733534,0.00406815042694788,0.000917914626008176,0.000422247597063906
"Nelder-Mead28",1.0796875,12.9023038453694,20,NA,NA,0,TRUE,TRUE,0.205000000000002,13.8569246226867,0.269496119593508,34.5529814909557,"MKT","sdf:sl stdv:0.2 #d:15 #f:20 #y:19 .119",60,0,12,"ALL","EW_VYP","L2_Lasso","linear",2020-06-17 22:49:51,12.9023038453694,NA,NA,NA
"Nelder-Mead118",0.841516868860087,12.0641467335803,69,NA,NA,0,FALSE,TRUE,0.701999999999998,0.2631442432569,0.999130803868865,0.114450412540358,"Alpha","sdf:sl stdv:0.2 #d:15 #f:20 #y:19 .119",60,0,12,"ALL","EW_VYP","L2_Lasso","linear",2020-06-17 22:49:54,12.0641467335803,0.00153353905412956,0.000565486157078798,0.00046613148640092
"Nelder-Mead29",0.987109375,16.1309022568278,20,NA,NA,0,TRUE,TRUE,0.197000000000003,2.06421486352468,0.978771579107725,2.90995089726572,"MKT","sdf:sl stdv:0.2 #d:15 #f:20 #y:19 .120",60,0,12,"ALL","EW_VYP","L2_Lasso","linear",2020-06-17 22:49:51,16.1309022568278,NA,NA,NA
"Nelder-Mead119",0.856089342029899,15.7125386469607,63,NA,NA,0,FALSE,TRUE,0.620999999999999,135.913466364112,0,113.934073401952,"Alpha","sdf:sl stdv:0.2 #d:15 #f:20 #y:19 .120",60,0,12,"ALL","EW_VYP","L2_Lasso","linear",2020-06-17 22:49:55,15.7125386469607,0.00109542191370764,0.303977822728195,0.277192983151775
"Nelder-Mead30",0.98369140625,15.3928673315178,22,NA,NA,0,TRUE,TRUE,0.256999999999998,1.60088502247101,0.979171049822042,1.63327913247541,"MKT","sdf:sl stdv:0.2 #d:15 #f:20 #y:19 .121",60,0,12,"ALL","EW_VYP","L2_Lasso","linear",2020-06-17 22:49:55,15.3928673315178,NA,NA,NA
"Nelder-Mead120",0.573739598989716,13.5322314220053,71,NA,NA,0,FALSE,TRUE,0.699000000000002,18.0945422083148,1.20570220474292e-13,7.35912801274851,"Alpha","sdf:sl stdv:0.2 #d:15 #f:20 #y:19 .121",60,0,12,"ALL","EW_VYP","L2_Lasso","linear",2020-06-17 22:49:59,13.5322314220053,0.00265894721126969,0.0888601353723862,0.0494073762457286
"Nelder-Mead31",1.09140625,16.1458897005184,20,NA,NA,0,TRUE,TRUE,0.221,0.696567945761944,0.949232464236809,1.50702108214319,"MKT","sdf:sl stdv:0.2 #d:15 #f:20 #y:19 .122",60,0,12,"ALL","EW_VYP","L2_Lasso","linear",2020-06-17 22:49:55,16.1458897005184,NA,NA,NA
"Nelder-Mead121",0.992755313471065,16.0578682016552,63,NA,NA,0,FALSE,TRUE,0.622000000000003,1.16441686339319,0.999964560078803,1.72189091767903,"Alpha","sdf:sl stdv:0.2 #d:15 #f:20 #y:19 .122",60,0,12,"ALL","EW_VYP","L2_Lasso","linear",2020-06-17 22:49:59,16.0578682016552,0.000604212759492384,0.0415915835696873,0.0173874052953118
"Nelder-Mead32",0.94140625,13.7775011465676,24,NA,NA,0,TRUE,TRUE,0.254000000000001,0.790947076379846,0.963035627479751,1.32399935721348,"MKT","sdf:sl stdv:0.2 #d:15 #f:20 #y:19 .123",60,0,12,"ALL","EW_VYP","L2_Lasso","linear",2020-06-17 22:49:56,13.7775011465676,NA,NA,NA
"Nelder-Mead122",0.564575622082192,12.3155292452944,73,NA,NA,0,FALSE,TRUE,0.744,9.38609806242832,0.000236088600260365,4.93324069225711,"Alpha","sdf:sl stdv:0.2 #d:15 #f:20 #y:19 .123",60,0,12,"ALL","EW_VYP","L2_Lasso","linear",2020-06-17 22:50:00,12.3155292452944,0.00233684216848487,0.0662346649602501,0.0357469355959635
"Nelder-Mead33",1.11484375,9.46629996591642,20,NA,NA,0,TRUE,TRUE,0.189,1.12259251845796,0.897418787228222,1.4732372282273,"MKT","sdf:sl stdv:0.2 #d:15 #f:20 #y:19 .124",60,0,12,"ALL","EW_VYP","L2_Lasso","linear",2020-06-17 22:49:59,9.46629996591642,NA,NA,NA
"Nelder-Mead123",0.860480983621913,8.25880554170333,83,NA,NA,0,FALSE,TRUE,0.917999999999999,0.10206830610807,0.999898622944466,0.0597635336417815,"Alpha","sdf:sl stdv:0.2 #d:15 #f:20 #y:19 .124",60,0,12,"ALL","EW_VYP","L2_Lasso","linear",2020-06-17 22:50:03,8.25880554170333,0.00154513493027999,0.000685931460728804,0.000328697230814662
"Nelder-Mead34",1.07587890625,12.3545500900678,22,NA,NA,0,TRUE,TRUE,0.221999999999998,1.38465434325173,0.916323392704145,3.25044385084018,"MKT","sdf:sl stdv:0.2 #d:15 #f:20 #y:19 .125",60,0,12,"ALL","EW_VYP","L2_Lasso","linear",2020-06-17 22:50:00,12.3545500900678,NA,NA,NA
"Nelder-Mead124",1.05521107629076,12.3506297228633,59,NA,NA,0,FALSE,TRUE,0.637,0.850682226915624,0.998897652888824,0.764257582439501,"Alpha","sdf:sl stdv:0.2 #d:15 #f:20 #y:19 .125",60,0,12,"ALL","EW_VYP","L2_Lasso","linear",2020-06-17 22:50:02,12.3506297228633,0.000116079555812121,0.000557189679071705,0.000904704238133365
"Nelder-Mead35",1.4427734375,19.4581226825341,26,NA,NA,0,TRUE,TRUE,0.262999999999998,1.21407218428155,0.590881601313448,1.88309414814723,"MKT","sdf:sl stdv:0.2 #d:15 #f:20 #y:19 .126",60,0,12,"ALL","EW_VYP","L2_Lasso","linear",2020-06-17 22:50:01,19.4581226825341,NA,NA,NA
"Nelder-Mead125",1.44990581390596,19.4569222761098,77,NA,NA,0,FALSE,TRUE,0.847999999999999,2.434803127364,0.548817392586285,1.82187907488345,"Alpha","sdf:sl stdv:0.2 #d:15 #f:20 #y:19 .126",60,0,12,"ALL","EW_VYP","L2_Lasso","linear",2020-06-17 22:50:03,19.4569222761098,-5.55142854054191e-05,0.0679223641460285,0.0311901271861931
"Nelder-Mead36",1.242578125,16.9529960009631,20,NA,NA,0,TRUE,TRUE,0.225999999999999,5.75295022074297,0.162853098183285,7.50432301067873,"MKT","sdf:sl stdv:0.2 #d:15 #f:20 #y:19 .127",60,0,12,"ALL","EW_VYP","L2_Lasso","linear",2020-06-17 22:50:03,16.9529960009631,NA,NA,NA
"Nelder-Mead126",0.775257281304895,14.3973811497804,75,NA,NA,0,FALSE,TRUE,0.770000000000003,16.2100123377413,0.00131050658161924,7.42268788398866,"Alpha","sdf:sl stdv:0.2 #d:15 #f:20 #y:19 .127",60,0,12,"ALL","EW_VYP","L2_Lasso","linear",2020-06-17 22:50:06,14.3973811497804,0.00291408037500671,0.124782852507414,0.0611522545145327
"Nelder-Mead37",1.0998046875,15.8140968346675,20,NA,NA,0,TRUE,TRUE,0.173000000000002,1.20977241746097,0.90389621644719,2.62443074615874,"MKT","sdf:sl stdv:0.2 #d:15 #f:20 #y:19 .128",60,0,12,"ALL","EW_VYP","L2_Lasso","linear",2020-06-17 22:50:04,15.8140968346675,NA,NA,NA
"Nelder-Mead127",1.10346026548634,15.8139925981268,53,NA,NA,0,FALSE,TRUE,0.568999999999996,0.616157181832611,0.997970173096584,0.506088432385621,"Alpha","sdf:sl stdv:0.2 #d:15 #f:20 #y:19 .128",60,0,12,"ALL","EW_VYP","L2_Lasso","linear",2020-06-17 22:50:06,15.8139925981268,-2.05729037134006e-05,0.000483014053616378,0.000787841858009603
"Nelder-Mead38",1.5076171875,15.1673737644219,28,NA,NA,0,TRUE,TRUE,0.253,0.758508743592425,0.700213651561771,0.987383216538829,"MKT","sdf:sl stdv:0.2 #d:15 #f:20 #y:19 .129",60,0,12,"ALL","EW_VYP","L2_Lasso","linear",2020-06-17 22:50:04,15.1673737644219,NA,NA,NA
"Nelder-Mead128",1.43076788853021,15.0993924084337,71,NA,NA,0,FALSE,TRUE,0.726000000000006,1.88094554381102,0.72019090027545,1.16046359710584,"Alpha","sdf:sl stdv:0.2 #d:15 #f:20 #y:19 .129",60,0,12,"ALL","EW_VYP","L2_Lasso","linear",2020-06-17 22:50:06,15.0993924084337,0.000420537660130552,0.0439158255046926,0.0190643678629008
"Nelder-Mead39",2.484375,27.5581269137015,30,NA,NA,0,TRUE,TRUE,0.252000000000002,0.804161511551974,0.23260424542368,0.588357472548479,"MKT","sdf:sl stdv:0.2 #d:15 #f:20 #y:19 .130",60,0,12,"ALL","EW_VYP","L2_Lasso","linear",2020-06-17 22:50:07,27.5581269137015,NA,NA,NA
"Nelder-Mead129",2.48371500633504,27.5447562239913,81,NA,NA,0,FALSE,TRUE,0.798000000000002,201.979147502693,0,108.197226462433,"Alpha","sdf:sl stdv:0.2 #d:15 #f:20 #y:19 .130",60,0,12,"ALL","EW_VYP","L2_Lasso","linear",2020-06-17 22:50:09,27.5447562239913,0.000155338155108852,1.91146667462076,1.01967754253624
"Nelder-Mead40",1.2966796875,20.6056258070156,24,NA,NA,0,TRUE,TRUE,0.215000000000003,1.21155128447874,0.719263968672575,2.29910077708116,"MKT","sdf:sl stdv:0.2 #d:15 #f:20 #y:19 .131",60,0,12,"ALL","EW_VYP","L2_Lasso","linear",2020-06-17 22:50:07,20.6056258070156,NA,NA,NA
"Nelder-Mead130",1.10097006774244,19.8434122053046,69,NA,NA,0,TRUE,TRUE,0.668999999999997,0.394976195775096,0.999205042806046,0.185483118942485,"Alpha","sdf:sl stdv:0.2 #d:15 #f:20 #y:19 .131",60,0,12,"ALL","EW_VYP","L2_Lasso","linear",2020-06-17 22:50:09,19.8434122053046,0.00163543692663097,0.00059117567908911,0.000739358124378633
"Nelder-Mead41",1.3634765625,13.8684531270564,26,NA,NA,0,TRUE,TRUE,0.222000000000001,0.800251660180955,0.771148663964437,0.72005981997378,"MKT","sdf:sl stdv:0.2 #d:15 #f:20 #y:19 .132",60,0,12,"ALL","EW_VYP","L2_Lasso","linear",2020-06-17 22:50:07,13.8684531270564,NA,NA,NA
"Nelder-Mead131",1.33937751163708,13.8575098943918,67,NA,NA,0,FALSE,TRUE,0.631,1.47549105434387,0.88216847114839,0.802850594378259,"Alpha","sdf:sl stdv:0.2 #d:15 #f:20 #y:19 .132",60,0,12,"ALL","EW_VYP","L2_Lasso","linear",2020-06-17 22:50:09,13.8575098943918,0.000164420355004236,0.0294777535490409,0.0131844699197521
"Nelder-Mead42",1.0306640625,15.7258027633956,20,NA,NA,0,TRUE,TRUE,0.193000000000005,3.43844653816019,0.916029264577829,3.63393226929864,"MKT","sdf:sl stdv:0.2 #d:15 #f:20 #y:19 .133",60,0,12,"ALL","EW_VYP","L2_Lasso","linear",2020-06-17 22:50:09,15.7258027633956,NA,NA,NA
"Nelder-Mead132",0.668521466715058,14.0436175991176,71,NA,NA,0,FALSE,TRUE,0.688000000000002,11.0980973215963,0.00115148371021934,4.91624390104406,"Alpha","sdf:sl stdv:0.2 #d:15 #f:20 #y:19 .133",60,0,12,"ALL","EW_VYP","L2_Lasso","linear",2020-06-17 22:50:13,14.0436175991176,0.0024174050974342,0.00679538250280612,0.0168682882833521
"Nelder-Mead43",1.08974609375,15.2477230966348,22,NA,NA,0,TRUE,TRUE,0.202999999999996,0.626917928493274,0.955131947168046,1.43268450607668,"MKT","sdf:sl stdv:0.2 #d:15 #f:20 #y:19 .134",60,0,12,"ALL","EW_VYP","L2_Lasso","linear",2020-06-17 22:50:10,15.2477230966348,NA,NA,NA
"Nelder-Mead133",0.858993347685961,14.4797181061051,81,NA,NA,0,FALSE,TRUE,0.724000000000004,0.180391270607981,0.999676555895807,0.100853523412089,"Alpha","sdf:sl stdv:0.2 #d:15 #f:20 #y:19 .134",60,0,12,"ALL","EW_VYP","L2_Lasso","linear",2020-06-17 22:50:13,14.4797181061051,0.00155815560062539,0.000311662700432709,0.000412196376102555
"Nelder-Mead44",1.153515625,15.8549843778931,20,NA,NA,0,TRUE,TRUE,0.177000000000007,0.763257548672599,0.906723786812901,0.671557156463626,"MKT","sdf:sl stdv:0.2 #d:15 #f:20 #y:19 .135",60,0,12,"ALL","EW_VYP","L2_Lasso","linear",2020-06-17 22:50:10,15.8549843778931,NA,NA,NA
"Nelder-Mead134",0.868811064848827,14.8856506657832,63,NA,NA,0,FALSE,TRUE,0.593999999999994,3.21462849531421,0.914885544100828,2.13380399423295,"Alpha","sdf:sl stdv:0.2 #d:15 #f:20 #y:19 .135",60,0,12,"ALL","EW_VYP","L2_Lasso","linear",2020-06-17 22:50:13,14.8856506657832,0.00184661517149847,0.0402704771503164,0.0223309748492521
"Nelder-Mead45",0.9220703125,20.3669600965803,22,NA,NA,0,TRUE,TRUE,0.192999999999998,1.75717856211881,0.891081085585981,1.30391076823206,"MKT","sdf:sl stdv:0.2 #d:15 #f:20 #y:19 .136",60,0,12,"ALL","EW_VYP","L2_Lasso","linear",2020-06-17 22:50:14,20.3669600965803,NA,NA,NA
"Nelder-Mead135",0.469774097568371,17.7109517198089,67,NA,NA,0,FALSE,TRUE,0.628,2.08477767375916,0.542777462557855,4.6055535792856,"Alpha","sdf:sl stdv:0.2 #d:15 #f:20 #y:19 .136",60,0,12,"ALL","EW_VYP","L2_Lasso","linear",2020-06-17 22:50:17,17.7109517198089,0.00322325278941413,0.0308332228162433,0.0542220179148953
"Nelder-Mead46",1.18505859375,12.8095333011708,24,NA,NA,0,TRUE,TRUE,0.210999999999999,2.52466492880147,0.640348966307653,5.08379661512117,"MKT","sdf:sl stdv:0.2 #d:15 #f:20 #y:19 .137",60,0,12,"ALL","EW_VYP","L2_Lasso","linear",2020-06-17 22:50:13,12.8095333011708,NA,NA,NA
"Nelder-Mead136",1.09177499438911,12.6996896436471,63,NA,NA,0,FALSE,TRUE,0.584000000000003,1.0545620295245,0.99532750255945,2.51731610014359,"Alpha","sdf:sl stdv:0.2 #d:15 #f:20 #y:19 .137",60,0,12,"ALL","EW_VYP","L2_Lasso","linear",2020-06-17 22:50:15,12.6996896436471,0.000581699398635216,0.000881327662928446,0.000404863579822158
"Nelder-Mead47",1.35546875,16.4808959859813,22,NA,NA,0,TRUE,TRUE,0.209999999999994,2.27114785303489,0.419480941357352,2.17259759993978,"MKT","sdf:sl stdv:0.2 #d:15 #f:20 #y:19 .138",60,0,12,"ALL","EW_VYP","L2_Lasso","linear",2020-06-17 22:50:14,16.4808959859813,NA,NA,NA
"Nelder-Mead137",1.31690802358691,16.4596756439221,63,NA,NA,0,FALSE,TRUE,0.574999999999996,1.97494909219618,0.822126406263525,1.43558748580143,"Alpha","sdf:sl stdv:0.2 #d:15 #f:20 #y:19 .138",60,0,12,"ALL","EW_VYP","L2_Lasso","linear",2020-06-17 22:50:15,16.4596756439221,0.0002552159359281,0.000813949422637486,0.000874729400965775
"Nelder-Mead48",0.7982421875,32.2450429056616,24,NA,NA,0,TRUE,TRUE,0.204000000000001,0.527137750475758,0.915301362206475,0.433450462164683,"MKT","sdf:sl stdv:0.2 #d:15 #f:20 #y:19 .139",60,0,12,"ALL","EW_VYP","L2_Lasso","linear",2020-06-17 22:50:16,32.2450429056616,NA,NA,NA
"Nelder-Mead138",0.0211129574477656,20.7698364936695,75,NA,NA,0,FALSE,TRUE,0.758000000000003,29.9765241845743,0,12.2763610421727,"Alpha","sdf:sl stdv:0.2 #d:15 #f:20 #y:19 .139",60,0,12,"ALL","EW_VYP","L2_Lasso","linear",2020-06-17 22:50:20,20.7698364936695,0.0075304142622641,0.191307147789823,0.0806854111168682
"Nelder-Mead49",0.93154296875,13.6782005299459,24,NA,NA,0,TRUE,TRUE,0.220999999999997,0.898626606509312,0.950947229379613,1.20183128487424,"MKT","sdf:sl stdv:0.2 #d:15 #f:20 #y:19 .140",60,0,12,"ALL","EW_VYP","L2_Lasso","linear",2020-06-17 22:50:17,13.6782005299459,NA,NA,NA
"Nelder-Mead139",0.731996621259329,12.4666118612099,67,NA,NA,0,FALSE,TRUE,0.632000000000005,0.139861587076163,0.999297795179863,0.0726478530896655,"Alpha","sdf:sl stdv:0.2 #d:15 #f:20 #y:19 .140",60,0,12,"ALL","EW_VYP","L2_Lasso","linear",2020-06-17 22:50:20,12.4666118612099,0.00159227227813652,0.000863857825950726,0.000423766893063256
"Nelder-Mead50",0.7806640625,12.2588881887461,26,NA,NA,0,TRUE,TRUE,0.254000000000005,1.93407986317904,0.671410320417621,1.57460588519531,"MKT","sdf:sl stdv:0.2 #d:15 #f:20 #y:19 .141",60,0,12,"ALL","EW_VYP","L2_Lasso","linear",2020-06-17 22:50:18,12.2588881887461,NA,NA,NA
"Nelder-Mead140",0.675026635295108,12.1673122349262,89,NA,NA,0,FALSE,TRUE,0.866999999999997,0.370158151059725,0.992791073644587,0.164874176571225,"Alpha","sdf:sl stdv:0.2 #d:15 #f:20 #y:19 .141",60,0,12,"ALL","EW_VYP","L2_Lasso","linear",2020-06-17 22:50:22,12.1673122349262,0.000682978462233438,0.000833701274684086,0.000676397455774313
"Nelder-Mead51",1.046875,10.9985424606425,20,NA,NA,0,TRUE,TRUE,0.201000000000001,1.96833363856623,0.926486987746872,1.71595373296974,"MKT","sdf:sl stdv:0.2 #d:15 #f:20 #y:19 .142",60,0,12,"ALL","EW_VYP","L2_Lasso","linear",2020-06-17 22:50:21,10.9985424606425,NA,NA,NA
"Nelder-Mead141",0.959901598201628,10.9301504802561,65,NA,NA,0,FALSE,TRUE,0.621000000000002,9.81042865443709,0.925523482254009,4.91628913484949,"Alpha","sdf:sl stdv:0.2 #d:15 #f:20 #y:19 .142",60,0,12,"ALL","EW_VYP","L2_Lasso","linear",2020-06-17 22:50:24,10.9301504802561,0.00046854197379389,0.113677931216028,0.051670865078163
"Nelder-Mead52",1.434375,19.268018313771,24,NA,NA,0,TRUE,TRUE,0.213000000000001,0.726130518627479,0.75244814013939,1.70895143254443,"MKT","sdf:sl stdv:0.2 #d:15 #f:20 #y:19 .143",60,0,12,"ALL","EW_VYP","L2_Lasso","linear",2020-06-17 22:50:21,19.268018313771,NA,NA,NA
"Nelder-Mead142",1.37911701493206,19.2349281426652,69,NA,NA,0,FALSE,TRUE,0.689,0.551671551524345,0.978365996014413,0.25801340969542,"Alpha","sdf:sl stdv:0.2 #d:15 #f:20 #y:19 .143",60,0,12,"ALL","EW_VYP","L2_Lasso","linear",2020-06-17 22:50:23,19.2349281426652,0.000346593002262457,0.000191648558559278,0.000510323774839236
"Nelder-Mead53",1.0859375,13.8148602798305,20,NA,NA,0,TRUE,TRUE,0.175000000000004,1.49120162114202,0.898030157683096,2.20978073537781,"MKT","sdf:sl stdv:0.2 #d:15 #f:20 #y:19 .144",60,0,12,"ALL","EW_VYP","L2_Lasso","linear",2020-06-17 22:50:23,13.8148602798305,NA,NA,NA
"Nelder-Mead143",0.845844729043338,12.9440088949718,95,NA,NA,0,FALSE,TRUE,0.939999999999998,30.5420863271604,1.53475517270518e-05,15.0249323764735,"Alpha","sdf:sl stdv:0.2 #d:15 #f:20 #y:19 .144",60,0,12,"ALL","EW_VYP","L2_Lasso","linear",2020-06-17 22:50:27,12.9440088949718,0.00158255818198989,0.119307693191907,0.0821613969346841
"Nelder-Mead54",1.180078125,17.6617953149095,22,NA,NA,0,TRUE,TRUE,0.215000000000003,5.46012073909112,0.325485245895736,6.60419103198056,"MKT","sdf:sl stdv:0.2 #d:15 #f:20 #y:19 .145",60,0,12,"ALL","EW_VYP","L2_Lasso","linear",2020-06-17 22:50:24,17.6617953149095,NA,NA,NA
"Nelder-Mead144",0.849272099088078,16.4083578349593,67,NA,NA,0,FALSE,TRUE,0.672000000000004,40.3463297767765,9.29601673416158e-09,17.7162715416155,"Alpha","sdf:sl stdv:0.2 #d:15 #f:20 #y:19 .145",60,0,12,"ALL","EW_VYP","L2_Lasso","linear",2020-06-17 22:50:27,16.4083578349593,0.00220388913268419,0.185472000783162,0.0896064341981089
"Nelder-Mead55",1.252734375,13.312071271382,22,NA,NA,0,TRUE,TRUE,0.217000000000006,1.03854532130646,0.792954406970689,1.64674889441726,"MKT","sdf:sl stdv:0.2 #d:15 #f:20 #y:19 .146",60,0,12,"ALL","EW_VYP","L2_Lasso","linear",2020-06-17 22:50:25,13.312071271382,NA,NA,NA
"Nelder-Mead145",1.3692299935909,13.170665902447,105,NA,NA,0,FALSE,TRUE,1.082,0.425837273997081,0.987715138291736,0.199248684017758,"Alpha","sdf:sl stdv:0.2 #d:15 #f:20 #y:19 .146",60,0,12,"ALL","EW_VYP","L2_Lasso","linear",2020-06-17 22:50:27,13.170665902447,-0.00067126072956443,0.000182964870151129,0.000297567252868071
"Nelder-Mead56",1.2203125,19.3083225972625,18,NA,NA,0,TRUE,TRUE,0.168999999999997,1.83143758022748,0.68658882547906,2.28874334872247,"MKT","sdf:sl stdv:0.2 #d:15 #f:20 #y:19 .147",60,0,12,"ALL","EW_VYP","L2_Lasso","linear",2020-06-17 22:50:28,19.3083225972625,NA,NA,NA
"Nelder-Mead146",0.810197587568071,17.4500004320819,95,NA,NA,0,FALSE,TRUE,0.995000000000005,3.32099403530333,0.819759588594146,2.66484363848848,"Alpha","sdf:sl stdv:0.2 #d:15 #f:20 #y:19 .147",60,0,12,"ALL","EW_VYP","L2_Lasso","linear",2020-06-17 22:50:31,17.4500004320819,0.00260750214555401,0.0542568668939172,0.0253216463878783
"Nelder-Mead57",0.9796875,10.5792942667967,24,NA,NA,0,TRUE,TRUE,0.230000000000004,0.838098700623038,0.986417565160646,0.705053133257976,"MKT","sdf:sl stdv:0.2 #d:15 #f:20 #y:19 .148",60,0,12,"ALL","EW_VYP","L2_Lasso","linear",2020-06-17 22:50:28,10.5792942667967,NA,NA,NA
"Nelder-Mead147",0.923551807507244,10.5155270027437,65,NA,NA,0,FALSE,TRUE,0.640999999999998,6.83217785919494,0.87248028637328,3.15242118968576,"Alpha","sdf:sl stdv:0.2 #d:15 #f:20 #y:19 .148",60,0,12,"ALL","EW_VYP","L2_Lasso","linear",2020-06-17 22:50:32,10.5155270027437,0.00038184298667705,0.0631346271190101,0.0275409850218857
"Nelder-Mead58",1.16083984375,13.4072157649759,24,NA,NA,0,TRUE,TRUE,0.208999999999996,0.516002913031375,0.933856447300853,1.25607540416005,"MKT","sdf:sl stdv:0.2 #d:15 #f:20 #y:19 .149",60,0,12,"ALL","EW_VYP","L2_Lasso","linear",2020-06-17 22:50:28,13.4072157649759,NA,NA,NA
"Nelder-Mead148",1.27874653370142,13.2630340030403,67,NA,NA,0,FALSE,TRUE,0.690999999999995,5.15620063107502,0.355954538855884,2.77767542893587,"Alpha","sdf:sl stdv:0.2 #d:15 #f:20 #y:19 .149",60,0,12,"ALL","EW_VYP","L2_Lasso","linear",2020-06-17 22:50:30,13.2630340030403,-0.000680311612341944,0.0812280018944308,0.0314953605192037
"Nelder-Mead59",0.930078125,11.6868210403743,24,NA,NA,0,TRUE,TRUE,0.232999999999997,4.41470338752519,0.757561658533951,4.5570176140287,"MKT","sdf:sl stdv:0.2 #d:15 #f:20 #y:19 .150",60,0,12,"ALL","EW_VYP","L2_Lasso","linear",2020-06-17 22:50:31,11.6868210403743,NA,NA,NA
"Nelder-Mead149",1.20851070438806,10.8002610080396,65,NA,NA,0,FALSE,TRUE,0.655000000000001,148.288590141405,0,60.0591092164819,"Alpha","sdf:sl stdv:0.2 #d:15 #f:20 #y:19 .150",60,0,12,"ALL","EW_VYP","L2_Lasso","linear",2020-06-17 22:50:33,10.8002610080396,-0.00174232660138518,2.05009092050408,0.831616646159731
"Nelder-Mead60",1.0548828125,16.3570091304818,20,NA,NA,0,TRUE,TRUE,0.192999999999998,2.89201015097252,0.873888179493392,3.5962805529578,"MKT","sdf:sl stdv:0.2 #d:15 #f:20 #y:19 .151",60,0,12,"ALL","EW_VYP","L2_Lasso","linear",2020-06-17 22:50:32,16.3570091304818,NA,NA,NA
"Nelder-Mead150",0.701227587805161,15.0345049732184,69,NA,NA,0,FALSE,TRUE,0.691000000000003,4.21800809021607,0.451932791283676,2.76615885326668,"Alpha","sdf:sl stdv:0.2 #d:15 #f:20 #y:19 .151",60,0,12,"ALL","EW_VYP","L2_Lasso","linear",2020-06-17 22:50:35,15.0345049732184,0.0022865432761769,0.0493842098096757,0.0235559133004789
"Nelder-Mead61",0.847265625,10.9024740603964,26,NA,NA,0,TRUE,TRUE,0.260000000000005,2.94556324862512,0.652790651322686,5.38116314505679,"MKT","sdf:sl stdv:0.2 #d:15 #f:20 #y:19 .152",60,0,12,"ALL","EW_VYP","L2_Lasso","linear",2020-06-17 22:50:33,10.9024740603964,NA,NA,NA
"Nelder-Mead151",0.766661467170125,10.8375655967543,67,NA,NA,0,FALSE,TRUE,0.603000000000002,0.553117892690605,0.991705870999343,0.390451268793309,"Alpha","sdf:sl stdv:0.2 #d:15 #f:20 #y:19 .152",60,0,12,"ALL","EW_VYP","L2_Lasso","linear",2020-06-17 22:50:36,10.8375655967543,0.000480824568378857,0.000355586765124668,0.000972879590161706
"Nelder-Mead62",1.081640625,16.4833650182675,20,NA,NA,0,TRUE,TRUE,0.161999999999999,1.03986398490859,0.932344751072158,0.770740378041623,"MKT","sdf:sl stdv:0.2 #d:15 #f:20 #y:19 .153",60,0,12,"ALL","EW_VYP","L2_Lasso","linear",2020-06-17 22:50:34,16.4833650182675,NA,NA,NA
"Nelder-Mead152",0.688732649809292,15.3320497252751,73,NA,NA,0,FALSE,TRUE,0.655999999999999,0.114139311140827,0.999369142576674,0.0655421579495011,"Alpha","sdf:sl stdv:0.2 #d:15 #f:20 #y:19 .153",60,0,12,"ALL","EW_VYP","L2_Lasso","linear",2020-06-17 22:50:37,15.3320497252751,0.00242816111588127,0.000671874021949598,0.000373113195401952
"Nelder-Mead63",0.956640625,39.973716047775,20,NA,NA,0,TRUE,TRUE,0.198999999999998,0.748217482060371,0.974119375650767,1.30728379487986,"MKT","sdf:sl stdv:0.2 #d:15 #f:20 #y:19 .154",60,0,12,"ALL","EW_VYP","L2_Lasso","linear",2020-06-17 22:50:37,39.973716047775,NA,NA,NA
"Nelder-Mead153",-0.50802505232252,24.799764599939,117,NA,NA,0,FALSE,TRUE,1.122,78.8995060350909,0,29.7400606853466,"Alpha","sdf:sl stdv:0.2 #d:15 #f:20 #y:19 .154",60,0,12,"ALL","EW_VYP","L2_Lasso","linear",2020-06-17 22:50:41,24.799764599939,0.0119448249069892,0.530676725218641,0.200582850592314
"Nelder-Mead64",0.7458984375,13.2531431219822,26,NA,NA,0,TRUE,TRUE,0.242999999999995,2.56410243713829,0.514696393103704,5.03369443134624,"MKT","sdf:sl stdv:0.2 #d:15 #f:20 #y:19 .155",60,0,12,"ALL","EW_VYP","L2_Lasso","linear",2020-06-17 22:50:38,13.2531431219822,NA,NA,NA
"Nelder-Mead154",0.632200352898653,13.1403612923054,91,NA,NA,0,FALSE,TRUE,0.87700000000001,0.0768853370797435,0.999600246710879,0.173848430033165,"Alpha","sdf:sl stdv:0.2 #d:15 #f:20 #y:19 .155",60,0,12,"ALL","EW_VYP","L2_Lasso","linear",2020-06-17 22:50:41,13.1403612923054,0.000692921372029123,0.00037949930491128,0.000390744928973438
"Nelder-Mead65",0.83984375,10.8233767966908,26,NA,NA,0,TRUE,TRUE,0.267000000000003,1.16271265082093,0.852275614054018,2.1707282146118,"MKT","sdf:sl stdv:0.2 #d:15 #f:20 #y:19 .156",60,0,12,"ALL","EW_VYP","L2_Lasso","linear",2020-06-17 22:50:39,10.8233767966908,NA,NA,NA
"Nelder-Mead155",1.00739845585487,10.4680086549204,55,NA,NA,0,FALSE,TRUE,0.557000000000002,5.20908003784774,0.999255320664249,2.38068026294904,"Alpha","sdf:sl stdv:0.2 #d:15 #f:20 #y:19 .156",60,0,12,"ALL","EW_VYP","L2_Lasso","linear",2020-06-17 22:50:40,10.4680086549204,-0.00106509477921008,0.0572771456732608,0.0238297168883514
"Nelder-Mead66",1.15732421875,11.2609120201163,24,NA,NA,0,TRUE,TRUE,0.216999999999999,4.85830449969141,0.444671231611208,5.41886501164335,"MKT","sdf:sl stdv:0.2 #d:15 #f:20 #y:19 .157",60,0,12,"ALL","EW_VYP","L2_Lasso","linear",2020-06-17 22:50:41,11.2609120201163,NA,NA,NA
"Nelder-Mead156",1.01129199551463,11.0005744292187,61,NA,NA,0,FALSE,TRUE,0.59899999999999,0.263936024183484,0.999995558285071,0.153970844016458,"Alpha","sdf:sl stdv:0.2 #d:15 #f:20 #y:19 .157",60,0,12,"ALL","EW_VYP","L2_Lasso","linear",2020-06-17 22:50:43,11.0005744292187,0.000832091581504813,0.00048084238504586,0.000433318993819337
"Nelder-Mead67",1.234375,19.0510677198456,20,NA,NA,0,TRUE,TRUE,0.179000000000002,4.85703848248413,0.254966685737516,10.4616572699738,"MKT","sdf:sl stdv:0.2 #d:15 #f:20 #y:19 .158",60,0,12,"ALL","EW_VYP","L2_Lasso","linear",2020-06-17 22:50:42,19.0510677198456,NA,NA,NA
"Nelder-Mead157",0.956645433660969,18.5385945469807,59,NA,NA,0,FALSE,TRUE,0.546000000000006,43.9149116488945,0.163349618059475,31.2077551465149,"Alpha","sdf:sl stdv:0.2 #d:15 #f:20 #y:19 .158",60,0,12,"ALL","EW_VYP","L2_Lasso","linear",2020-06-17 22:50:44,18.5385945469807,0.00157683932729924,0.192965242919801,0.130263794922138
"Nelder-Mead68",1.2216796875,22.0373696922623,22,NA,NA,0,TRUE,TRUE,0.182000000000002,4.36458433175188,0.333274309606984,3.56843463042094,"MKT","sdf:sl stdv:0.2 #d:15 #f:20 #y:19 .159",60,0,12,"ALL","EW_VYP","L2_Lasso","linear",2020-06-17 22:50:42,22.0373696922623,NA,NA,NA
"Nelder-Mead158",0.720238214755364,19.7906142333316,75,NA,NA,0,FALSE,TRUE,0.715999999999994,3.20237676732936,0.669336188341032,2.7809516212539,"Alpha","sdf:sl stdv:0.2 #d:15 #f:20 #y:19 .159",60,0,12,"ALL","EW_VYP","L2_Lasso","linear",2020-06-17 22:50:45,19.7906142333316,0.00346895639537128,0.0484445586546071,0.032670334899988
"Nelder-Mead69",1.1689453125,8.70698761702483,24,NA,NA,0,TRUE,TRUE,0.219000000000008,3.65555772438057,0.536846071862529,3.38580803134353,"MKT","sdf:sl stdv:0.2 #d:15 #f:20 #y:19 .160",60,0,12,"ALL","EW_VYP","L2_Lasso","linear",2020-06-17 22:50:44,8.70698761702483,NA,NA,NA
"Nelder-Mead159",1.20574960189756,8.68580115806774,75,NA,NA,0,FALSE,TRUE,0.673999999999992,29.672735698843,8.05721389607328e-09,13.338949849383,"Alpha","sdf:sl stdv:0.2 #d:15 #f:20 #y:19 .160",60,0,12,"ALL","EW_VYP","L2_Lasso","linear",2020-06-17 22:50:45,8.68580115806774,-0.000198519904091654,0.206174118132914,0.0862640098266551
"Nelder-Mead70",1.2603515625,13.9823690127472,26,NA,NA,0,TRUE,TRUE,0.241,1.97078379538829,0.607883721431712,1.73851062915525,"MKT","sdf:sl stdv:0.2 #d:15 #f:20 #y:19 .161",60,0,12,"ALL","EW_VYP","L2_Lasso","linear",2020-06-17 22:50:45,13.9823690127472,NA,NA,NA
"Nelder-Mead160",1.04363064063319,13.3000287244156,63,NA,NA,0,FALSE,TRUE,0.62700000000001,0.0840948943743484,0.999993267436713,0.0631947050446222,"Alpha","sdf:sl stdv:0.2 #d:15 #f:20 #y:19 .161",60,0,12,"ALL","EW_VYP","L2_Lasso","linear",2020-06-17 22:50:47,13.3000287244156,0.0014281036202874,0.000299812906052674,0.00023463643330967
"Nelder-Mead71",1.21484375,14.4310282762951,22,NA,NA,0,TRUE,TRUE,0.189999999999998,1.7934450195914,0.700007417609754,3.36126860841045,"MKT","sdf:sl stdv:0.2 #d:15 #f:20 #y:19 .162",60,0,12,"ALL","EW_VYP","L2_Lasso","linear",2020-06-17 22:50:46,14.4310282762951,NA,NA,NA
"Nelder-Mead161",1.03629429312449,13.9171311642813,63,NA,NA,0,FALSE,TRUE,0.628,19.033018403147,0.787732738094242,11.2129010678616,"Alpha","sdf:sl stdv:0.2 #d:15 #f:20 #y:19 .162",60,0,12,"ALL","EW_VYP","L2_Lasso","linear",2020-06-17 22:50:48,13.9171311642813,0.00121293284848889,0.0407380493715524,0.036537813192692
"Nelder-Mead72",0.930859375,50.3357541839693,20,NA,NA,0,TRUE,TRUE,0.162999999999997,0.272760121826218,0.984953742301016,0.464387528518352,"MKT","sdf:sl stdv:0.2 #d:15 #f:20 #y:19 .163",60,0,12,"ALL","EW_VYP","L2_Lasso","linear",2020-06-17 22:50:47,50.3357541839693,NA,NA,NA
"Nelder-Mead162",-0.385074110480795,20.0284921107343,81,NA,NA,0,FALSE,TRUE,0.805000000000007,0.363798237479178,0.880764292982162,0.134731065989013,"Alpha","sdf:sl stdv:0.2 #d:15 #f:20 #y:19 .163",60,0,12,"ALL","EW_VYP","L2_Lasso","linear",2020-06-17 22:50:50,20.0284921107343,0.0105361446934403,0.00262359097432913,0.000996046131359104
"Nelder-Mead73",1.138671875,12.8782733105488,20,NA,NA,0,TRUE,TRUE,0.160000000000011,0.745623239254737,0.917647914760622,1.53223849778909,"MKT","sdf:sl stdv:0.2 #d:15 #f:20 #y:19 .164",60,0,12,"ALL","EW_VYP","L2_Lasso","linear",2020-06-17 22:50:48,12.8782733105488,NA,NA,NA
"Nelder-Mead163",0.950107337257165,12.413385237554,63,NA,NA,0,FALSE,TRUE,0.576000000000008,3.6974075626253,0.983116771801497,2.95621565357434,"Alpha","sdf:sl stdv:0.2 #d:15 #f:20 #y:19 .164",60,0,12,"ALL","EW_VYP","L2_Lasso","linear",2020-06-17 22:50:50,12.413385237554,0.00120410181089596,0.0581945546596172,0.0227122574628306
"Nelder-Mead74",0.86953125,11.0289174154526,24,NA,NA,0,TRUE,TRUE,0.213000000000008,0.872378581860705,0.909381955940894,1.74272446688252,"MKT","sdf:sl stdv:0.2 #d:15 #f:20 #y:19 .165",60,0,12,"ALL","EW_VYP","L2_Lasso","linear",2020-06-17 22:50:49,11.0289174154526,NA,NA,NA
"Nelder-Mead164",1.27541592616562,9.09615665666749,107,NA,NA,0,FALSE,TRUE,0.941999999999993,0.436975394352785,0.992784024489221,0.16034057189093,"Alpha","sdf:sl stdv:0.2 #d:15 #f:20 #y:19 .165",60,0,12,"ALL","EW_VYP","L2_Lasso","linear",2020-06-17 22:50:51,9.09615665666749,-0.00244970227306703,0.000275407085677516,0.00026738165571526
"Nelder-Mead75",1.05107421875,13.8709689184033,22,NA,NA,0,TRUE,TRUE,0.203999999999994,1.13007845939277,0.953973355686695,1.6359396304982,"MKT","sdf:sl stdv:0.2 #d:15 #f:20 #y:19 .166",60,0,12,"ALL","EW_VYP","L2_Lasso","linear",2020-06-17 22:50:51,13.8709689184033,NA,NA,NA
"Nelder-Mead165",0.823494916122636,12.9994471051609,69,NA,NA,0,FALSE,TRUE,0.679999999999993,0.246486344048393,0.999054061401603,0.101134640824888,"Alpha","sdf:sl stdv:0.2 #d:15 #f:20 #y:19 .166",60,0,12,"ALL","EW_VYP","L2_Lasso","linear",2020-06-17 22:50:54,12.9994471051609,0.00161659344430767,0.000170379029757599,0.000409960370493956
"Nelder-Mead76",0.94609375,39.9997563769566,22,NA,NA,0,TRUE,TRUE,0.201999999999998,3.21605999470575,0.862363957472958,2.56027052532514,"MKT","sdf:sl stdv:0.2 #d:15 #f:20 #y:19 .167",60,0,12,"ALL","EW_VYP","L2_Lasso","linear",2020-06-17 22:50:52,39.9997563769566,NA,NA,NA
"Nelder-Mead166",-0.356371409500782,26.4031227268097,111,NA,NA,0,TRUE,TRUE,1.13600000000001,52.4961434160932,0,19.2962853482441,"Alpha","sdf:sl stdv:0.2 #d:15 #f:20 #y:19 .167",60,0,12,"ALL","EW_VYP","L2_Lasso","linear",2020-06-17 22:50:56,26.4031227268097,0.00995448021568188,0.27862475068149,0.101588175053186
"Nelder-Mead77",0.96669921875,7.77277741063141,24,NA,NA,0,TRUE,TRUE,0.230999999999995,2.63708009689178,0.930022263068716,3.00725181152024,"MKT","sdf:sl stdv:0.2 #d:15 #f:20 #y:19 .168",60,0,12,"ALL","EW_VYP","L2_Lasso","linear",2020-06-17 22:50:52,7.77277741063141,NA,NA,NA
"Nelder-Mead167",0.923248069688902,7.7198111967843,65,NA,NA,0,FALSE,TRUE,0.623999999999995,8.60426967626501,0.804063605881381,4.18560879505249,"Alpha","sdf:sl stdv:0.2 #d:15 #f:20 #y:19 .168",60,0,12,"ALL","EW_VYP","L2_Lasso","linear",2020-06-17 22:50:55,7.7198111967843,0.000297642489031347,0.088337221350845,0.0375256618349147
"Nelder-Mead78",0.9701171875,13.6134433075087,22,NA,NA,0,TRUE,TRUE,0.198000000000008,9.40304323767161,0.778718546889778,10.0789044544892,"MKT","sdf:sl stdv:0.2 #d:15 #f:20 #y:19 .169",60,0,12,"ALL","EW_VYP","L2_Lasso","linear",2020-06-17 22:50:55,13.6134433075087,NA,NA,NA
"Nelder-Mead168",0.894279112019924,13.5412607154362,63,NA,NA,0,FALSE,TRUE,0.588999999999999,3.23559512721068,0.943174329033469,3.51428532890671,"Alpha","sdf:sl stdv:0.2 #d:15 #f:20 #y:19 .169",60,0,12,"ALL","EW_VYP","L2_Lasso","linear",2020-06-17 22:50:58,13.5412607154362,0.000488791332639948,0.0525286562194873,0.0242361342460588
"Nelder-Mead79",0.884765625,11.2092252492676,22,NA,NA,0,TRUE,TRUE,0.213000000000008,3.52627027077052,0.684487251544199,3.52660680860786,"MKT","sdf:sl stdv:0.2 #d:15 #f:20 #y:19 .170",60,0,12,"ALL","EW_VYP","L2_Lasso","linear",2020-06-17 22:50:57,11.2092252492676,NA,NA,NA
"Nelder-Mead169",1.17187985470652,10.3557749156689,67,NA,NA,0,FALSE,TRUE,0.609999999999999,50.7168307396929,0,20.7129454697926,"Alpha","sdf:sl stdv:0.2 #d:15 #f:20 #y:19 .170",60,0,12,"ALL","EW_VYP","L2_Lasso","linear",2020-06-17 22:50:58,10.3557749156689,-0.00164198557093371,0.828730400447317,0.337450268490407
"Nelder-Mead80",0.81083984375,11.7204127638064,26,NA,NA,0,TRUE,TRUE,0.248999999999995,1.69040876484878,0.749151798978735,2.48332621066015,"MKT","sdf:sl stdv:0.2 #d:15 #f:20 #y:19 .171",60,0,12,"ALL","EW_VYP","L2_Lasso","linear",2020-06-17 22:50:57,11.7204127638064,NA,NA,NA
"Nelder-Mead170",0.814952081407668,11.7202002816161,69,NA,NA,0,FALSE,TRUE,0.643000000000001,5.53872587741108,0.59141476014675,3.18197156382119,"Alpha","sdf:sl stdv:0.2 #d:15 #f:20 #y:19 .171",60,0,12,"ALL","EW_VYP","L2_Lasso","linear",2020-06-17 22:51:00,11.7202002816161,-2.81083091222604e-05,0.0977226365433644,0.0416194008280881
"Nelder-Mead81",1.10068359375,13.8542963121983,22,NA,NA,0,TRUE,TRUE,0.216999999999999,2.70276663073627,0.785526478355026,4.20678535584908,"MKT","sdf:sl stdv:0.2 #d:15 #f:20 #y:19 .172",60,0,12,"ALL","EW_VYP","L2_Lasso","linear",2020-06-17 22:50:58,13.8542963121983,NA,NA,NA
"Nelder-Mead171",1.0058541213234,13.7447432786485,75,NA,NA,0,FALSE,TRUE,0.677999999999997,77.252714365185,0.902988584065416,32.1898215702847,"Alpha","sdf:sl stdv:0.2 #d:15 #f:20 #y:19 .172",60,0,12,"ALL","EW_VYP","L2_Lasso","linear",2020-06-17 22:51:00,13.7447432786485,0.000620849614918942,0.778028487018773,0.3239395596866
"Nelder-Mead82",1.383203125,13.3734885953481,26,NA,NA,0,TRUE,TRUE,0.234999999999999,0.460544413448908,0.859915242751985,0.545909201681092,"MKT","sdf:sl stdv:0.2 #d:15 #f:20 #y:19 .173",60,0,12,"ALL","EW_VYP","L2_Lasso","linear",2020-06-17 22:50:59,13.3734885953481,NA,NA,NA
"Nelder-Mead172",1.3037536734618,13.2384219100262,103,NA,NA,0,FALSE,TRUE,0.954999999999998,0.877465421006403,0.965103118533035,0.844289364069604,"Alpha","sdf:sl stdv:0.2 #d:15 #f:20 #y:19 .173",60,0,12,"ALL","EW_VYP","L2_Lasso","linear",2020-06-17 22:51:01,13.2384219100262,0.000518784770145532,0.00245568063047081,0.00115277599433222
"Nelder-Mead83",1.0015625,11.7939050382774,22,NA,NA,0,TRUE,TRUE,0.213000000000008,1.12781981802548,0.99859395382121,2.05991179468412,"MKT","sdf:sl stdv:0.2 #d:15 #f:20 #y:19 .174",60,0,12,"ALL","EW_VYP","L2_Lasso","linear",2020-06-17 22:51:01,11.7939050382774,NA,NA,NA
"Nelder-Mead173",0.858989121025615,11.5517867220439,63,NA,NA,0,FALSE,TRUE,0.582999999999998,6.86025949905991,0.626418913077402,5.02366666538934,"Alpha","sdf:sl stdv:0.2 #d:15 #f:20 #y:19 .174",60,0,12,"ALL","EW_VYP","L2_Lasso","linear",2020-06-17 22:51:04,11.5517867220439,0.000881202716936969,0.211258821615468,0.0825004257455399
"Nelder-Mead84",0.8361328125,8.72169518233662,26,NA,NA,0,TRUE,TRUE,0.208999999999989,1.34278679556478,0.825841018406631,2.09814458820765,"MKT","sdf:sl stdv:0.2 #d:15 #f:20 #y:19 .175",60,0,12,"ALL","EW_VYP","L2_Lasso","linear",2020-06-17 22:51:01,8.72169518233662,NA,NA,NA
"Nelder-Mead174",0.899749864594296,8.67503491312308,65,NA,NA,0,FALSE,TRUE,0.654000000000011,5.92020529212529,0.838527182168131,2.86390831975679,"Alpha","sdf:sl stdv:0.2 #d:15 #f:20 #y:19 .175",60,0,12,"ALL","EW_VYP","L2_Lasso","linear",2020-06-17 22:51:04,8.67503491312308,-0.000368344344424543,0.0627442343925761,0.0258602355422403
"Nelder-Mead85",0.93349609375,9.81214162960598,24,NA,NA,0,TRUE,TRUE,0.192000000000007,0.804404011506209,0.957336710479822,2.06785491288474,"MKT","sdf:sl stdv:0.2 #d:15 #f:20 #y:19 .176",60,0,12,"ALL","EW_VYP","L2_Lasso","linear",2020-06-17 22:51:02,9.81214162960598,NA,NA,NA
"Nelder-Mead175",0.829965356586499,9.66812623421136,69,NA,NA,0,FALSE,TRUE,0.623000000000005,40.1754953017044,7.34329264062694e-11,17.0358593043532,"Alpha","sdf:sl stdv:0.2 #d:15 #f:20 #y:19 .176",60,0,12,"ALL","EW_VYP","L2_Lasso","linear",2020-06-17 22:51:05,9.66812623421136,0.000635652342297988,0.42021610166354,0.1717095578965
"Nelder-Mead86",1.6146484375,19.3254793283287,28,NA,NA,0,TRUE,TRUE,0.228999999999999,1.23853704198934,0.446498886263964,1.17798577121047,"MKT","sdf:sl stdv:0.2 #d:15 #f:20 #y:19 .177",60,0,12,"ALL","EW_VYP","L2_Lasso","linear",2020-06-17 22:51:04,19.3254793283287,NA,NA,NA
"Nelder-Mead176",1.84059700661504,18.395015214756,73,NA,NA,0,FALSE,TRUE,0.694000000000003,22.7626299207014,0,11.3804701717882,"Alpha","sdf:sl stdv:0.2 #d:15 #f:20 #y:19 .177",60,0,12,"ALL","EW_VYP","L2_Lasso","linear",2020-06-17 22:51:06,18.395015214756,-0.00161071706716323,0.11517818840272,0.0708169103903918
"Nelder-Mead87",1.4611328125,16.604786697005,26,NA,NA,0,TRUE,TRUE,0.197000000000003,0.902011503632875,0.67744871194609,1.14374762778263,"MKT","sdf:sl stdv:0.2 #d:15 #f:20 #y:19 .178",60,0,12,"ALL","EW_VYP","L2_Lasso","linear",2020-06-17 22:51:05,16.604786697005,NA,NA,NA
"Nelder-Mead177",1.63022970232468,16.1603629362314,69,NA,NA,0,TRUE,TRUE,0.667000000000002,104.107415527812,0,53.976323862178,"Alpha","sdf:sl stdv:0.2 #d:15 #f:20 #y:19 .178",60,0,12,"ALL","EW_VYP","L2_Lasso","linear",2020-06-17 22:51:07,16.1603629362314,-0.00106824217180019,0.425611288568525,0.230910339652967
"Nelder-Mead88",0.95009765625,11.5915215304592,22,NA,NA,0,TRUE,TRUE,0.178000000000011,0.616662891584003,0.975450634032042,0.805534843395479,"MKT","sdf:sl stdv:0.2 #d:15 #f:20 #y:19 .179",60,0,12,"ALL","EW_VYP","L2_Lasso","linear",2020-06-17 22:51:06,11.5915215304592,NA,NA,NA
"Nelder-Mead178",0.759046487001449,11.0612974470398,67,NA,NA,0,FALSE,TRUE,0.65100000000001,14.2560585481982,0.0027384493487782,6.92665990901645,"Alpha","sdf:sl stdv:0.2 #d:15 #f:20 #y:19 .179",60,0,12,"ALL","EW_VYP","L2_Lasso","linear",2020-06-17 22:51:09,11.0612974470398,0.00126084640676472,0.13588469650693,0.0621206670445105
"Nelder-Mead89",1.55625,25.0250494123034,20,NA,NA,0,TRUE,TRUE,0.182000000000002,3.24655925062681,0.0709341824658434,3.41435664750672,"MKT","sdf:sl stdv:0.2 #d:15 #f:20 #y:19 .180",60,0,12,"ALL","EW_VYP","L2_Lasso","linear",2020-06-17 22:51:07,25.0250494123034,NA,NA,NA
"Nelder-Mead179",1.1680683404757,23.9039568196335,67,NA,NA,0,FALSE,TRUE,0.617999999999995,1.4524850327097,0.970653639659925,0.797973726200661,"Alpha","sdf:sl stdv:0.2 #d:15 #f:20 #y:19 .180",60,0,12,"ALL","EW_VYP","L2_Lasso","linear",2020-06-17 22:51:09,23.9039568196335,0.00239080574800496,0.0191103355169455,0.00984468140331518
"Nelder-Mead90",1.768359375,25.2483781124676,26,NA,NA,0,TRUE,TRUE,0.234999999999999,7.0222587077843,6.82879768287847e-08,3.44320023783518,"MKT","sdf:sl stdv:0.2 #d:15 #f:20 #y:19 .181",60,0,12,"ALL","EW_VYP","L2_Lasso","linear",2020-06-17 22:51:08,25.2483781124676,NA,NA,NA
"Nelder-Mead180",1.33756288162444,24.1216044382369,79,NA,NA,0,FALSE,TRUE,0.774000000000001,2.36556957382078,0.727056222408302,0.996912436316418,"Alpha","sdf:sl stdv:0.2 #d:15 #f:20 #y:19 .181",60,0,12,"ALL","EW_VYP","L2_Lasso","linear",2020-06-17 22:51:10,24.1216044382369,0.00232731590728691,0.0438486221121437,0.0241641242515905
"Nelder-Mead91",1.4447265625,17.7480835365143,26,NA,NA,0,TRUE,TRUE,0.209000000000003,0.3918655122413,0.8616509156624,0.840726996892694,"MKT","sdf:sl stdv:0.2 #d:15 #f:20 #y:19 .182",60,0,12,"ALL","EW_VYP","L2_Lasso","linear",2020-06-17 22:51:09,17.7480835365143,NA,NA,NA
"Nelder-Mead181",1.23204853967188,17.1798540536707,71,NA,NA,0,FALSE,TRUE,0.756,3.64397707031014,0.699419367410064,4.42629682189034,"Alpha","sdf:sl stdv:0.2 #d:15 #f:20 #y:19 .182",60,0,12,"ALL","EW_VYP","L2_Lasso","linear",2020-06-17 22:51:11,17.1798540536707,0.00130443945021064,0.00221386129256372,0.00153252734391765
"Nelder-Mead92",0.9888671875,10.7549808086322,22,NA,NA,0,TRUE,TRUE,0.199000000000012,2.19564469617223,0.980498690594211,2.04700384936985,"MKT","sdf:sl stdv:0.2 #d:15 #f:20 #y:19 .183",60,0,12,"ALL","EW_VYP","L2_Lasso","linear",2020-06-17 22:51:11,10.7549808086322,NA,NA,NA
"Nelder-Mead182",0.941306773448258,10.7308542725296,63,NA,NA,0,TRUE,TRUE,0.632999999999996,7.63202038315171,0.904535660463603,3.4437598087051,"Alpha","sdf:sl stdv:0.2 #d:15 #f:20 #y:19 .183",60,0,12,"ALL","EW_VYP","L2_Lasso","linear",2020-06-17 22:51:14,10.7308542725296,0.000276132524106742,0.040432684592179,0.0200748911816643
"Nelder-Mead93",0.7939453125,10.8323287184966,24,NA,NA,0,TRUE,TRUE,0.234000000000009,1.55333164969649,0.748914305930537,2.55116976496219,"MKT","sdf:sl stdv:0.2 #d:15 #f:20 #y:19 .184",60,0,12,"ALL","EW_VYP","L2_Lasso","linear",2020-06-17 22:51:11,10.8323287184966,NA,NA,NA
"Nelder-Mead183",0.652567525307526,10.4396733468712,71,NA,NA,0,FALSE,TRUE,0.716999999999999,43.2177865600943,0,18.7901662312758,"Alpha","sdf:sl stdv:0.2 #d:15 #f:20 #y:19 .184",60,0,12,"ALL","EW_VYP","L2_Lasso","linear",2020-06-17 22:51:14,10.4396733468712,0.00100864314797872,1.93901484907056,0.813725954148065
"Nelder-Mead94",0.8798828125,13.8418334119146,24,NA,NA,0,TRUE,TRUE,0.196000000000012,0.950612620722539,0.909091210252082,1.28254912977066,"MKT","sdf:sl stdv:0.2 #d:15 #f:20 #y:19 .185",60,0,12,"ALL","EW_VYP","L2_Lasso","linear",2020-06-17 22:51:13,13.8418334119146,NA,NA,NA
"Nelder-Mead184",0.906265808984768,13.8371774653786,65,NA,NA,0,FALSE,TRUE,0.596000000000004,5.84313609527101,0.860723112218007,2.58521786310461,"Alpha","sdf:sl stdv:0.2 #d:15 #f:20 #y:19 .185",60,0,12,"ALL","EW_VYP","L2_Lasso","linear",2020-06-17 22:51:15,13.8371774653786,-0.000146452074432091,0.0768719876881965,0.0305285556678059
"Nelder-Mead95",1.18515625,9.51977922373552,26,NA,NA,0,TRUE,TRUE,0.24499999999999,1.35982038936275,0.801211701505375,2.0967551995069,"MKT","sdf:sl stdv:0.2 #d:15 #f:20 #y:19 .186",60,0,12,"ALL","EW_VYP","L2_Lasso","linear",2020-06-17 22:51:14,9.51977922373552,NA,NA,NA
"Nelder-Mead185",1.08624812522449,9.29226335291215,61,NA,NA,0,FALSE,TRUE,0.541000000000011,0.398734330996084,0.999408832295353,0.144943380962181,"Alpha","sdf:sl stdv:0.2 #d:15 #f:20 #y:19 .186",60,0,12,"ALL","EW_VYP","L2_Lasso","linear",2020-06-17 22:51:16,9.29226335291215,0.000676214507979011,0.000485232941523627,0.000432632505569961
"Nelder-Mead96",1.0359375,14.7583563128748,22,NA,NA,0,TRUE,TRUE,0.164999999999992,0.715313911518683,0.979491364588005,0.534991569470064,"MKT","sdf:sl stdv:0.2 #d:15 #f:20 #y:19 .187",60,0,12,"ALL","EW_VYP","L2_Lasso","linear",2020-06-17 22:51:15,14.7583563128748,NA,NA,NA
"Nelder-Mead186",0.783660971492506,13.1389603189566,69,NA,NA,0,FALSE,TRUE,0.671999999999997,42.1925361217679,0,26.3046636343939,"Alpha","sdf:sl stdv:0.2 #d:15 #f:20 #y:19 .187",60,0,12,"ALL","EW_VYP","L2_Lasso","linear",2020-06-17 22:51:18,13.1389603189566,0.00197122886557395,0.467676764140116,0.288064038288688
"Nelder-Mead97",1.1759765625,13.6615299338531,24,NA,NA,0,TRUE,TRUE,0.221999999999994,12.3074684994616,0.0303244857760366,18.7851615352936,"MKT","sdf:sl stdv:0.2 #d:15 #f:20 #y:19 .188",60,0,12,"ALL","EW_VYP","L2_Lasso","linear",2020-06-17 22:51:16,13.6615299338531,NA,NA,NA
"Nelder-Mead187",1.71738131686723,10.7842611597934,73,NA,NA,0,FALSE,TRUE,0.664999999999992,0.443318868809167,0.950685969487295,0.182298962083682,"Alpha","sdf:sl stdv:0.2 #d:15 #f:20 #y:19 .188",60,0,12,"ALL","EW_VYP","L2_Lasso","linear",2020-06-17 22:51:18,10.7842611597934,-0.00283995818307371,0.000409292050799357,0.000184422819330084
"Nelder-Mead98",0.983984375,11.5735062992547,22,NA,NA,0,TRUE,TRUE,0.190000000000012,1.84399459978465,0.976439718734739,3.50668364563167,"MKT","sdf:sl stdv:0.2 #d:15 #f:20 #y:19 .189",60,0,12,"ALL","EW_VYP","L2_Lasso","linear",2020-06-17 22:51:17,11.5735062992547,NA,NA,NA
"Nelder-Mead188",0.800833144366702,11.121220144095,65,NA,NA,0,FALSE,TRUE,0.626000000000005,4.34142128796801,0.688096025900168,3.04793882993366,"Alpha","sdf:sl stdv:0.2 #d:15 #f:20 #y:19 .189",60,0,12,"ALL","EW_VYP","L2_Lasso","linear",2020-06-17 22:51:20,11.121220144095,0.00115035380171324,0.00218783161998145,0.00122426578487084
"Nelder-Mead99",0.96484375,14.0220696867478,18,NA,NA,0,TRUE,TRUE,0.186000000000007,3.07151237423567,0.914009290893449,3.10820735414918,"MKT","sdf:sl stdv:0.2 #d:15 #f:20 #y:19 .190",60,0,12,"ALL","EW_VYP","L2_Lasso","linear",2020-06-17 22:51:19,14.0220696867478,NA,NA,NA
"Nelder-Mead189",0.805385335257068,13.8048378564967,71,NA,NA,0,FALSE,TRUE,0.702999999999989,1.5512531960609,0.955435280005735,2.16227918470606,"Alpha","sdf:sl stdv:0.2 #d:15 #f:20 #y:19 .190",60,0,12,"ALL","EW_VYP","L2_Lasso","linear",2020-06-17 22:51:22,13.8048378564967,0.000977538938934687,0.0793588610150536,0.0346887220113962
"Nelder-Mead100",0.94814453125,14.0971342051033,24,NA,NA,0,TRUE,TRUE,0.216000000000008,2.49547974733962,0.89703776749428,4.28387347110712,"MKT","sdf:sl stdv:0.2 #d:15 #f:20 #y:19 .191",60,0,12,"ALL","EW_VYP","L2_Lasso","linear",2020-06-17 22:51:19,14.0971342051033,NA,NA,NA
"Nelder-Mead190",0.850313119328149,13.990679073452,63,NA,NA,0,FALSE,TRUE,0.577999999999989,9.40310543708166,0.37132414591246,5.96377339097406,"Alpha","sdf:sl stdv:0.2 #d:15 #f:20 #y:19 .191",60,0,12,"ALL","EW_VYP","L2_Lasso","linear",2020-06-17 22:51:22,13.990679073452,0.000642720458052537,0.144173518065607,0.0587813630432223
"Nelder-Mead101",0.962890625,13.1884576483816,22,NA,NA,0,TRUE,TRUE,0.197000000000003,115.939064461699,1.68937933991975e-05,203.283032875911,"MKT","sdf:sl stdv:0.2 #d:15 #f:20 #y:19 .192",60,0,12,"ALL","EW_VYP","L2_Lasso","linear",2020-06-17 22:51:21,13.1884576483816,NA,NA,NA
"Nelder-Mead191",0.712441339669343,12.4760827522069,63,NA,NA,0,TRUE,TRUE,0.624000000000009,3.39101648817476,0.621651967131712,3.11836115320453,"Alpha","sdf:sl stdv:0.2 #d:15 #f:20 #y:19 .192",60,0,12,"ALL","EW_VYP","L2_Lasso","linear",2020-06-17 22:51:24,12.4760827522069,0.00160497041078429,0.0412159436262396,0.0192692899633112
"Nelder-Mead102",0.9958984375,13.9015885735191,20,NA,NA,0,TRUE,TRUE,0.189999999999998,0.419403651711958,0.998627471445009,0.652355341515502,"MKT","sdf:sl stdv:0.2 #d:15 #f:20 #y:19 .193",60,0,12,"ALL","EW_VYP","L2_Lasso","linear",2020-06-17 22:51:23,13.9015885735191,NA,NA,NA
"Nelder-Mead192",0.676591564444467,12.5181232483492,67,NA,NA,0,FALSE,TRUE,0.628999999999991,19.7028661112429,1.51914170132272e-09,8.65889745165404,"Alpha","sdf:sl stdv:0.2 #d:15 #f:20 #y:19 .193",60,0,12,"ALL","EW_VYP","L2_Lasso","linear",2020-06-17 22:51:26,12.5181232483492,0.0020952588285982,0.262575146863743,0.114255609101601
"Nelder-Mead103",0.97890625,10.9330915572619,22,NA,NA,0,TRUE,TRUE,0.227000000000004,1.7266922047247,0.970945542491712,1.24219239914209,"MKT","sdf:sl stdv:0.2 #d:15 #f:20 #y:19 .194",60,0,12,"ALL","EW_VYP","L2_Lasso","linear",2020-06-17 22:51:24,10.9330915572619,NA,NA,NA
"Nelder-Mead193",1.23821885886591,10.4182337256749,67,NA,NA,0,FALSE,TRUE,0.560999999999993,2.18328454583956,0.873444628570969,1.15441639771822,"Alpha","sdf:sl stdv:0.2 #d:15 #f:20 #y:19 .194",60,0,12,"ALL","EW_VYP","L2_Lasso","linear",2020-06-17 22:51:25,10.4182337256749,-0.00137583457945425,0.0911054469271346,0.0360686335224197
"Nelder-Mead104",1.0494140625,13.4482735452554,22,NA,NA,0,TRUE,TRUE,0.183999999999997,6.45543529377997,0.749734639478008,13.0673068369606,"MKT","sdf:sl stdv:0.2 #d:15 #f:20 #y:19 .195",60,0,12,"ALL","EW_VYP","L2_Lasso","linear",2020-06-17 22:51:25,13.4482735452554,NA,NA,NA
"Nelder-Mead194",0.983087245536465,13.4031956252829,63,NA,NA,0,FALSE,TRUE,0.567999999999998,34.046349298349,0.847253638759383,15.4654565162205,"Alpha","sdf:sl stdv:0.2 #d:15 #f:20 #y:19 .195",60,0,12,"ALL","EW_VYP","L2_Lasso","linear",2020-06-17 22:51:28,13.4031956252829,0.000401914399439818,0.122832071027361,0.0850954096212565
"Nelder-Mead105",1.2689453125,20.9347092883829,24,NA,NA,0,TRUE,TRUE,0.212999999999994,0.948270782673864,0.798697625358731,1.69585193436264,"MKT","sdf:sl stdv:0.2 #d:15 #f:20 #y:19 .196",60,0,12,"ALL","EW_VYP","L2_Lasso","linear",2020-06-17 22:51:26,20.9347092883829,NA,NA,NA
"Nelder-Mead195",0.655133992997338,16.0006932216807,67,NA,NA,0,FALSE,TRUE,0.618000000000009,9.03654881505764,0.00776707691555545,7.43321862172093,"Alpha","sdf:sl stdv:0.2 #d:15 #f:20 #y:19 .196",60,0,12,"ALL","EW_VYP","L2_Lasso","linear",2020-06-17 22:51:29,16.0006932216807,0.00406749322910009,0.151862478161694,0.0873736310946791
"Nelder-Mead106",1.038671875,12.9750641537242,20,NA,NA,0,TRUE,TRUE,0.188999999999993,1.28635335442394,0.960325041269622,1.19231620166816,"MKT","sdf:sl stdv:0.2 #d:15 #f:20 #y:19 .197",60,0,12,"ALL","EW_VYP","L2_Lasso","linear",2020-06-17 22:51:27,12.9750641537242,NA,NA,NA
"Nelder-Mead196",0.904413553413845,12.6541706182128,63,NA,NA,0,FALSE,TRUE,0.600000000000009,2.65584101847771,0.968281479895491,1.49316055541969,"Alpha","sdf:sl stdv:0.2 #d:15 #f:20 #y:19 .197",60,0,12,"ALL","EW_VYP","L2_Lasso","linear",2020-06-17 22:51:30,12.6541706182128,0.000986077924366669,0.0392659410064472,0.0168876841926242
"Nelder-Mead107",0.8,8.79323873492176,28,NA,NA,0,TRUE,TRUE,0.260999999999996,2.81279329942784,0.573735448979711,5.64404482748942,"MKT","sdf:sl stdv:0.2 #d:15 #f:20 #y:19 .198",60,0,12,"ALL","EW_VYP","L2_Lasso","linear",2020-06-17 22:51:29,8.79323873492176,NA,NA,NA
"Nelder-Mead197",0.916916833790359,8.62597279972388,103,NA,NA,0,FALSE,TRUE,0.998999999999995,15.5392702131346,0.434606762700114,6.11269992604262,"Alpha","sdf:sl stdv:0.2 #d:15 #f:20 #y:19 .198",60,0,12,"ALL","EW_VYP","L2_Lasso","linear",2020-06-17 22:51:33,8.62597279972388,-0.000670457482466115,0.108544548116674,0.0436523340937277
"Nelder-Mead108",1.74296875,30.535572564032,28,NA,NA,0,TRUE,TRUE,0.263000000000005,13.1995846996985,0,6.28967180167332,"MKT","sdf:sl stdv:0.2 #d:15 #f:20 #y:19 .199",60,0,12,"ALL","EW_VYP","L2_Lasso","linear",2020-06-17 22:51:30,30.535572564032,NA,NA,NA
"Nelder-Mead198",0.757042447753406,25.3258604567008,133,NA,NA,0,FALSE,TRUE,1.277,2.75733464198129,0.799034200177053,1.9792244212342,"Alpha","sdf:sl stdv:0.2 #d:15 #f:20 #y:19 .199",60,0,12,"ALL","EW_VYP","L2_Lasso","linear",2020-06-17 22:51:34,25.3258604567008,0.00568234270690527,0.0152186925448908,0.0187240455023541
"Nelder-Mead109",0.91357421875,12.8815885648951,24,NA,NA,0,TRUE,TRUE,0.230000000000004,37.8700304017904,0.00106432446605753,100.396904284238,"MKT","sdf:sl stdv:0.2 #d:15 #f:20 #y:19 .200",60,0,12,"ALL","EW_VYP","L2_Lasso","linear",2020-06-17 22:51:31,12.8815885648951,NA,NA,NA
"Nelder-Mead199",0.919664134701167,12.8812133914426,63,NA,NA,0,FALSE,TRUE,0.631,49.3165119960799,0.000390426766257446,27.8202039666935,"Alpha","sdf:sl stdv:0.2 #d:15 #f:20 #y:19 .200",60,0,12,"ALL","EW_VYP","L2_Lasso","linear",2020-06-17 22:51:34,12.8812133914426,-3.8750986343672e-05,0.0456334688845427,0.0727000472252938
