"X","Type","max.month","MKT","SE.MKT","SE.MKT.indep","Factor","Coef","SE.Coef","SE.Coef.indep","t.MKT","t.Coef","sig","t.MKT.indep","t.Coef.indep","sig.indep","source","weighting","method","validation.error"
4920,"PE",0,1.00509595147467,0.645986791069211,0.788692372219105,"Alpha",0.00396392855468622,0.00088206025373784,0.00119847510846134,1.55590789992946,4.49394305875203,FALSE,1.27438274652851,3.30747674832838,FALSE,"EW Asymptotic","EW","Asymptotic",NA
4919,"PE",0,0.938253190807427,1.15007841534102,0.713162976029387,"EG",0.528793419226077,0.816622724016974,0.540331635373287,0.815816711531985,0.647536988225037,FALSE,1.31562240657985,0.978646047368226,FALSE,"EW Asymptotic","EW","Asymptotic",NA
4917,"PE",0,1.10930646295194,0.510778209296307,0.520103700765603,"IA",0.995108205214402,0.879725284905484,1.23756196655405,2.17179676572385,1.13115789927683,FALSE,2.13285631561363,0.804087578729692,FALSE,"EW Asymptotic","EW","Asymptotic",NA
4916,"PE",0,1.27989219652144,0.898865631401314,0.854750402529706,"ME",0.899796438134547,5.00182497618894,4.08441322554687,1.42389713413129,0.179893627309633,FALSE,1.4973870649648,0.220300050079794,FALSE,"EW Asymptotic","EW","Asymptotic",NA
4915,"PE",0,1.26875,0.801047360562949,0.675915361553785,"MKT",1.26875,0.801047360562949,0.675915361553785,1.583863904262,1.583863904262,FALSE,1.87708413237334,1.87708413237334,FALSE,"EW Asymptotic","EW","Asymptotic",NA
4918,"PE",0,1.02137964427682,1.24063768577297,1.11744587872734,"ROE",0.667748570070421,1.23808396069871,1.11389569513915,0.823269884503353,0.539340296189265,FALSE,0.914030525970591,0.599471362520173,FALSE,"EW Asymptotic","EW","Asymptotic",NA
4968,"PE",1,1.00517055638893,0.608818007863114,0.751787741001503,"Alpha",0.00394175579972173,0.000887193569726807,0.00120021164996101,1.65101975205525,4.44294901836982,FALSE,1.33704036600794,3.28421724605804,FALSE,"EW Asymptotic","EW","Asymptotic",NA
4967,"PE",1,0.946345008778258,1.13615356476906,0.703967972343767,"EG",0.534043747648525,0.8041648341554,0.53236264280121,0.832937587068713,0.664097365323642,FALSE,1.34430122669861,1.00315781896053,FALSE,"EW Asymptotic","EW","Asymptotic",NA
4965,"PE",1,1.12900191402005,0.679733917706118,0.547248582286051,"IA",0.939553239688394,1.30215238120756,1.29077388342817,1.66094685672015,0.721538625776726,FALSE,2.06305132724841,0.72789917099425,FALSE,"EW Asymptotic","EW","Asymptotic",NA
4964,"PE",1,1.28066262823886,0.911509738151832,0.847631530694542,"ME",0.823659627500092,4.77836946708749,3.89884588854159,1.40499061571796,0.172372528573461,FALSE,1.51087186101902,0.211257292810871,FALSE,"EW Asymptotic","EW","Asymptotic",NA
4963,"PE",1,1.26640625,0.800634923138798,0.675876038952475,"MKT",1.26640625,0.800634923138798,0.675876038952475,1.58175244846328,1.58175244846328,FALSE,1.87372561980859,1.87372561980859,FALSE,"EW Asymptotic","EW","Asymptotic",NA
4966,"PE",1,1.03730525006031,2.38792075087389,2.15060533909544,"ROE",0.633697811458114,2.29753601169329,2.07405868836196,0.434396849091702,0.275816269356787,FALSE,0.48233175618201,0.305535139875233,FALSE,"EW Asymptotic","EW","Asymptotic",NA
5016,"PE",30,0.534707238739151,0.0592187440724747,0.0396932139244434,"Alpha",0.0057833683951955,0.000475266048530256,0.000271479887718588,9.02935796957718,12.1686966975242,TRUE,13.4709988401789,21.3031191510969,TRUE,"EW Asymptotic","EW","Asymptotic",NA
5015,"PE",30,0.958386213588233,3.00559713387302,1.91529070441496,"EG",0.405269287277429,2.20703599160818,1.47777972275835,0.318867157140669,0.183626043625199,FALSE,0.50038681406381,0.27424201390514,FALSE,"EW Asymptotic","EW","Asymptotic",NA
5013,"PE",30,1.1249419270242,13.7443905242827,14.0446325531226,"IA",0.597278670794867,30.5133832417309,31.9068369451793,0.0818473489265839,0.0195743181299546,FALSE,0.0800976403454633,0.0187194572693332,FALSE,"EW Asymptotic","EW","Asymptotic",NA
5012,"PE",30,1.30209066479338,0.872714078892256,0.92890250671076,"ME",0.924491669315376,7.56569053997979,5.98961848632214,1.49200144272467,0.122195279390564,FALSE,1.4017516966383,0.154349007608171,FALSE,"EW Asymptotic","EW","Asymptotic",NA
5011,"PE",30,1.2287109375,0.794210145565384,0.675453904940634,"MKT",1.2287109375,0.794210145565384,0.675453904940634,1.54708542110766,1.54708542110766,FALSE,1.81908925022499,1.81908925022499,FALSE,"EW Asymptotic","EW","Asymptotic",NA
5014,"PE",30,1.01983094720865,2.37049926028687,2.17083628521126,"ROE",0.506176523436966,2.02403364294246,1.83502721291762,0.43021778757494,0.25008305825446,FALSE,0.46978712957592,0.275841426150932,FALSE,"EW Asymptotic","EW","Asymptotic",NA
5064,"PE",60,1.00397491770578,3.24952582712734,1.68012607552615,"Alpha",0.00286261939909553,0.022359468255227,0.0144461642046638,0.308960436419525,0.128027168017573,FALSE,0.597559273872572,0.198157750288576,FALSE,"EW Asymptotic","EW","Asymptotic",NA
5063,"PE",60,0.97947815673615,7.61533384945484,6.28709855643148,"EG",0.315704965412442,6.12620474585947,4.81072401664143,0.128619201219428,0.0515335315271365,FALSE,0.155791761166871,0.0656252498210964,FALSE,"EW Asymptotic","EW","Asymptotic",NA
5061,"PE",60,1.1293040238088,6.3481439124753,5.11081637993525,"IA",0.433161266287789,14.0031066150922,10.7184206432336,0.177895151618964,0.0309332263328581,FALSE,0.220963529083607,0.0404127884793585,FALSE,"EW Asymptotic","EW","Asymptotic",NA
5060,"PE",60,1.29180559540209,2.15445041174026,1.82380470745125,"ME",0.994436017420322,14.4018345600899,10.5298904575378,0.599598667187996,0.0690492598891592,FALSE,0.708302588607404,0.0944393506685017,FALSE,"EW Asymptotic","EW","Asymptotic",NA
5059,"PE",60,1.246875,0.797257863859695,0.675608528513647,"MKT",1.246875,0.797257863859695,0.675608528513647,1.56395447009279,1.56395447009279,FALSE,1.84555840753395,1.84555840753395,FALSE,"EW Asymptotic","EW","Asymptotic",NA
5062,"PE",60,1.08805580594344,0.928113717786904,1.26932463134396,"ROE",0.287349806877319,0.984140804147322,1.02914724830338,1.17233027062451,0.291980380923525,FALSE,0.857192698444217,0.279211558259554,FALSE,"EW Asymptotic","EW","Asymptotic",NA
5112,"PE",120,0.674655492630522,0.0654783460564899,0.0597052131083941,"Alpha",0.00317487840393082,0.000856191656517814,0.000541161700859952,10.3034901347154,3.7081398536903,TRUE,11.2997753044729,5.86678325329688,TRUE,"EW Asymptotic","EW","Asymptotic",NA
5111,"PE",120,0.98430504775024,1.56442629625477,1.36642386322068,"EG",0.10224815706606,2.3308339011359,1.24928953517956,0.629179559373722,0.043867629098852,FALSE,0.720351184024421,0.0818450440724807,FALSE,"EW Asymptotic","EW","Asymptotic",NA
5109,"PE",120,1.04556594403693,4.87269825351852,4.02348025307334,"IA",0.107999193773139,23.2814520478878,17.3635533725477,0.214576378350935,0.0046388512860364,FALSE,0.259866055820275,0.00621987858452343,FALSE,"EW Asymptotic","EW","Asymptotic",NA
5108,"PE",120,1.09965952749717,8.6658299885155,11.1996910300474,"ME",1.01528613906394,16.3683830794221,20.0290798818421,0.126896042151128,0.0620272713644105,FALSE,0.0981865950182838,0.0506906031157415,FALSE,"EW Asymptotic","EW","Asymptotic",NA
5107,"PE",120,1.084375,1.38874982644501,1.41000042671243,"MKT",1.084375,1.38874982644501,1.41000042671243,0.78082818039001,0.78082818039001,FALSE,0.769060050945047,0.769060050945047,FALSE,"EW Asymptotic","EW","Asymptotic",NA
5110,"PE",120,1.12917132611328,0.856896260944424,0.8705168733387,"ROE",-0.0622313876927365,3.27486145787324,1.70336486524068,1.31774565671318,-0.0190027543128957,FALSE,1.29712744312762,-0.0365343849474924,FALSE,"EW Asymptotic","EW","Asymptotic",NA
5160,"PE",150,0.999952488884869,1.13394720942121,1.21815067337414,"Alpha",-5.17431116731491e-05,0.0580092043983744,0.0245964202333669,0.881833369822626,-0.000891981060760749,FALSE,0.820877507800503,-0.00210368464931965,FALSE,"EW Asymptotic","EW","Asymptotic",NA
5159,"PE",150,0.957043430447811,7.52952129223289,4.03404563283976,"EG",-0.0239587749529164,43.3235121641083,25.0341385280586,0.127105481650613,-0.00055302014440014,FALSE,0.237241597530988,-0.000957044115021696,FALSE,"EW Asymptotic","EW","Asymptotic",NA
5157,"PE",150,0.965417127811816,3.14743804001671,2.35838645213858,"IA",-0.0879306086862926,9.70310445162185,5.39082554534512,0.306731098607009,-0.00906211090735968,FALSE,0.409354932876407,-0.0163111582718938,FALSE,"EW Asymptotic","EW","Asymptotic",NA
5156,"PE",150,0.997168295190822,7.17612174989559,6.72356890092845,"ME",1.04037401130682,6.3721809551028,5.79960685024153,0.138956434958107,0.16326812101494,FALSE,0.148309374066669,0.179386989182464,FALSE,"EW Asymptotic","EW","Asymptotic",NA
5155,"PE",150,0.9330078125,1.89487328141771,1.39090128407364,"MKT",0.9330078125,1.89487328141771,1.39090128407364,0.492385333441369,0.492385333441369,FALSE,0.67079369555791,0.67079369555791,FALSE,"EW Asymptotic","EW","Asymptotic",NA
5158,"PE",150,1.10100736227796,0.890184906989662,1.4069062361946,"ROE",-0.220339748078186,2.70120471410439,1.42661774719642,1.23682995929603,-0.0815709179417902,FALSE,0.782573375505083,-0.15444904461002,FALSE,"EW Asymptotic","EW","Asymptotic",NA
5208,"PE",180,0.997981788386765,0.917247054379028,1.13826744016597,"Alpha",-0.000846447160725229,0.0543148749875899,0.0217783880132318,1.08801852633083,-0.0155840763864159,FALSE,0.876755104442986,-0.0388663825904358,FALSE,"EW Asymptotic","EW","Asymptotic",NA
5207,"PE",180,0.979409266193398,3.80216091841214,2.34204708712677,"EG",-0.132426274893805,18.0570490772848,8.37967634513062,0.257592797151368,-0.00733377166595804,FALSE,0.418185130254977,-0.0158032684604528,FALSE,"EW Asymptotic","EW","Asymptotic",NA
5205,"PE",180,0.926273659896105,2.91623111169408,1.89360574161405,"IA",-0.216935931239277,7.18235216543959,3.69212989437928,0.317626972766922,-0.0302040231726788,FALSE,0.489158666738399,-0.0587563107055171,FALSE,"EW Asymptotic","EW","Asymptotic",NA
5204,"PE",180,0.89535869626593,2.17269329777969,1.40177356674083,"ME",0.837276789331986,4.3915506237311,3.06506472725772,0.412096220474796,0.190656299123026,FALSE,0.638732757921573,0.273167735051745,FALSE,"EW Asymptotic","EW","Asymptotic",NA
5203,"PE",180,0.8390625,1.6701278790721,1.18014615620235,"MKT",0.8390625,1.6701278790721,1.18014615620235,0.502394164251765,0.502394164251765,FALSE,0.71098185219707,0.71098185219707,FALSE,"EW Asymptotic","EW","Asymptotic",NA
5206,"PE",180,1.09263623253364,0.85360198274912,1.35014190168459,"ROE",-0.312335757120673,3.4894744671385,1.33292190402798,1.28003010140005,-0.0895079646124478,FALSE,0.809275107431555,-0.234324123699086,FALSE,"EW Asymptotic","EW","Asymptotic",NA
5256,"PE",210,0.726376863700901,0.0419317487524115,0.0466924170599689,"Alpha",0.000167229995480807,0.000651809638473145,0.000422903704415759,17.3228373562437,0.256562630574996,FALSE,15.5566344481158,0.395432798849173,FALSE,"EW Asymptotic","EW","Asymptotic",NA
5255,"PE",210,0.956224938503328,2.42414903118604,1.0955754129711,"EG",-0.200004360346793,5.32661378022573,2.75687832335919,0.394457983482759,-0.03754812505635,FALSE,0.872806131994267,-0.0725474021294826,FALSE,"EW Asymptotic","EW","Asymptotic",NA
5253,"PE",210,0.837411062132168,59.9639340294722,33.7543137646111,"IA",-0.230185270530309,126.78396055662,70.7277466692736,0.0139652455377691,-0.00181557090912546,FALSE,0.0248090086491443,-0.0032545257182682,FALSE,"EW Asymptotic","EW","Asymptotic",NA
5252,"PE",210,0.769943575106184,2.07160960923881,1.23188681898652,"ME",0.601608904008532,4.72706895267923,2.13127757699399,0.371664415762722,0.12726890807623,FALSE,0.6250116189567,0.282276185187036,FALSE,"EW Asymptotic","EW","Asymptotic",NA
5251,"PE",210,0.746875,1.48520953181642,1.00674755586968,"MKT",0.746875,1.48520953181642,1.00674755586968,0.502875172829363,0.502875172829363,FALSE,0.741869196150977,0.741869196150977,FALSE,"EW Asymptotic","EW","Asymptotic",NA
5254,"PE",210,1.05166439003037,14.3863658623974,7.82013118548185,"ROE",-0.379345360425396,22.0625801696046,10.5712890415422,0.0731014628773744,-0.0171940615063698,FALSE,0.134481681328159,-0.0358844942120753,FALSE,"EW Asymptotic","EW","Asymptotic",NA
5304,"PE",240,0.791505332624793,0.876761938318832,0.880774325401921,"Alpha",-0.000854985274891015,0.068955007783644,0.0271803361057683,0.902759686560395,-0.0123991759608476,FALSE,0.898647144674214,-0.0314560228969931,FALSE,"EW Asymptotic","EW","Asymptotic",NA
5303,"PE",240,0.943890754739869,5.82715495603995,2.08450942536913,"EG",-0.256364080307867,12.838810302534,4.90620275383774,0.1619814063399,-0.0199679000052885,FALSE,0.452811938987862,-0.0522530545863261,FALSE,"EW Asymptotic","EW","Asymptotic",NA
5301,"PE",240,0.776156271505533,9.30361707766951,5.21240517472757,"IA",-0.247228124379308,20.1036543607325,10.6964231562839,0.0834252167760063,-0.0122976708583991,FALSE,0.148905590699038,-0.0231131585546957,FALSE,"EW Asymptotic","EW","Asymptotic",NA
5300,"PE",240,0.694738043997495,1.74001890709184,0.978009565939133,"ME",0.273604582034386,3.07717034311254,1.25302578931537,0.399270399399646,0.0889143438701013,FALSE,0.710359150046118,0.218355108384384,FALSE,"EW Asymptotic","EW","Asymptotic",NA
5299,"PE",240,0.6884765625,1.77600085864721,1.10054092130134,"MKT",0.6884765625,1.77600085864721,1.10054092130134,0.387655534707577,0.387655534707577,FALSE,0.625580157152092,0.625580157152092,FALSE,"EW Asymptotic","EW","Asymptotic",NA
5302,"PE",240,1.01229156290647,5.78496869023675,3.39448525099676,"ROE",-0.41942507897038,9.8397894288476,4.35599865573748,0.174986524061039,-0.0426254120581828,FALSE,0.298216515334459,-0.0962867787890468,FALSE,"EW Asymptotic","EW","Asymptotic",NA
5352,"PE",270,0.849161148826523,0.977505085599121,0.876954871407964,"Alpha",-0.00162049331833032,0.171613387780098,0.0659928969229227,0.868702538060009,-0.00944269756160742,FALSE,0.968306553178936,-0.0245555717946887,FALSE,"EW Asymptotic","EW","Asymptotic",NA
5351,"PE",270,0.90339107228283,7.86942008745558,2.79417053498862,"EG",-0.251211201315164,19.4650235300529,7.24757054066851,0.114797667711614,-0.0129057743458315,FALSE,0.323312790314894,-0.0346614358432988,FALSE,"EW Asymptotic","EW","Asymptotic",NA
5349,"PE",270,0.741100912325419,7.7453575775425,4.07842351558181,"IA",-0.237322378419503,17.0368827566325,8.56324210412544,0.095683240561317,-0.0139299179204079,FALSE,0.181712592989425,-0.027714080196935,FALSE,"EW Asymptotic","EW","Asymptotic",NA
5348,"PE",270,0.670620248233899,2.01834680780711,1.13156354214424,"ME",0.0595879242522643,2.44898205141258,0.935575433882916,0.332262149220289,0.0243317112993514,FALSE,0.592649217880524,0.0636912023277019,FALSE,"EW Asymptotic","EW","Asymptotic",NA
5347,"PE",270,0.66796875,1.7159330886937,1.05219575080727,"MKT",0.66796875,1.7159330886937,1.05219575080727,0.389274357142043,0.389274357142043,FALSE,0.634833156746279,0.634833156746279,FALSE,"EW Asymptotic","EW","Asymptotic",NA
5350,"PE",270,0.965169020555914,4.2973275563402,2.56742145753441,"ROE",-0.405816249921918,7.97642401428342,3.36826844194868,0.224597498771515,-0.0508769655669284,FALSE,0.375929326960912,-0.120482157795932,FALSE,"EW Asymptotic","EW","Asymptotic",NA
5400,"PE",300,0.87292861600212,1.29775480179268,0.911988013536645,"Alpha",-0.00186757136497327,0.277656841384491,0.106135129712884,0.672645259949169,-0.00672618530003052,FALSE,0.957171150327892,-0.0175961660387603,FALSE,"EW Asymptotic","EW","Asymptotic",NA
5399,"PE",300,0.881051668873988,6.83455837747027,2.4387164893963,"EG",-0.233716007787734,17.6555636096936,6.52945006893164,0.1289112800292,-0.0132375274420248,FALSE,0.361276791584778,-0.0357941335518896,FALSE,"EW Asymptotic","EW","Asymptotic",NA
5397,"PE",300,0.7296921193255,8.06632843979035,4.22073737377613,"IA",-0.213908810979206,18.1849318990645,9.12417420545389,0.0904614936984224,-0.0117629701428912,FALSE,0.172882616165401,-0.0234441831296189,FALSE,"EW Asymptotic","EW","Asymptotic",NA
5396,"PE",300,0.669150494321366,1.98205352674027,1.11585852008297,"ME",0.0177030860999367,2.38920998368079,0.907758940518467,0.337604653604823,0.00740959824412902,FALSE,0.599673240180674,0.0195019683197233,FALSE,"EW Asymptotic","EW","Asymptotic",NA
5395,"PE",300,0.66796875,1.7159330886937,1.05219575080727,"MKT",0.66796875,1.7159330886937,1.05219575080727,0.389274357142043,0.389274357142043,FALSE,0.634833156746279,0.634833156746279,FALSE,"EW Asymptotic","EW","Asymptotic",NA
5398,"PE",300,0.945684579602676,4.68642193679951,2.45993008612622,"ROE",-0.388379004399758,8.20386214674458,3.31081901968864,0.201792453252408,-0.0473409959178645,FALSE,0.384435551618418,-0.117306020682545,FALSE,"EW Asymptotic","EW","Asymptotic",NA
5448,"PE",330,0.87696582768526,1.44875411776592,0.946645266174213,"Alpha",-0.0019049110176495,0.305314057052904,0.113491807846748,0.605324131218072,-0.00623918543429339,FALSE,0.926393295378155,-0.016784568452921,FALSE,"EW Asymptotic","EW","Asymptotic",NA
5447,"PE",330,0.878175079595894,6.69876899950855,2.39289733408447,"EG",-0.231338564869657,17.3981761927401,6.4291460159115,0.131094993671273,-0.0132967135351917,FALSE,0.36699237660018,-0.0359827828294951,FALSE,"EW Asymptotic","EW","Asymptotic",NA
5445,"PE",330,0.72848979731325,8.22359915191192,4.29854335899333,"IA",-0.209215112335346,18.6206092756342,9.34419219759283,0.0885852756020923,-0.0112356749039953,FALSE,0.169473641760323,-0.0223898554215572,FALSE,"EW Asymptotic","EW","Asymptotic",NA
5444,"PE",330,0.66929832881433,1.97962104393138,1.11506874348925,"ME",0.0135960627754685,2.38399160476853,0.905297338584787,0.338094167500439,0.00570306654951018,FALSE,0.600230553248202,0.0150183394957536,FALSE,"EW Asymptotic","EW","Asymptotic",NA
5443,"PE",330,0.6685546875,1.71760166106431,1.05353610236693,"MKT",0.6685546875,1.71760166106431,1.05353610236693,0.38923733171388,0.38923733171388,FALSE,0.634581658851547,0.634581658851547,FALSE,"EW Asymptotic","EW","Asymptotic",NA
5446,"PE",330,0.944151629603585,4.68467394025445,2.45652428456737,"ROE",-0.386288459802745,8.21809121386747,3.31474845566526,0.201540521633893,-0.0470046449655985,FALSE,0.384344512909981,-0.116536281702624,FALSE,"EW Asymptotic","EW","Asymptotic",NA
5496,"PE",360,0.87696582768526,1.44875411776592,0.946645266174213,"Alpha",-0.0019049110176495,0.305314057052904,0.113491807846748,0.605324131218072,-0.00623918543429339,FALSE,0.926393295378155,-0.016784568452921,FALSE,"EW Asymptotic","EW","Asymptotic",NA
5495,"PE",360,0.878175079595894,6.69876899950855,2.39289733408447,"EG",-0.231338564869657,17.3981761927401,6.4291460159115,0.131094993671273,-0.0132967135351917,FALSE,0.36699237660018,-0.0359827828294951,FALSE,"EW Asymptotic","EW","Asymptotic",NA
5493,"PE",360,0.72848979731325,8.22359915191192,4.29854335899333,"IA",-0.209215112335346,18.6206092756342,9.34419219759283,0.0885852756020923,-0.0112356749039953,FALSE,0.169473641760323,-0.0223898554215572,FALSE,"EW Asymptotic","EW","Asymptotic",NA
5492,"PE",360,0.66929832881433,1.97962104393138,1.11506874348925,"ME",0.0135960627754685,2.38399160476853,0.905297338584787,0.338094167500439,0.00570306654951018,FALSE,0.600230553248202,0.0150183394957536,FALSE,"EW Asymptotic","EW","Asymptotic",NA
5491,"PE",360,0.6685546875,1.71760166106431,1.05353610236693,"MKT",0.6685546875,1.71760166106431,1.05353610236693,0.38923733171388,0.38923733171388,FALSE,0.634581658851547,0.634581658851547,FALSE,"EW Asymptotic","EW","Asymptotic",NA
5494,"PE",360,0.944151629603585,4.68467394025445,2.45652428456737,"ROE",-0.386288459802745,8.21809121386747,3.31474845566526,0.201540521633893,-0.0470046449655985,FALSE,0.384344512909981,-0.116536281702624,FALSE,"EW Asymptotic","EW","Asymptotic",NA
66,"PE",0,0.737632280867373,0.373563709904535,NA,"Alpha",0.00515503705004365,0.00259448896598925,NA,1.97458227689161,1.98691808584281,TRUE,NA,NA,NA,"EW Cross-Validation","EW","Cross-Validation",0.137653033054017
170,"PE",0,0.922985712424626,0.159393357091858,NA,"EG",0.524140446498945,0.254693564160218,NA,5.79061592819525,2.0579257596365,TRUE,NA,NA,NA,"EW Cross-Validation","EW","Cross-Validation",0.169683518583589
274,"PE",0,1.08575453755624,0.152183474242235,NA,"IA",0.924247590568153,0.382451173736625,NA,7.13451012314263,2.41664205534544,TRUE,NA,NA,NA,"EW Cross-Validation","EW","Cross-Validation",0.163015482265026
378,"PE",0,1.29019894790738,0.0849108655846835,NA,"ME",0.659343707115133,0.374873497663948,NA,15.1947449719569,1.75884321304089,FALSE,NA,NA,NA,"EW Cross-Validation","EW","Cross-Validation",0.153150751381806
482,"PE",0,1.2615478515625,0.064775004361,NA,"MKT",1.2615478515625,0.064775004361,NA,19.4758435604531,19.4758435604531,TRUE,NA,NA,NA,"EW Cross-Validation","EW","Cross-Validation",0.167306596129417
586,"PE",0,1.02189284731252,0.12408121799358,NA,"ROE",0.681746549103418,0.570840075211252,NA,8.23567711404467,1.19428641875069,FALSE,NA,NA,NA,"EW Cross-Validation","EW","Cross-Validation",0.1697353814057
67,"PE",1,1.00567424963966,0.00248048789907751,NA,"Alpha",0.0036864851174443,0.00120113129709205,NA,405.434047879721,3.06917747157978,TRUE,NA,NA,NA,"EW Cross-Validation","EW","Cross-Validation",0.137255386473357
171,"PE",1,0.931492805456019,0.150991594645547,NA,"EG",0.525522056564548,0.243781570443161,NA,6.16916993056932,2.15570871747697,TRUE,NA,NA,NA,"EW Cross-Validation","EW","Cross-Validation",0.165062626844945
275,"PE",1,1.1117151301379,0.140583534362419,NA,"IA",0.857271495782838,0.378420724779072,NA,7.90786157980588,2.26539256348427,TRUE,NA,NA,NA,"EW Cross-Validation","EW","Cross-Validation",0.161454291337848
379,"PE",1,1.29548862364032,0.0789642219849336,NA,"ME",0.563311851793851,0.413466882953008,NA,16.4060202339169,1.36241105398972,FALSE,NA,NA,NA,"EW Cross-Validation","EW","Cross-Validation",0.168977104801106
483,"PE",1,1.2601806640625,0.0585756517343202,NA,"MKT",1.2601806640625,0.0585756517343202,NA,21.5137284306842,21.5137284306842,TRUE,NA,NA,NA,"EW Cross-Validation","EW","Cross-Validation",0.167533041688774
587,"PE",1,1.04089570695435,0.124655976481724,NA,"ROE",0.634286014138001,0.544423652244188,NA,8.35014683076149,1.16505962135074,FALSE,NA,NA,NA,"EW Cross-Validation","EW","Cross-Validation",0.167034399731329
68,"PE",120,0.805151253658581,0.270459902508032,NA,"Alpha",0.00221568907365246,0.00256385662331113,NA,2.97697087883358,0.864201630273292,FALSE,NA,NA,NA,"EW Cross-Validation","EW","Cross-Validation",0.375202896824663
172,"PE",120,0.995593111719232,0.229497875867287,NA,"EG",0.113938707684342,0.277775396386545,NA,4.33813649889708,0.410182864164788,FALSE,NA,NA,NA,"EW Cross-Validation","EW","Cross-Validation",0.444183148243455
276,"PE",120,1.06958489428911,0.170802360105309,NA,"IA",0.117462538251385,0.515072629342972,NA,6.26212011139457,0.228050437083447,FALSE,NA,NA,NA,"EW Cross-Validation","EW","Cross-Validation",0.446422635130638
380,"PE",120,1.10413809168338,0.13166159063973,NA,"ME",0.922218791679546,0.245751523577979,NA,8.38618222914134,3.75264730103258,TRUE,NA,NA,NA,"EW Cross-Validation","EW","Cross-Validation",0.274782697013757
484,"PE",120,1.0839599609375,0.127419449074025,NA,"MKT",1.0839599609375,0.127419449074025,NA,8.50702125001158,8.50702125001158,TRUE,NA,NA,NA,"EW Cross-Validation","EW","Cross-Validation",0.328280041637746
588,"PE",120,1.14007682929069,0.131964097572232,NA,"ROE",0.0219342748139813,0.495049820928433,NA,8.63929546190893,0.0443072068440405,FALSE,NA,NA,NA,"EW Cross-Validation","EW","Cross-Validation",0.501299405507926
69,"PE",150,0.769337625384359,0.268140947850672,NA,"Alpha",0.00154135289863685,0.00245445629288354,NA,2.86915382208913,0.627981399834194,FALSE,NA,NA,NA,"EW Cross-Validation","EW","Cross-Validation",0.490708902228448
173,"PE",150,0.947314137459013,0.254151938257905,NA,"EG",0.0265293525603973,0.30412418848523,NA,3.72735358208328,0.0872319715591636,FALSE,NA,NA,NA,"EW Cross-Validation","EW","Cross-Validation",0.61830296691932
277,"PE",150,0.984630873221107,0.194894929544321,NA,"IA",-0.0150146234918572,0.55062565856958,NA,5.05211128644162,-0.0272682960886028,FALSE,NA,NA,NA,"EW Cross-Validation","EW","Cross-Validation",0.604094834920314
381,"PE",150,1.00189947048033,0.150322127220677,NA,"ME",0.983046028865003,0.315895546633324,NA,6.66501658142129,3.11193380008638,TRUE,NA,NA,NA,"EW Cross-Validation","EW","Cross-Validation",0.36267228915322
485,"PE",150,0.9422607421875,0.169089257857894,NA,"MKT",0.9422607421875,0.169089257857894,NA,5.57256418370109,5.57256418370109,TRUE,NA,NA,NA,"EW Cross-Validation","EW","Cross-Validation",0.445319146032508
589,"PE",150,1.08793550019045,0.141277331972999,NA,"ROE",-0.0769199567442796,0.560001074782908,NA,7.70070813906915,-0.13735680199203,FALSE,NA,NA,NA,"EW Cross-Validation","EW","Cross-Validation",0.752239296632137
70,"PE",180,0.834038289709552,0.283999320031906,NA,"Alpha",0.000310689839187032,0.00288391571490636,NA,2.93676157258352,0.107731941533915,FALSE,NA,NA,NA,"EW Cross-Validation","EW","Cross-Validation",0.592824684726738
174,"PE",180,0.949054159922614,0.2330819031433,NA,"EG",-0.0576967697959439,0.331672316896462,NA,4.07176253121261,-0.173957146426408,FALSE,NA,NA,NA,"EW Cross-Validation","EW","Cross-Validation",0.756291694774007
278,"PE",180,0.92570806495183,0.191388956099715,NA,"IA",-0.0683095799249585,0.616382952033135,NA,4.83678935199129,-0.110823279098878,FALSE,NA,NA,NA,"EW Cross-Validation","EW","Cross-Validation",0.755716870024331
382,"PE",180,0.879109584423216,0.149846435691592,NA,"ME",0.737952325310929,0.488991885481874,NA,5.86673670525312,1.50913000240018,FALSE,NA,NA,NA,"EW Cross-Validation","EW","Cross-Validation",0.475315219819173
486,"PE",180,0.8388427734375,0.171046872320567,NA,"MKT",0.8388427734375,0.171046872320567,NA,4.90416902722071,4.90416902722071,TRUE,NA,NA,NA,"EW Cross-Validation","EW","Cross-Validation",0.514326985601461
590,"PE",180,1.05094229485921,0.144536132298162,NA,"ROE",-0.107603645304395,0.684151260218904,NA,7.27113890588432,-0.157280489799822,FALSE,NA,NA,NA,"EW Cross-Validation","EW","Cross-Validation",1.11072950341854
71,"PE",210,0.775431784829668,0.321365681002839,NA,"Alpha",-1.74585519445721e-06,0.00273585187577812,NA,2.41292655273548,-0.000638139516950513,FALSE,NA,NA,NA,"EW Cross-Validation","EW","Cross-Validation",0.718930972908199
175,"PE",210,0.933051951478706,0.21843736196694,NA,"EG",-0.127256502442865,0.377679028784915,NA,4.27148516662602,-0.336943522790448,FALSE,NA,NA,NA,"EW Cross-Validation","EW","Cross-Validation",0.898194500743722
279,"PE",210,0.843224974986668,0.202668412291035,NA,"IA",-0.0538701596038444,0.709739819582843,NA,4.16061371110848,-0.0759012783522659,FALSE,NA,NA,NA,"EW Cross-Validation","EW","Cross-Validation",1.00916973609603
383,"PE",210,0.7464030905159,0.120390175773417,NA,"ME",0.498168397035687,0.75887046970528,NA,6.19986710477678,0.656460380161003,FALSE,NA,NA,NA,"EW Cross-Validation","EW","Cross-Validation",0.58570129779784
487,"PE",210,0.72548828125,0.134287656868563,NA,"MKT",0.72548828125,0.134287656868563,NA,5.40249415447086,5.40249415447086,TRUE,NA,NA,NA,"EW Cross-Validation","EW","Cross-Validation",0.548077973479979
591,"PE",210,1.00751300591669,0.17646032754578,NA,"ROE",-0.148320537113488,0.802726846565152,NA,5.70957234370601,-0.184770869129578,FALSE,NA,NA,NA,"EW Cross-Validation","EW","Cross-Validation",1.52270685698228
72,"PE",240,0.782982759708915,0.385766420099783,NA,"Alpha",-0.000799374224050501,0.00370928531343121,NA,2.0296809647309,-0.215506265089933,FALSE,NA,NA,NA,"EW Cross-Validation","EW","Cross-Validation",0.729226836930727
176,"PE",240,0.952400244666648,0.239529566553856,NA,"EG",-0.274958373583374,0.256940448882321,NA,3.97612811799795,-1.07012490551577,FALSE,NA,NA,NA,"EW Cross-Validation","EW","Cross-Validation",0.659459771572656
280,"PE",240,0.814718295347125,0.225399096860688,NA,"IA",-0.112789668398039,0.786889484021184,NA,3.6145588278496,-0.143336098255702,FALSE,NA,NA,NA,"EW Cross-Validation","EW","Cross-Validation",1.19050772786836
384,"PE",240,0.66766397235894,0.114053119664294,NA,"ME",0.118301355094236,0.792059244626369,NA,5.85397378277903,0.149359225205485,FALSE,NA,NA,NA,"EW Cross-Validation","EW","Cross-Validation",0.662305041465419
488,"PE",240,0.6513671875,0.104995372436691,NA,"MKT",0.6513671875,0.104995372436691,NA,6.20377043657572,6.20377043657572,TRUE,NA,NA,NA,"EW Cross-Validation","EW","Cross-Validation",0.571140268300333
592,"PE",240,1.01733137630849,0.187669350501853,NA,"ROE",-0.464332490683291,0.203432815246232,NA,5.42087119493942,-2.28248569495177,TRUE,NA,NA,NA,"EW Cross-Validation","EW","Cross-Validation",0.547237126491224
73,"PE",270,0.842490128693793,0.415508113952603,NA,"Alpha",-0.00160175886444568,0.00378728068128419,NA,2.02761414375147,-0.422931121097303,FALSE,NA,NA,NA,"EW Cross-Validation","EW","Cross-Validation",0.737434005636053
177,"PE",270,0.938230879235282,0.274338217240672,NA,"EG",-0.312439944577922,0.239139586023639,NA,3.41997877172245,-1.3065170420887,FALSE,NA,NA,NA,"EW Cross-Validation","EW","Cross-Validation",0.646173295370382
281,"PE",270,0.809096527012065,0.247338656828522,NA,"IA",-0.153042415032023,0.827881230179621,NA,3.27120935072033,-0.184860351283503,FALSE,NA,NA,NA,"EW Cross-Validation","EW","Cross-Validation",1.27091867637962
385,"PE",270,0.638764353157945,0.11641556732295,NA,"ME",-0.173896740190708,0.718863221024191,NA,5.4869324425138,-0.241905184609322,FALSE,NA,NA,NA,"EW Cross-Validation","EW","Cross-Validation",0.706409249234193
489,"PE",270,0.61875,0.0932436100477247,NA,"MKT",0.61875,0.0932436100477247,NA,6.63584346083669,6.63584346083669,TRUE,NA,NA,NA,"EW Cross-Validation","EW","Cross-Validation",0.585013320800649
593,"PE",270,0.989045135537447,0.229833912243157,NA,"ROE",-0.486809336567893,0.213030378833178,NA,4.30330374610283,-2.2851639246678,TRUE,NA,NA,NA,"EW Cross-Validation","EW","Cross-Validation",0.570149039987331
74,"PE",30,0.588248115515423,0.199360891974281,NA,"Alpha",0.00526395536325801,0.0018087358958664,NA,2.95066956056413,2.91029518200419,TRUE,NA,NA,NA,"EW Cross-Validation","EW","Cross-Validation",0.157610228235694
178,"PE",30,0.988564990324752,0.176318197653816,NA,"EG",0.36331117392032,0.242034358304774,NA,5.60670993396668,1.50107272564514,FALSE,NA,NA,NA,"EW Cross-Validation","EW","Cross-Validation",0.208150933672822
282,"PE",30,1.16009833721234,0.16397048588637,NA,"IA",0.474264294114415,0.45871621734218,NA,7.07504360276324,1.03389476147654,FALSE,NA,NA,NA,"EW Cross-Validation","EW","Cross-Validation",0.225952385726593
386,"PE",30,1.30835138783236,0.115399317401167,NA,"ME",0.73214038583203,0.288964626074303,NA,11.3376007527332,2.53366786024449,TRUE,NA,NA,NA,"EW Cross-Validation","EW","Cross-Validation",0.164695529864275
490,"PE",30,1.224658203125,0.0696316357190176,NA,"MKT",1.224658203125,0.0696316357190176,NA,17.5876696056204,17.5876696056204,TRUE,NA,NA,NA,"EW Cross-Validation","EW","Cross-Validation",0.194504982028721
594,"PE",30,1.04506402332174,0.147048624421745,NA,"ROE",0.493192893725793,0.475805830591216,NA,7.10692825200751,1.03654234987615,FALSE,NA,NA,NA,"EW Cross-Validation","EW","Cross-Validation",0.216336205609533
75,"PE",300,0.853565702378378,0.424803800464751,NA,"Alpha",-0.0017477662314647,0.0039194480380026,NA,2.00931748125734,-0.44592152122404,FALSE,NA,NA,NA,"EW Cross-Validation","EW","Cross-Validation",0.758052987209117
179,"PE",300,0.921847550094507,0.287631377928508,NA,"EG",-0.298409372670801,0.253154928921573,NA,3.20496170040126,-1.17876185125847,FALSE,NA,NA,NA,"EW Cross-Validation","EW","Cross-Validation",0.669684251620967
283,"PE",300,0.79506467948823,0.240560778003773,NA,"IA",-0.148346392606735,0.816587980242395,NA,3.30504700760387,-0.181666147673028,FALSE,NA,NA,NA,"EW Cross-Validation","EW","Cross-Validation",1.22730405373699
387,"PE",300,0.633904513785029,0.123288643217381,NA,"ME",-0.200883433295369,0.729292857398553,NA,5.1416294091852,-0.275449610204516,FALSE,NA,NA,NA,"EW Cross-Validation","EW","Cross-Validation",0.726876126507927
491,"PE",300,0.6156494140625,0.0933429382046635,NA,"MKT",0.6156494140625,0.0933429382046635,NA,6.59556497688801,6.59556497688801,TRUE,NA,NA,NA,"EW Cross-Validation","EW","Cross-Validation",0.593045859299345
595,"PE",300,0.973705024072384,0.243029494011481,NA,"ROE",-0.473879969954976,0.224461466096674,NA,4.0065302692289,-2.11118629043828,TRUE,NA,NA,NA,"EW Cross-Validation","EW","Cross-Validation",0.588182255470848
76,"PE",330,0.857272997701624,0.422800815749877,NA,"Alpha",-0.00177668858316136,0.00391178241249466,NA,2.02760488099147,-0.454189010484434,FALSE,NA,NA,NA,"EW Cross-Validation","EW","Cross-Validation",0.762582889021194
180,"PE",330,0.920018338956433,0.288666414654382,NA,"EG",-0.296287007413059,0.255212691002782,NA,3.18713328690476,-1.16094151215164,FALSE,NA,NA,NA,"EW Cross-Validation","EW","Cross-Validation",0.673471570319987
284,"PE",330,0.790712995960058,0.236566351603514,NA,"IA",-0.145582936022452,0.814839353059041,NA,3.34245758367739,-0.178664586431558,FALSE,NA,NA,NA,"EW Cross-Validation","EW","Cross-Validation",1.21169566433812
388,"PE",330,0.633240717407809,0.124007191404542,NA,"ME",-0.203708371170674,0.728542578994543,NA,5.10648382755498,-0.279610797013141,FALSE,NA,NA,NA,"EW Cross-Validation","EW","Cross-Validation",0.729212487563324
492,"PE",330,0.61552734375,0.0940171857620217,NA,"MKT",0.61552734375,0.0940171857620217,NA,6.54696626750811,6.54696626750811,TRUE,NA,NA,NA,"EW Cross-Validation","EW","Cross-Validation",0.594845016868872
596,"PE",330,0.972157955383507,0.243952560826195,NA,"ROE",-0.472295006117801,0.22519370782328,NA,3.98502869611656,-2.09728331525334,TRUE,NA,NA,NA,"EW Cross-Validation","EW","Cross-Validation",0.590268741405507
77,"PE",360,0.857272997701624,0.422800815749877,NA,"Alpha",-0.00177668858316136,0.00391178241249466,NA,2.02760488099147,-0.454189010484434,FALSE,NA,NA,NA,"EW Cross-Validation","EW","Cross-Validation",0.762582889021194
181,"PE",360,0.920018338956433,0.288666414654382,NA,"EG",-0.296287007413059,0.255212691002782,NA,3.18713328690476,-1.16094151215164,FALSE,NA,NA,NA,"EW Cross-Validation","EW","Cross-Validation",0.673471570319987
285,"PE",360,0.790712995960058,0.236566351603514,NA,"IA",-0.145582936022452,0.814839353059041,NA,3.34245758367739,-0.178664586431558,FALSE,NA,NA,NA,"EW Cross-Validation","EW","Cross-Validation",1.21169566433812
389,"PE",360,0.633240717407809,0.124007191404542,NA,"ME",-0.203708371170674,0.728542578994543,NA,5.10648382755498,-0.279610797013141,FALSE,NA,NA,NA,"EW Cross-Validation","EW","Cross-Validation",0.729212487563324
493,"PE",360,0.61552734375,0.0940171857620217,NA,"MKT",0.61552734375,0.0940171857620217,NA,6.54696626750811,6.54696626750811,TRUE,NA,NA,NA,"EW Cross-Validation","EW","Cross-Validation",0.594845016868872
597,"PE",360,0.972157955383507,0.243952560826195,NA,"ROE",-0.472295006117801,0.22519370782328,NA,3.98502869611656,-2.09728331525334,TRUE,NA,NA,NA,"EW Cross-Validation","EW","Cross-Validation",0.590268741405507
78,"PE",60,1.00465559413121,0.00359334785808476,NA,"Alpha",0.00269218893326471,0.00123667459555325,NA,279.587625192149,2.17695822566833,TRUE,NA,NA,NA,"EW Cross-Validation","EW","Cross-Validation",0.206184276256507
182,"PE",60,0.994689721104086,0.178294149306285,NA,"EG",0.297278573480888,0.227577934976557,NA,5.57892519173665,1.30627151314784,FALSE,NA,NA,NA,"EW Cross-Validation","EW","Cross-Validation",0.253144552976989
286,"PE",60,1.15142340543267,0.144380250065631,NA,"IA",0.368552863087761,0.429920609495827,NA,7.97493704927974,0.857257956346794,FALSE,NA,NA,NA,"EW Cross-Validation","EW","Cross-Validation",0.266032743885479
390,"PE",60,1.29003473432519,0.0999019266634587,NA,"ME",0.832653755551229,0.226640293862335,NA,12.9130115645413,3.67389991144733,TRUE,NA,NA,NA,"EW Cross-Validation","EW","Cross-Validation",0.181760126310437
494,"PE",60,1.240185546875,0.0823106390919291,NA,"MKT",1.240185546875,0.0823106390919291,NA,15.0671354342164,15.0671354342164,TRUE,NA,NA,NA,"EW Cross-Validation","EW","Cross-Validation",0.225246822686759
598,"PE",60,1.10588034959916,0.129171834980467,NA,"ROE",0.311353205336136,0.440542275325495,NA,8.56131175783318,0.706749891610499,FALSE,NA,NA,NA,"EW Cross-Validation","EW","Cross-Validation",0.273382574539513
4920,"PE",0,-0.101006378634726,11.5741774504512,5.36623014390771,"Alpha",0.0101488687332336,0.0687807097402995,0.031531291451122,-0.00872687316806158,0.14755399837474,FALSE,-0.0188225953650905,0.321866573367786,FALSE,"FW Asymptotic","FW","Asymptotic",NA
4919,"PE",0,0.816613423942182,0.914343762243278,0.501661292623919,"EG",0.883827070512052,0.64130348861965,0.342168851323388,0.893114228655838,1.37817287165303,FALSE,1.62781828287153,2.58301440091265,FALSE,"FW Asymptotic","FW","Asymptotic",NA
4917,"PE",0,1.00291096664402,0.480450324888724,0.286693533011229,"IA",1.63194924761846,1.37067711581446,0.692589449464236,2.08743945979494,1.19061537453972,FALSE,3.49819877731507,2.35630105090524,TRUE,"FW Asymptotic","FW","Asymptotic",NA
4916,"PE",0,0.947198017628398,3.38957421054977,1.9271219171448,"ME",1.793672856872,10.2806986906196,5.23291042684443,0.279444543412067,0.17446993738943,FALSE,0.49150913037809,0.342767735459525,FALSE,"FW Asymptotic","FW","Asymptotic",NA
4915,"PE",0,1.128125,1.02444679688117,0.573809511525395,"MKT",1.128125,1.02444679688117,0.573809511525395,1.1012040873518,1.1012040873518,FALSE,1.96602701304311,1.96602701304311,TRUE,"FW Asymptotic","FW","Asymptotic",NA
4918,"PE",0,0.975961039303458,1.58226515052458,0.776613881092583,"ROE",1.06302896913576,1.56931260744038,0.751030995096427,0.616812573404584,0.677385094655939,FALSE,1.25668760636936,1.41542622884595,FALSE,"FW Asymptotic","FW","Asymptotic",NA
4968,"PE",1,-0.0829093426250231,11.2718450091864,5.23648042550006,"Alpha",0.00998161347028554,0.0668248628059605,0.0306963389791783,-0.00735543671488147,0.149369756272739,FALSE,-0.0158330282724404,0.325172766597873,FALSE,"FW Asymptotic","FW","Asymptotic",NA
4967,"PE",1,0.831649495354123,0.898718657897741,0.498473500179599,"EG",0.850940276482015,0.649567335906253,0.348511354686529,0.925372460052733,1.31001087869484,FALSE,1.66839259269446,2.44164290499918,FALSE,"FW Asymptotic","FW","Asymptotic",NA
4965,"PE",1,1.01489143833376,0.418514165430819,0.458166958796589,"IA",1.39596411945348,1.31953555396052,1.05146573267395,2.42498706654058,1.05792080801731,FALSE,2.21511267639083,1.3276363423689,FALSE,"FW Asymptotic","FW","Asymptotic",NA
4964,"PE",1,0.945333948067383,3.45573485689246,1.97055210045334,"ME",1.7662402911858,10.5315948316379,5.36658004993185,0.273555115544213,0.167708720229138,FALSE,0.47973050184763,0.329118409630027,FALSE,"FW Asymptotic","FW","Asymptotic",NA
4963,"PE",1,1.123828125,1.02443191223458,0.574073805134915,"MKT",1.123828125,1.02443191223458,0.574073805134915,1.09702568963184,1.09702568963184,FALSE,1.95763700581302,1.95763700581302,FALSE,"FW Asymptotic","FW","Asymptotic",NA
4966,"PE",1,0.989430925284251,1.62692491035336,0.808002396314106,"ROE",1.00930630127332,1.64999160859444,0.794725814403467,0.608160167065947,0.611703899593227,FALSE,1.22453959270143,1.27000568369724,FALSE,"FW Asymptotic","FW","Asymptotic",NA
5016,"PE",30,-0.0267692816028018,0.278623264151015,0.130642505981645,"Alpha",0.00896940040941671,0.00112383419444603,0.000504199137895579,-0.0960769793734551,7.98107092108724,FALSE,-0.204904838602551,17.7894005270479,FALSE,"FW Asymptotic","FW","Asymptotic",NA
5015,"PE",30,0.899310757504554,1.93155686480394,1.42901838391359,"EG",0.543603755586901,1.59221147075396,1.04241190095859,0.465588548746059,0.341414294251685,FALSE,0.62932063549921,0.521486520910793,FALSE,"FW Asymptotic","FW","Asymptotic",NA
5013,"PE",30,1.04295808098523,1.07679134828013,0.729053701153124,"IA",0.789175089804667,2.61348810852039,1.68119123784212,0.968579551322604,0.301962380173772,FALSE,1.43056413997434,0.469414229649214,FALSE,"FW Asymptotic","FW","Asymptotic",NA
5012,"PE",30,1.04117929850181,1.77426034988919,1.0199149200346,"ME",2.11973862101149,4.77611923583934,2.81535363018042,0.586824418731352,0.443820289306277,FALSE,1.02084916893508,0.752920911351249,FALSE,"FW Asymptotic","FW","Asymptotic",NA
5011,"PE",30,1.1087890625,1.02448824156275,0.575077775993942,"MKT",1.1087890625,1.02448824156275,0.575077775993942,1.08228578671499,1.08228578671499,FALSE,1.92806800885952,1.92806800885952,FALSE,"FW Asymptotic","FW","Asymptotic",NA
5014,"PE",30,0.996442856543946,6.59654636062218,4.51291639311987,"ROE",0.669643193688171,6.64694985290386,4.36662073927057,0.151055234371151,0.100744432936503,FALSE,0.220797987319921,0.153355016080474,FALSE,"FW Asymptotic","FW","Asymptotic",NA
5064,"PE",60,0.00348225915468101,2.60806385000731,1.22915113776351,"Alpha",0.0082094241873911,0.00459797930261353,0.00228445954814848,0.00133518937991923,1.78544174453434,FALSE,0.00283306018901558,3.59359577806695,FALSE,"FW Asymptotic","FW","Asymptotic",NA
5063,"PE",60,0.904382091794105,3.27518869169466,1.98848415898905,"EG",0.342047287133755,2.51743249212928,1.42845504544891,0.276131294080084,0.135871483427326,FALSE,0.454809804597033,0.239452608763241,FALSE,"FW Asymptotic","FW","Asymptotic",NA
5061,"PE",60,1.00269800152837,1.63697645239833,0.907291436197162,"IA",0.49962753003183,3.85037793637137,1.98529319725263,0.612530497955129,0.1297606464322,FALSE,1.10515536852315,0.251664354022492,FALSE,"FW Asymptotic","FW","Asymptotic",NA
5060,"PE",60,1.07101711953306,1.66658243489149,0.99029528075052,"ME",2.04205942945766,5.06767634651151,2.87593543527402,0.642642750283632,0.402957744304917,FALSE,1.08151289857846,0.710050512404181,FALSE,"FW Asymptotic","FW","Asymptotic",NA
5059,"PE",60,1.0884765625,1.09175708911142,0.667784310193694,"MKT",1.0884765625,1.09175708911142,0.667784310193694,0.996995186343063,0.996995186343063,FALSE,1.62998223510864,1.62998223510864,FALSE,"FW Asymptotic","FW","Asymptotic",NA
5062,"PE",60,1.01150228371262,784.787375467334,470.626703566465,"ROE",0.240172970498679,736.719455288319,441.86981202447,0.00128888704804952,0.000326003295792814,FALSE,0.00214926666091689,0.000543537856542639,FALSE,"FW Asymptotic","FW","Asymptotic",NA
5112,"PE",120,0.0976569357063064,4.41742157966628,2.32456967117734,"Alpha",0.00646559709071225,0.0382048131383311,0.0219205228534496,0.0221072256620986,0.169235144988192,FALSE,0.0420107587727605,0.294956335391187,FALSE,"FW Asymptotic","FW","Asymptotic",NA
5111,"PE",120,0.963086577667855,10.8209291238759,5.79560745643795,"EG",-0.0577543709077872,7.05612962388398,3.86810552754857,0.0890022073560067,-0.00818499290493431,FALSE,0.166175260299596,-0.0149309191531776,FALSE,"FW Asymptotic","FW","Asymptotic",NA
5109,"PE",120,0.921717703295872,10.4189910360151,5.6599111007834,"IA",-0.0159787321696058,19.0729113575455,10.1722762231004,0.0884651594487211,-0.000837771007795535,FALSE,0.162850208578063,-0.00157081186345682,FALSE,"FW Asymptotic","FW","Asymptotic",NA
5108,"PE",120,0.89621974896195,3.83851223412499,2.55840182164465,"ME",1.60975521302859,13.5060359747299,6.91260130485107,0.233481019285131,0.119187836907919,FALSE,0.350304530500147,0.232872567364605,FALSE,"FW Asymptotic","FW","Asymptotic",NA
5107,"PE",120,0.916796875,1.8721535878278,0.92075668307923,"MKT",0.916796875,1.8721535878278,0.92075668307923,0.489701742934312,0.489701742934312,FALSE,0.995699397949535,0.995699397949535,FALSE,"FW Asymptotic","FW","Asymptotic",NA
5110,"PE",120,1.0361501671141,6.64259564529143,4.04034349891135,"ROE",-0.203834004257806,4.57801505339514,2.78938491575249,0.155985735462999,-0.0445245377921243,FALSE,0.256451009027645,-0.0730748930012113,FALSE,"FW Asymptotic","FW","Asymptotic",NA
5160,"PE",150,-0.0292621174682288,0.0817499535016757,0.0505036955809192,"Alpha",0.00683277801279189,0.000529234346374172,0.000243960893247645,-0.357946594643983,12.9106851427989,FALSE,-0.579405469869898,28.0076774676174,FALSE,"FW Asymptotic","FW","Asymptotic",NA
5159,"PE",150,0.96987181542936,3.7293171035347,1.89349707655897,"EG",-0.178328583178518,1.87104130794585,1.164470083229,0.260066867070677,-0.0953098055190981,FALSE,0.512211942355832,-0.153141403756827,FALSE,"FW Asymptotic","FW","Asymptotic",NA
5157,"PE",150,0.889585394764435,4.47626451621546,2.27644183735421,"IA",-0.232169091502146,4.22583154775137,2.4044971344044,0.198733875431596,-0.0549404510990711,FALSE,0.390778881396045,-0.0965561938836142,FALSE,"FW Asymptotic","FW","Asymptotic",NA
5156,"PE",150,0.836544049851183,6.83230768642945,3.96402254672259,"ME",1.64746129667279,16.6145929148846,8.44963274420168,0.122439457975927,0.099157487945243,FALSE,0.211034130101714,0.194974307942947,FALSE,"FW Asymptotic","FW","Asymptotic",NA
5155,"PE",150,0.80625,1.69810046198566,0.824992970778839,"MKT",0.80625,1.69810046198566,0.824992970778839,0.474795230346512,0.474795230346512,FALSE,0.977281053969291,0.977281053969291,FALSE,"FW Asymptotic","FW","Asymptotic",NA
5158,"PE",150,1.03097359727881,3.51445637272866,2.16409489918183,"ROE",-0.32489193991023,2.02485675894754,1.10246683715875,0.293352225191617,-0.160451813924408,FALSE,0.47639943963113,-0.294695431154676,FALSE,"FW Asymptotic","FW","Asymptotic",NA
5208,"PE",180,-0.0790873769328845,3.17075556796866,1.67667211969672,"Alpha",0.00662667596731961,0.0443127059182535,0.0266661031617383,-0.0249427542544857,0.149543473592975,FALSE,-0.0471692562927509,0.248505600054374,FALSE,"FW Asymptotic","FW","Asymptotic",NA
5207,"PE",180,0.959225206432348,3.66497863194204,1.86419703824837,"EG",-0.223904973398749,2.41146764004054,1.2561791246607,0.26172736672248,-0.0928500841898027,FALSE,0.514551405646289,-0.178242870784234,FALSE,"FW Asymptotic","FW","Asymptotic",NA
5205,"PE",180,0.857826821756001,3.73694871897371,1.87658377846126,"IA",-0.299731383484058,3.16611845570162,1.87356548733576,0.229552741090755,-0.0946684047605025,FALSE,0.457121516023863,-0.159979133641216,FALSE,"FW Asymptotic","FW","Asymptotic",NA
5204,"PE",180,0.76983625355624,7.48218379020501,3.61662267754837,"ME",1.59678629396553,2.59068144238819,1.72060058023039,0.102889246661388,0.61635763773934,FALSE,0.212860539291341,0.928040076420129,FALSE,"FW Asymptotic","FW","Asymptotic",NA
5203,"PE",180,0.7337890625,1.70329096922356,1.05808044790054,"MKT",0.7337890625,1.70329096922356,1.05808044790054,0.430806641823796,0.430806641823796,FALSE,0.693509708034012,0.693509708034012,FALSE,"FW Asymptotic","FW","Asymptotic",NA
5206,"PE",180,1.00231145906437,3.99850877051062,1.9754314637006,"ROE",-0.354455211260938,1.94226489582822,1.07121637673157,0.250671316881061,-0.18249581301823,FALSE,0.50738862748836,-0.330890396151737,FALSE,"FW Asymptotic","FW","Asymptotic",NA
5256,"PE",210,-0.0848944618356274,2.77684779636002,1.12826159944605,"Alpha",0.00598734731883661,0.0426790155756655,0.0205627363802324,-0.0305722416428116,0.14028784961597,FALSE,-0.0752435976526265,0.29117463785571,FALSE,"FW Asymptotic","FW","Asymptotic",NA
5255,"PE",210,0.870155651249735,3.18439330282047,1.6223805230173,"EG",-0.205824162823933,2.52077764008608,1.31717563760231,0.273256337550711,-0.0816510586062262,FALSE,0.53634498128184,-0.156261744408362,FALSE,"FW Asymptotic","FW","Asymptotic",NA
5253,"PE",210,0.724432984085069,1.94900790292616,1.14663581081026,"IA",-0.152865099313476,2.45310631052294,1.37577285260792,0.371693199908238,-0.0623149101438205,FALSE,0.631789952184691,-0.111112164354533,FALSE,"FW Asymptotic","FW","Asymptotic",NA
5252,"PE",210,0.669518610869354,4.1909533969677,2.55378229807389,"ME",1.48848848181758,1.67190276558924,1.4210375767517,0.159753294167808,0.890296082076868,FALSE,0.262167457020247,1.04746595457389,FALSE,"FW Asymptotic","FW","Asymptotic",NA
5251,"PE",210,0.6603515625,1.57633863158215,0.959021243567921,"MKT",0.6603515625,1.57633863158215,0.959021243567921,0.418914787260662,0.418914787260662,FALSE,0.688568232381634,0.688568232381634,FALSE,"FW Asymptotic","FW","Asymptotic",NA
5254,"PE",210,0.907720004557268,3.29330101586991,1.65064287072651,"ROE",-0.323303322297579,1.98621797596177,1.10889736536382,0.275626187883557,-0.162773334150814,FALSE,0.549919077382103,-0.291553873600832,FALSE,"FW Asymptotic","FW","Asymptotic",NA
5304,"PE",240,-0.176821701945161,2.7555885774962,1.11183778140009,"Alpha",0.00649328040519167,0.0422780884395348,0.0204630475798442,-0.0641683970492525,0.153585004546225,FALSE,-0.159035522000788,0.317317368288165,FALSE,"FW Asymptotic","FW","Asymptotic",NA
5303,"PE",240,0.73211413495082,1.70996382989757,0.996165558097108,"EG",-0.141641354021604,1.69000896968478,0.974042246857613,0.428145977213258,-0.0838110072563833,FALSE,0.734932189734924,-0.145416027362835,FALSE,"FW Asymptotic","FW","Asymptotic",NA
5301,"PE",240,0.565442858881214,1.3934372798347,0.78880206120986,"IA",0.0846639970917749,2.47592753511999,1.52771487788861,0.405789960598938,0.0341948606697295,FALSE,0.716837450974635,0.0554187160949728,FALSE,"FW Asymptotic","FW","Asymptotic",NA
5300,"PE",240,0.605591489475966,3.58839164501759,2.11517765867144,"ME",1.41508375376108,1.25277772774369,1.13134550483889,0.168764045116652,1.12955692172921,FALSE,0.286307623850539,1.25079716824667,FALSE,"FW Asymptotic","FW","Asymptotic",NA
5299,"PE",240,0.5966796875,1.44467754772622,0.856494193731845,"MKT",0.5966796875,1.44467754772622,0.856494193731845,0.413019284780272,0.413019284780272,FALSE,0.696653511333448,0.696653511333448,FALSE,"FW Asymptotic","FW","Asymptotic",NA
5302,"PE",240,0.767530109414452,2.82317521526083,1.31295498050664,"ROE",-0.23940183751829,3.29169559180799,1.73500156577281,0.271867684749259,-0.0727290330594624,FALSE,0.584582198788171,-0.137983643496976,FALSE,"FW Asymptotic","FW","Asymptotic",NA
5352,"PE",270,-0.224108745410702,2.22820037861795,0.929053928544464,"Alpha",0.00685224616635755,0.0382727252534785,0.0232043380837888,-0.100578362503334,0.17903732020585,FALSE,-0.241222536738863,0.295300221088604,FALSE,"FW Asymptotic","FW","Asymptotic",NA
5351,"PE",270,0.643261708553541,1.50010657406291,0.86430513740337,"EG",-0.0815797113334493,1.68829817081564,1.02074519286192,0.428810672305316,-0.0483206774393631,FALSE,0.74425301981438,-0.0799217198414814,FALSE,"FW Asymptotic","FW","Asymptotic",NA
5349,"PE",270,0.503371074037568,1.24809971612331,0.690830953420373,"IA",0.205732469286158,2.52558788035811,1.60506854808745,0.403309981994929,0.0814592399995943,FALSE,0.728645801907583,0.128176749542132,FALSE,"FW Asymptotic","FW","Asymptotic",NA
5348,"PE",270,0.600623462512519,2.59796525433902,1.53023631174811,"ME",1.36344711020998,0.954812284619117,1.1676356532155,0.231189952024717,1.42797399255695,FALSE,0.392503731548743,1.16769910755572,FALSE,"FW Asymptotic","FW","Asymptotic",NA
5347,"PE",270,0.570703125,1.39665509399132,0.819155090802677,"MKT",0.570703125,1.39665509399132,0.819155090802677,0.408621375066239,0.408621375066239,FALSE,0.69669728163537,0.69669728163537,FALSE,"FW Asymptotic","FW","Asymptotic",NA
5350,"PE",270,0.684094184800051,2.03284643684901,1.29745164525652,"ROE",-0.171397016313858,2.54066480552332,2.00452732657929,0.336520345265441,-0.0674614832862827,FALSE,0.527259869222177,-0.0855049537320829,FALSE,"FW Asymptotic","FW","Asymptotic",NA
5400,"PE",300,-0.162958053210807,2.84910142558762,1.15720637060397,"Alpha",0.00634303255363367,0.0442289806992364,0.0213699344315426,-0.0571962976632878,0.143413491637242,FALSE,-0.140820217854276,0.296820403167507,FALSE,"FW Asymptotic","FW","Asymptotic",NA
5399,"PE",300,0.621012259877052,1.46431689603324,0.836705089433641,"EG",-0.0651406203230581,1.69650100430653,1.03456060093705,0.424096902493813,-0.038397042004514,FALSE,0.742211643886869,-0.0629645283843761,FALSE,"FW Asymptotic","FW","Asymptotic",NA
5397,"PE",300,0.491803949850145,1.22361933009001,0.674433405489102,"IA",0.23030322502018,2.53549180276068,1.62029383350534,0.401925613429111,0.0908317766081604,FALSE,0.729210543023868,0.142136704008768,FALSE,"FW Asymptotic","FW","Asymptotic",NA
5396,"PE",300,0.599849064963004,2.59993389919289,1.53085296716722,"ME",1.33155206465036,0.953644925172768,1.16243224366056,0.230717044440714,1.39627656950948,FALSE,0.391839763731849,1.14548789567057,FALSE,"FW Asymptotic","FW","Asymptotic",NA
5395,"PE",300,0.5642578125,1.38520199664325,0.810256528339094,"MKT",0.5642578125,1.38520199664325,0.810256528339094,0.407346952911822,0.407346952911822,FALSE,0.696394034191425,0.696394034191425,FALSE,"FW Asymptotic","FW","Asymptotic",NA
5398,"PE",300,0.664194272957684,1.96058893593212,1.23877671674588,"ROE",-0.154142765545112,2.48908570720802,1.97363197700741,0.33877283543983,-0.0619274640076626,FALSE,0.536169483958694,-0.0781010681529575,FALSE,"FW Asymptotic","FW","Asymptotic",NA
5448,"PE",330,-0.157239907245185,2.86031319344942,1.16244949731209,"Alpha",0.00628720917677759,0.0445339826125777,0.0215181437002298,-0.0549729685564818,0.14117778846489,FALSE,-0.135266011649339,0.29218176364862,FALSE,"FW Asymptotic","FW","Asymptotic",NA
5447,"PE",330,0.620200551695829,1.46296466605954,0.835683874284691,"EG",-0.0646285084984785,1.69681896660318,1.03506830718335,0.423934060804301,-0.0380880398973007,FALSE,0.742147324820278,-0.0624388825838432,FALSE,"FW Asymptotic","FW","Asymptotic",NA
5445,"PE",330,0.491126988118048,1.22224781585366,0.673513798856562,"IA",0.231545193301281,2.53597688099054,1.62109029079648,0.40182275783003,0.0913041420199543,FALSE,0.729201077916806,0.142833002341601,FALSE,"FW Asymptotic","FW","Asymptotic",NA
5444,"PE",330,0.599576082007263,2.1503790331038,1.26932010478216,"ME",1.32615358744091,0.759252277690432,1.12821850662442,0.278823441252518,1.7466573712165,FALSE,0.472360029395549,1.17544037759911,FALSE,"FW Asymptotic","FW","Asymptotic",NA
5443,"PE",330,0.5640625,1.38485775615725,0.809989103619894,"MKT",0.5640625,1.38485775615725,0.809989103619894,0.407307174684265,0.407307174684265,FALSE,0.696382824755504,0.696382824755504,FALSE,"FW Asymptotic","FW","Asymptotic",NA
5446,"PE",330,0.663586352759739,1.95806532828489,1.23676137738814,"ROE",-0.153849598841043,2.48713999050246,1.97226539051024,0.338898985224864,-0.0618580375164012,FALSE,0.536551646010435,-0.078006539881147,FALSE,"FW Asymptotic","FW","Asymptotic",NA
5496,"PE",360,-0.157239907245185,2.86031319344942,1.16244949731209,"Alpha",0.00628720917677759,0.0445339826125777,0.0215181437002298,-0.0549729685564818,0.14117778846489,FALSE,-0.135266011649339,0.29218176364862,FALSE,"FW Asymptotic","FW","Asymptotic",NA
5495,"PE",360,0.620200551695829,1.46296466605954,0.835683874284691,"EG",-0.0646285084984785,1.69681896660318,1.03506830718335,0.423934060804301,-0.0380880398973007,FALSE,0.742147324820278,-0.0624388825838432,FALSE,"FW Asymptotic","FW","Asymptotic",NA
5493,"PE",360,0.491126988118048,1.22224781585366,0.673513798856562,"IA",0.231545193301281,2.53597688099054,1.62109029079648,0.40182275783003,0.0913041420199543,FALSE,0.729201077916806,0.142833002341601,FALSE,"FW Asymptotic","FW","Asymptotic",NA
5492,"PE",360,0.599576082007263,2.1503790331038,1.26932010478216,"ME",1.32615358744091,0.759252277690432,1.12821850662442,0.278823441252518,1.7466573712165,FALSE,0.472360029395549,1.17544037759911,FALSE,"FW Asymptotic","FW","Asymptotic",NA
5491,"PE",360,0.5640625,1.38485775615725,0.809989103619894,"MKT",0.5640625,1.38485775615725,0.809989103619894,0.407307174684265,0.407307174684265,FALSE,0.696382824755504,0.696382824755504,FALSE,"FW Asymptotic","FW","Asymptotic",NA
5494,"PE",360,0.663586352759739,1.95806532828489,1.23676137738814,"ROE",-0.153849598841043,2.48713999050246,1.97226539051024,0.338898985224864,-0.0618580375164012,FALSE,0.536551646010435,-0.078006539881147,FALSE,"FW Asymptotic","FW","Asymptotic",NA
66,"PE",0,-0.137570380755047,0.636997237456905,NA,"Alpha",0.00950516335297613,0.00504520536128569,NA,-0.215966997446129,1.88399929682028,FALSE,NA,NA,NA,"FW Cross-Validation","FW","Cross-Validation",278.245423229443
170,"PE",0,0.847032009611632,0.274722091720077,NA,"EG",0.682768513300318,0.704879255836149,NA,3.08323223774336,0.968631872263567,FALSE,NA,NA,NA,"FW Cross-Validation","FW","Cross-Validation",291.163276680144
274,"PE",0,0.959689266375431,0.323534438000962,NA,"IA",1.2145677696504,1.22995279917035,NA,2.96626619504591,0.987491365904179,FALSE,NA,NA,NA,"FW Cross-Validation","FW","Cross-Validation",352.442659552669
378,"PE",0,0.90961812567698,0.14029424339178,NA,"ME",1.79694264870484,0.432494132153272,NA,6.48364539902622,4.15483706046679,TRUE,NA,NA,NA,"FW Cross-Validation","FW","Cross-Validation",170.527378834427
482,"PE",0,1.06195068359375,0.171477271794717,NA,"MKT",1.06195068359375,0.171477271794717,NA,6.19295299300691,6.19295299300691,TRUE,NA,NA,NA,"FW Cross-Validation","FW","Cross-Validation",217.480184681759
586,"PE",0,0.991091709584493,0.207023950546609,NA,"ROE",0.802000360810716,1.02221480267368,NA,4.78732874610737,0.784571264975837,FALSE,NA,NA,NA,"FW Cross-Validation","FW","Cross-Validation",274.954315050091
67,"PE",1,-0.117116424458905,0.637263343316791,NA,"Alpha",0.00930850645806978,0.00501649697746237,NA,-0.183780262409798,1.85557900261679,FALSE,NA,NA,NA,"FW Cross-Validation","FW","Cross-Validation",273.345021602616
171,"PE",1,0.868937082340741,0.263105810882036,NA,"EG",0.638649915711152,0.673580842481505,NA,3.30261456190464,0.948141448557732,FALSE,NA,NA,NA,"FW Cross-Validation","FW","Cross-Validation",285.506020081561
275,"PE",1,0.971991420600405,0.290987542674929,NA,"IA",0.961171957738815,1.05528129102674,NA,3.34031969776192,0.910820618077709,FALSE,NA,NA,NA,"FW Cross-Validation","FW","Cross-Validation",342.025392739858
379,"PE",1,0.910363944035808,0.139856119802337,NA,"ME",1.60993931396935,0.707954975373142,NA,6.50928929904859,2.27407020216335,TRUE,NA,NA,NA,"FW Cross-Validation","FW","Cross-Validation",206.143701442371
483,"PE",1,1.0594970703125,0.166058192333584,NA,"MKT",1.0594970703125,0.166058192333584,NA,6.38027582634491,6.38027582634491,TRUE,NA,NA,NA,"FW Cross-Validation","FW","Cross-Validation",216.639900633149
587,"PE",1,1.0062016921623,0.207131678123564,NA,"ROE",0.744684103798465,0.970783376016401,NA,4.85778757396082,0.76709606097116,FALSE,NA,NA,NA,"FW Cross-Validation","FW","Cross-Validation",271.975482136511
68,"PE",120,0.220151095677343,0.573053959862586,NA,"Alpha",0.00505245739424995,0.00433772597278456,NA,0.384171668109811,1.16477099428357,FALSE,NA,NA,NA,"FW Cross-Validation","FW","Cross-Validation",490.512653760523
172,"PE",120,0.922706693041125,0.335202593460713,NA,"EG",-0.00299137764697762,0.429349276683931,NA,2.75268363384327,-0.00696723579012745,FALSE,NA,NA,NA,"FW Cross-Validation","FW","Cross-Validation",588.456030974685
276,"PE",120,0.901394911772585,0.354106100761852,NA,"IA",0.0307644577974795,0.850226914303895,NA,2.54555035858816,0.0361838202013015,FALSE,NA,NA,NA,"FW Cross-Validation","FW","Cross-Validation",620.113175996626
380,"PE",120,0.907234845868819,0.229673434670697,NA,"ME",1.88507711214558,0.648576519793398,NA,3.95010788761705,2.90648374496515,TRUE,NA,NA,NA,"FW Cross-Validation","FW","Cross-Validation",400.72076638021
484,"PE",120,0.87099609375,0.218194297747387,NA,"MKT",0.87099609375,0.218194297747387,NA,3.99183710455344,3.99183710455344,TRUE,NA,NA,NA,"FW Cross-Validation","FW","Cross-Validation",417.012180371545
588,"PE",120,0.99620040003008,0.242607365082474,NA,"ROE",-0.025592770638977,0.726552502605173,NA,4.10622488600634,-0.0352249432039804,FALSE,NA,NA,NA,"FW Cross-Validation","FW","Cross-Validation",716.263043977883
69,"PE",150,0.137661221644111,0.569981440352972,NA,"Alpha",0.00516544543654625,0.0043358926478201,NA,0.241518779205972,1.19132226189761,FALSE,NA,NA,NA,"FW Cross-Validation","FW","Cross-Validation",572.699220694776
173,"PE",150,0.868878973227951,0.34437357718815,NA,"EG",-0.0428565730026386,0.420256329016028,NA,2.52307096358103,-0.101977222099144,FALSE,NA,NA,NA,"FW Cross-Validation","FW","Cross-Validation",741.726211481121
277,"PE",150,0.826205405822429,0.371534407385476,NA,"IA",-0.0147257984231986,0.826793116368968,NA,2.22376552318941,-0.0178107414438451,FALSE,NA,NA,NA,"FW Cross-Validation","FW","Cross-Validation",745.24608276402
381,"PE",150,0.872221836899571,0.244201299535822,NA,"ME",1.95559100604874,0.728213748456046,NA,3.57173298650535,2.68546290178533,TRUE,NA,NA,NA,"FW Cross-Validation","FW","Cross-Validation",490.093196733855
485,"PE",150,0.7767333984375,0.226761349762751,NA,"MKT",0.7767333984375,0.226761349762751,NA,3.42533416408995,3.42533416408995,TRUE,NA,NA,NA,"FW Cross-Validation","FW","Cross-Validation",514.788834279854
589,"PE",150,0.948976433418142,0.242892642111621,NA,"ROE",-0.0730214391861335,0.725014243754521,NA,3.90697892356098,-0.100717247716388,FALSE,NA,NA,NA,"FW Cross-Validation","FW","Cross-Validation",994.859988886983
70,"PE",180,0.105106226228272,0.629578668952235,NA,"Alpha",0.00495521262702042,0.00474737735524939,NA,0.166946930402189,1.04377896598871,FALSE,NA,NA,NA,"FW Cross-Validation","FW","Cross-Validation",654.620979671895
174,"PE",180,0.806980735490839,0.382422411989097,NA,"EG",-0.0421686018177986,0.431506750673672,NA,2.11018159551236,-0.0977240836950166,FALSE,NA,NA,NA,"FW Cross-Validation","FW","Cross-Validation",883.933695249699
278,"PE",180,0.753504765480422,0.403884569593572,NA,"IA",0.0292047080440345,0.851861724919579,NA,1.86564385522,0.034283390355156,FALSE,NA,NA,NA,"FW Cross-Validation","FW","Cross-Validation",872.019165502274
382,"PE",180,0.818518892279088,0.254666807609499,NA,"ME",1.93396575699053,0.757495347900896,NA,3.21407764114352,2.5531057878438,TRUE,NA,NA,NA,"FW Cross-Validation","FW","Cross-Validation",578.952380357801
486,"PE",180,0.70634765625,0.219305822374441,NA,"MKT",0.70634765625,0.219305822374441,NA,3.22083403259576,3.22083403259576,TRUE,NA,NA,NA,"FW Cross-Validation","FW","Cross-Validation",569.55265001731
590,"PE",180,0.883660501124165,0.270256538407667,NA,"ROE",-0.070065005676092,0.695827521430097,NA,3.26970998122981,-0.100693064758478,FALSE,NA,NA,NA,"FW Cross-Validation","FW","Cross-Validation",1201.53236356008
71,"PE",210,0.126552289069908,0.690293515490246,NA,"Alpha",0.00437535397592159,0.00514048563124083,NA,0.183331128324493,0.85115576422017,FALSE,NA,NA,NA,"FW Cross-Validation","FW","Cross-Validation",747.636939800298
175,"PE",210,0.737534547184367,0.425974013429946,NA,"EG",-0.0314577353834296,0.443917805142854,NA,1.73140737212051,-0.0708638739401464,FALSE,NA,NA,NA,"FW Cross-Validation","FW","Cross-Validation",1006.76153702605
279,"PE",210,0.66140717207233,0.421166213710811,NA,"IA",0.128171825200962,0.874655958365646,NA,1.57041840143065,0.146539703954523,FALSE,NA,NA,NA,"FW Cross-Validation","FW","Cross-Validation",1039.50814505902
383,"PE",210,0.720885815919282,0.259374782827197,NA,"ME",1.7648111439796,0.744807530637173,NA,2.77932113546889,2.36948617110494,TRUE,NA,NA,NA,"FW Cross-Validation","FW","Cross-Validation",687.392565914366
487,"PE",210,0.63851318359375,0.207623906508096,NA,"MKT",0.63851318359375,0.207623906508096,NA,3.07533556386895,3.07533556386895,TRUE,NA,NA,NA,"FW Cross-Validation","FW","Cross-Validation",610.627996543731
591,"PE",210,0.800471203141198,0.323462489181716,NA,"ROE",-0.0473456258810309,0.678319449107556,NA,2.47469561359712,-0.0697984201150683,FALSE,NA,NA,NA,"FW Cross-Validation","FW","Cross-Validation",1350.76390959632
72,"PE",240,0.0937429809797722,0.716312970686936,NA,"Alpha",0.00441082900438738,0.00525411556192211,NA,0.130868747064392,0.839499807799006,FALSE,NA,NA,NA,"FW Cross-Validation","FW","Cross-Validation",800.35934972659
176,"PE",240,0.626467477324829,0.484745020162929,NA,"EG",0.0218377596289486,0.462960202914779,NA,1.29236495738371,0.0471698420111683,FALSE,NA,NA,NA,"FW Cross-Validation","FW","Cross-Validation",1073.25803826792
280,"PE",240,0.558767968036267,0.441263605342206,NA,"IA",0.276151839559486,0.896448083253546,NA,1.26629062825821,0.30805112389468,FALSE,NA,NA,NA,"FW Cross-Validation","FW","Cross-Validation",1150.87582014397
384,"PE",240,0.640175307110548,0.241286508932775,NA,"ME",1.55337517588889,0.660641373361624,NA,2.6531748913028,2.35131379674975,TRUE,NA,NA,NA,"FW Cross-Validation","FW","Cross-Validation",732.934963387814
488,"PE",240,0.574365234375,0.18919811946772,NA,"MKT",0.574365234375,0.18919811946772,NA,3.03578722659025,3.03578722659025,TRUE,NA,NA,NA,"FW Cross-Validation","FW","Cross-Validation",633.044377839455
592,"PE",240,0.680888680822282,0.390263973812152,NA,"ROE",0.0270708888196923,0.679590866810329,NA,1.74468751027995,0.0398340974574158,FALSE,NA,NA,NA,"FW Cross-Validation","FW","Cross-Validation",1445.25901555015
73,"PE",270,0.0695502209266032,0.722835088019864,NA,"Alpha",0.00457068048768002,0.00528674413969046,NA,0.0962186563426649,0.864554888019914,FALSE,NA,NA,NA,"FW Cross-Validation","FW","Cross-Validation",814.953362011068
177,"PE",270,0.57194587084224,0.512710507654649,NA,"EG",0.0627484546467442,0.482098955228275,NA,1.11553374136715,0.130156794505047,FALSE,NA,NA,NA,"FW Cross-Validation","FW","Cross-Validation",1121.60295982215
281,"PE",270,0.530274673976953,0.447402264878153,NA,"IA",0.325336929844523,0.896536907360926,NA,1.18523019574201,0.36288180349674,FALSE,NA,NA,NA,"FW Cross-Validation","FW","Cross-Validation",1178.13928002679
385,"PE",270,0.621862324485692,0.230667270296865,NA,"ME",1.44313399612541,0.573909572515421,NA,2.69592787778416,2.51456686773879,TRUE,NA,NA,NA,"FW Cross-Validation","FW","Cross-Validation",709.79437406862
489,"PE",270,0.5451904296875,0.181041005100085,NA,"MKT",0.5451904296875,0.181041005100085,NA,3.0114195918549,3.0114195918549,TRUE,NA,NA,NA,"FW Cross-Validation","FW","Cross-Validation",639.27986516812
593,"PE",270,0.623580656386146,0.424714228044583,NA,"ROE",0.0865595524601022,0.714350818975538,NA,1.4682358518036,0.12117232900249,FALSE,NA,NA,NA,"FW Cross-Validation","FW","Cross-Validation",1563.73393606604
74,"PE",30,-0.0566682323439943,0.611453700635805,NA,"Alpha",0.00839002865780009,0.00472494522175667,NA,-0.0926778794290872,1.77568802685098,FALSE,NA,NA,NA,"FW Cross-Validation","FW","Cross-Validation",312.72349357223
178,"PE",30,0.931459644689539,0.251445148717881,NA,"EG",0.353374949948615,0.490824600040456,NA,3.70442479975873,0.719961774368051,FALSE,NA,NA,NA,"FW Cross-Validation","FW","Cross-Validation",312.337708138179
282,"PE",30,1.04265084413739,0.280256351299382,NA,"IA",0.426295321016269,0.851939319401142,NA,3.72034688706693,0.500382258816187,FALSE,NA,NA,NA,"FW Cross-Validation","FW","Cross-Validation",384.834702410728
386,"PE",30,1.00434499498902,0.191853867145566,NA,"ME",2.04705967545176,0.537675481705588,NA,5.23494787950762,3.80724013852776,TRUE,NA,NA,NA,"FW Cross-Validation","FW","Cross-Validation",200.472341657718
490,"PE",30,1.04193115234375,0.195652821093365,NA,"MKT",1.04193115234375,0.195652821093365,NA,5.32540827431537,5.32540827431537,TRUE,NA,NA,NA,"FW Cross-Validation","FW","Cross-Validation",253.118238427183
594,"PE",30,0.990446344676948,0.222027181832927,NA,"ROE",0.56634510508483,0.959635086832186,NA,4.46092382248155,0.59016715088479,FALSE,NA,NA,NA,"FW Cross-Validation","FW","Cross-Validation",321.931764681123
75,"PE",300,0.0759378550135245,0.719762986015309,NA,"Alpha",0.00450491444925373,0.00525328582967165,NA,0.105503973514844,0.85754223077089,FALSE,NA,NA,NA,"FW Cross-Validation","FW","Cross-Validation",826.377804149251
179,"PE",300,0.561022259790109,0.519191622335656,NA,"EG",0.0709193000282791,0.484471672234145,NA,1.08056878357604,0.146384823082089,FALSE,NA,NA,NA,"FW Cross-Validation","FW","Cross-Validation",1131.41327464349
283,"PE",300,0.525099452839568,0.448488093362527,NA,"IA",0.333340988074484,0.893686723155225,NA,1.17082138993401,0.372995345502728,FALSE,NA,NA,NA,"FW Cross-Validation","FW","Cross-Validation",1185.57933463589
387,"PE",300,0.615650627637485,0.230338616761424,NA,"ME",1.37369402377077,0.549795497969084,NA,2.67280682802377,2.49855451498808,TRUE,NA,NA,NA,"FW Cross-Validation","FW","Cross-Validation",695.212402610756
491,"PE",300,0.538037109375,0.180173146062079,NA,"MKT",0.538037109375,0.180173146062079,NA,2.98622253723437,2.98622253723437,TRUE,NA,NA,NA,"FW Cross-Validation","FW","Cross-Validation",642.954324180031
595,"PE",300,0.611146071711736,0.433174594893389,NA,"ROE",0.0957901823474637,0.712379812686513,NA,1.41085391183236,0.134465043283893,FALSE,NA,NA,NA,"FW Cross-Validation","FW","Cross-Validation",1559.99093779145
76,"PE",330,0.0793652639026518,0.718837856388846,NA,"Alpha",0.00447355552007062,0.00524286632953268,NA,0.110407741046571,0.853265225335121,FALSE,NA,NA,NA,"FW Cross-Validation","FW","Cross-Validation",830.098211594408
180,"PE",330,0.560102773305016,0.519818544143844,NA,"EG",0.0712897244880723,0.484392292495996,NA,1.07749671421884,0.14717353185107,FALSE,NA,NA,NA,"FW Cross-Validation","FW","Cross-Validation",1131.81395853476
284,"PE",330,0.523991254187094,0.448625579130894,NA,"IA",0.335041515451651,0.893300484238422,NA,1.16799237172834,0.375060264002083,FALSE,NA,NA,NA,"FW Cross-Validation","FW","Cross-Validation",1187.26602870856
388,"PE",330,0.61448763354365,0.231149388424775,NA,"ME",1.36050922213292,0.549020068721225,NA,2.65840042983124,2.4780682886544,TRUE,NA,NA,NA,"FW Cross-Validation","FW","Cross-Validation",693.498529327602
492,"PE",330,0.5376220703125,0.180561549025516,NA,"MKT",0.5376220703125,0.180561549025516,NA,2.97750032171315,2.97750032171315,TRUE,NA,NA,NA,"FW Cross-Validation","FW","Cross-Validation",644.235994688414
596,"PE",330,0.609924958173254,0.434107739086004,NA,"ROE",0.094281279800265,0.706844740154492,NA,1.40500825775976,0.133383294016814,FALSE,NA,NA,NA,"FW Cross-Validation","FW","Cross-Validation",1540.55210671457
77,"PE",360,0.0793652639026518,0.718837856388846,NA,"Alpha",0.00447355552007062,0.00524286632953268,NA,0.110407741046571,0.853265225335121,FALSE,NA,NA,NA,"FW Cross-Validation","FW","Cross-Validation",830.098211594408
181,"PE",360,0.560102773305016,0.519818544143844,NA,"EG",0.0712897244880723,0.484392292495996,NA,1.07749671421884,0.14717353185107,FALSE,NA,NA,NA,"FW Cross-Validation","FW","Cross-Validation",1131.81395853476
285,"PE",360,0.523991254187094,0.448625579130894,NA,"IA",0.335041515451651,0.893300484238422,NA,1.16799237172834,0.375060264002083,FALSE,NA,NA,NA,"FW Cross-Validation","FW","Cross-Validation",1187.26602870856
389,"PE",360,0.61448763354365,0.231149388424775,NA,"ME",1.36050922213292,0.549020068721225,NA,2.65840042983124,2.4780682886544,TRUE,NA,NA,NA,"FW Cross-Validation","FW","Cross-Validation",693.498529327602
493,"PE",360,0.5376220703125,0.180561549025516,NA,"MKT",0.5376220703125,0.180561549025516,NA,2.97750032171315,2.97750032171315,TRUE,NA,NA,NA,"FW Cross-Validation","FW","Cross-Validation",644.235994688414
597,"PE",360,0.609924958173254,0.434107739086004,NA,"ROE",0.094281279800265,0.706844740154492,NA,1.40500825775976,0.133383294016814,FALSE,NA,NA,NA,"FW Cross-Validation","FW","Cross-Validation",1540.55210671457
78,"PE",60,0.0305642312546787,0.581306261023842,NA,"Alpha",0.00727462162669942,0.00438012027071807,NA,0.0525785344215054,1.66082691275206,FALSE,NA,NA,NA,"FW Cross-Validation","FW","Cross-Validation",362.671036321046
182,"PE",60,0.911162499623356,0.278670210213198,NA,"EG",0.234895383410037,0.449038001716907,NA,3.269680311097,0.523108027632204,FALSE,NA,NA,NA,"FW Cross-Validation","FW","Cross-Validation",384.08827165019
286,"PE",60,1.01187567556587,0.310925444293425,NA,"IA",0.255814076358083,0.841137128275815,NA,3.25439970943951,0.304128860513455,FALSE,NA,NA,NA,"FW Cross-Validation","FW","Cross-Validation",439.967487654697
390,"PE",60,1.05191908625134,0.21822625687196,NA,"ME",2.11003626033711,0.587040783079087,NA,4.82031402329618,3.59436059837233,TRUE,NA,NA,NA,"FW Cross-Validation","FW","Cross-Validation",240.50288541373
494,"PE",60,1.02255859375,0.209510482843168,NA,"MKT",1.02255859375,0.209510482843168,NA,4.88070372361964,4.88070372361964,TRUE,NA,NA,NA,"FW Cross-Validation","FW","Cross-Validation",288.944389906853
598,"PE",60,0.994791727728192,0.227867245378849,NA,"ROE",0.286670999554226,0.818831058448031,NA,4.36566355148703,0.350097857911701,FALSE,NA,NA,NA,"FW Cross-Validation","FW","Cross-Validation",422.32329909798
