year,month,R_F,R_MKT,R_ME,R_IA,R_ROE,R_EG
1967,1,0.3927,8.1603,6.7282,-2.9434,1.8866,-2.2469
1967,2,0.3743,0.7202,1.6918,-0.2064,3.5317,2.5812
1967,3,0.3693,3.9691,1.9517,-1.6933,1.8876,-1.4789
1967,4,0.3344,3.8265,-0.7446,-2.9519,1.0983,-2.2351
1967,5,0.3126,-4.2419,2.9132,2.4686,0.5234,0.2749
1967,6,0.2674,2.4229,6.2350,-2.1700,0.2945,-0.4518
1967,7,0.3153,4.6036,3.0119,2.3713,-0.7125,-0.1554
1967,8,0.3240,-0.9522,0.2796,1.8169,-0.6780,-0.0121
1967,9,0.3177,3.1109,1.7933,-0.4427,0.7640,-0.5957
1967,10,0.3649,-3.1082,0.7602,-2.4696,3.3736,0.1947
1967,11,0.3416,0.4486,0.1462,-2.7052,0.7948,0.2268
1967,12,0.3565,3.0134,4.5301,0.3024,0.8415,1.5013
1968,1,0.3934,-4.0264,5.3829,4.7175,-2.7611,1.1872
1968,2,0.3849,-3.7473,-1.5916,2.7512,-0.3786,3.3638
1968,3,0.3977,0.1139,-2.2592,-1.1343,1.6762,1.1894
1968,4,0.4263,8.9885,5.3526,-2.6056,3.7654,-1.9498
1968,5,0.4672,2.2369,6.6977,-2.3165,1.9600,-0.3907
1968,6,0.4436,0.7091,-0.4317,2.4451,-0.4770,-0.0139
1968,7,0.4790,-2.6814,-1.1638,2.7644,-2.1010,3.3461
1968,8,0.4476,1.3562,2.1609,0.3690,-0.7607,1.5628
1968,9,0.4203,4.0251,1.4565,-0.5757,-3.4236,-1.1965
1968,10,0.4394,0.4647,-0.6765,2.6934,0.6051,2.5335
1968,11,0.4457,5.4045,2.8180,-1.3500,-0.4084,-0.9061
1968,12,0.4249,-3.8122,3.1692,2.5891,-0.7669,-0.8123
1969,1,0.5025,-1.1736,-0.3062,1.1287,-0.0599,0.4839
1969,2,0.4619,-5.8259,-3.8896,0.8468,1.0708,2.3862
1969,3,0.4802,2.5704,-0.3290,0.4342,1.9151,2.5092
1969,4,0.4859,1.5667,-0.1529,0.5729,2.0249,-0.2396
1969,5,0.5215,-0.0175,0.3868,1.4177,-0.0632,0.0143
1969,6,0.5137,-7.2524,-4.7110,-0.6272,3.4035,2.6999
1969,7,0.5520,-7.0692,-2.9302,1.9971,2.0585,3.4093
1969,8,0.5890,4.5600,1.0624,-2.5157,0.4656,-2.1044
1969,9,0.5856,-2.8446,0.7009,0.0668,2.0461,2.7936
1969,10,0.5724,4.9914,2.7812,-1.5403,-1.0961,-1.2450
1969,11,0.5509,-3.7673,-2.0346,0.1868,2.7251,2.3591
1969,12,0.5846,-2.5527,-3.7731,-0.6988,3.5171,1.6236
1970,1,0.5781,-7.9035,3.5944,3.5430,-1.1151,3.2645
1970,2,0.6167,5.0539,-2.4785,1.7291,-2.1480,0.1417
1970,3,0.5542,-1.0271,-1.2521,3.3862,-0.9004,3.0289
1970,4,0.5286,-11.0604,-4.6176,5.1869,0.3842,5.5544
1970,5,0.5546,-6.9892,-3.2345,3.1902,0.2447,3.5983
1970,6,0.5546,-5.6613,-1.8501,3.7465,2.6608,3.4015
1970,7,0.4886,6.9283,-0.4726,2.5463,-0.8376,-1.2997
1970,8,0.5020,4.5016,0.6459,-0.8656,-3.3301,-2.1074
1970,9,0.5034,4.2502,7.1669,-4.5667,-1.3578,-5.4366
1970,10,0.4954,-2.3162,-3.2219,2.9508,5.4955,3.8581
1970,11,0.4489,4.5959,-3.7022,0.7996,0.6343,2.1569
1970,12,0.3786,5.6937,2.7348,0.2506,-1.0453,-0.2209
1971,1,0.3777,4.8253,6.7855,-0.2393,-4.3397,-3.1099
1971,2,0.3344,1.3569,1.4429,0.6299,2.4201,0.7462
1971,3,0.2924,4.1854,2.6136,-1.9517,1.9082,-0.3295
1971,4,0.2804,3.0528,-0.2761,1.3011,-1.1778,-0.8496
1971,5,0.3127,-3.9536,-1.4764,0.8408,1.4227,0.8511
1971,6,0.3505,-0.0386,-0.6857,-0.7086,4.3661,2.3722
1971,7,0.4272,-4.4555,0.2058,2.3799,2.3820,0.6458
1971,8,0.4446,3.8065,-2.2947,1.5681,-3.3154,0.0843
1971,9,0.3630,-0.8646,0.3436,0.0654,2.7789,1.3024
1971,10,0.3855,-4.4537,-1.2297,-0.8146,1.8180,2.5812
1971,11,0.3506,-0.4768,-2.6877,-0.2272,1.6929,1.5225
1971,12,0.3152,8.8105,2.7116,-2.1490,-1.4548,-1.5395
1972,1,0.2850,2.5533,6.6986,0.1462,-6.5071,2.0035
1972,2,0.2659,2.8690,0.4947,1.9682,1.0483,-0.3198
1972,3,0.2590,0.6132,-1.0273,1.8522,2.0909,1.5623
1972,4,0.2962,0.2543,0.2123,0.3007,0.7439,0.2764
1972,5,0.2942,1.3433,-2.5167,-1.4978,2.0885,1.2908
1972,6,0.2800,-2.3696,0.4544,-0.0442,3.5904,1.5981
1972,7,0.3084,-0.7338,-1.9601,-0.3813,2.1009,3.2245
1972,8,0.2988,3.2978,-3.5030,3.5751,-1.5003,0.5274
1972,9,0.3546,-1.1217,-1.0618,-1.1171,2.1073,0.4777
1972,10,0.3891,0.4785,-3.0778,-0.4564,-0.4273,0.6831
1972,11,0.3739,4.6025,-0.9411,2.6856,-4.0002,0.7227
1972,12,0.4185,0.7058,-1.7259,-1.4356,2.9658,1.8260
1973,1,0.4410,-3.1862,-2.3790,0.3819,-0.4243,3.3714
1973,2,0.4277,-4.8647,-4.4754,0.0895,-1.0202,1.4968
1973,3,0.4750,-1.2609,-1.6619,0.5769,-1.9084,3.2346
1973,4,0.5002,-5.6768,-2.9180,3.1285,-0.4763,4.0611
1973,5,0.5098,-2.9609,-5.7174,-0.4296,1.5506,1.5935
1973,6,0.5379,-1.4025,-1.2292,0.4198,-0.2085,2.8674
1973,7,0.6540,5.0416,7.9566,-5.7598,1.1344,-4.0992
1973,8,0.6855,-3.6512,-1.9410,1.6852,1.4658,1.5273
1973,9,0.6749,4.7186,5.7177,2.1917,-1.2980,-1.5706
1973,10,0.6856,-0.7270,-1.1937,2.6122,0.4963,4.1570
1973,11,0.5529,-12.6237,-7.4069,1.9803,-1.1485,2.1201
1973,12,0.6961,0.4477,-4.5565,2.5209,3.6897,4.5754
1974,1,0.6274,-0.1861,11.5318,2.0989,-4.7769,-0.5303
1974,2,0.5819,-0.3473,-0.4940,2.1141,-1.0424,1.4956
1974,3,0.5677,-2.9041,1.8302,-0.0561,1.8220,1.1659
1974,4,0.7949,-5.3909,-0.4711,2.3695,2.2048,2.5009
1974,5,0.7235,-4.9216,-4.0803,-0.3267,2.2504,0.4030
1974,6,0.6892,-2.9834,0.2569,1.5964,1.5679,2.1942
1974,7,0.6756,-7.7630,3.5312,4.4291,2.5754,5.7334
1974,8,0.5940,-9.3697,2.2084,3.1493,2.9710,4.9026
1974,9,0.7997,-11.7715,2.0542,4.8696,-2.3265,3.4019
1974,10,0.5254,16.0330,-6.1756,-1.8660,8.4657,0.7406
1974,11,0.5139,-4.6185,-0.8272,2.5433,1.7198,1.3750
1974,12,0.7009,-3.4014,-3.8523,2.1589,0.4904,1.9947
1975,1,0.5387,13.6213,12.4554,-0.5409,-11.6678,-5.4121
1975,2,0.4326,5.4086,-1.3678,-1.6715,3.5775,0.6185
1975,3,0.4014,2.6176,3.3142,-0.6368,-1.7323,-1.7972
1975,4,0.4489,4.2008,-1.3525,-0.0429,3.3383,2.2828
1975,5,0.4869,5.0271,3.2779,-0.1207,-0.2728,-0.0100
1975,6,0.4133,4.7340,1.6136,0.3474,-1.5739,-0.6553
1975,7,0.4811,-6.5196,2.9714,1.4388,-1.3878,1.7376
1975,8,0.4815,-2.8372,-3.2150,-0.1715,0.7130,1.3730
1975,9,0.5575,-4.3585,0.6399,1.3497,1.6701,3.2938
1975,10,0.5185,5.0672,-4.6539,2.9666,2.4021,2.5945
1975,11,0.4127,2.7095,-0.4698,1.5790,0.6747,1.5925
1975,12,0.4983,-1.5981,0.2833,-0.0444,-2.2549,0.4867
1976,1,0.4402,12.1610,6.7636,1.4911,-2.6485,0.9416
1976,2,0.3452,0.3858,6.9406,2.1535,-3.7705,0.8377
1976,3,0.4344,2.2396,-0.4251,1.6998,2.4445,1.6319
1976,4,0.4440,-1.4842,-0.5911,-0.7454,-0.2820,0.0682
1976,5,0.4124,-1.3450,-1.2445,-0.9753,0.4638,0.4006
1976,6,0.4446,4.0076,0.0400,1.3420,-0.0402,0.9974
1976,7,0.4390,-1.0525,1.1583,0.9213,0.7522,1.6020
1976,8,0.4745,-0.6143,-2.0533,-0.5975,0.0019,0.6296
1976,9,0.3924,2.0588,-0.2218,-1.4154,1.1099,0.9664
1976,10,0.4092,-2.4465,0.7091,-1.1258,0.2980,-0.4814
1976,11,0.4440,0.0921,3.4747,-0.2677,-0.5127,0.0745
1976,12,0.3579,5.8014,3.3003,1.8146,-1.0926,1.0778
1977,1,0.3594,-3.9922,6.0477,0.9953,-2.1494,1.6548
1977,2,0.3499,-1.9243,1.0733,0.1210,1.2510,0.3944
1977,3,0.3769,-1.3018,1.4505,-0.1567,0.2845,-0.3464
1977,4,0.4114,0.0848,1.2282,1.2277,0.3708,0.7455
1977,5,0.3855,-1.4632,1.5106,0.2061,1.7462,2.7125
1977,6,0.3716,4.7653,3.0804,-0.7070,2.3207,2.9200
1977,7,0.3873,-1.6679,1.0218,1.0303,1.7279,2.4073
1977,8,0.4993,-1.8331,-0.2567,-0.9221,1.3905,-0.0612
1977,9,0.4330,-0.2758,1.4214,-0.0246,1.3822,1.5164
1977,10,0.4943,-4.4221,1.4077,-0.5652,-0.9856,1.1205
1977,11,0.4959,4.0481,4.5803,1.2020,2.5650,1.4966
1977,12,0.4700,0.3523,1.4872,0.0436,1.2518,1.8240
1978,1,0.5374,-6.0573,2.2906,0.9791,-1.7383,0.2813
1978,2,0.4941,-1.4216,4.0881,1.3206,0.0728,1.6669
1978,3,0.5017,2.8992,3.3843,2.5349,-0.0044,0.1286
1978,4,0.5712,7.7141,-0.1048,-0.3620,5.5452,0.5713
1978,5,0.5317,1.7913,3.6571,0.8898,0.5030,0.5269
1978,6,0.5369,-1.6117,1.4508,0.4300,1.5126,1.2215
1978,7,0.5591,5.1150,0.1866,0.2737,1.8200,2.6165
1978,8,0.5550,3.6820,4.7053,1.1637,1.9068,0.6588
1978,9,0.5964,-1.2853,-0.7342,0.2454,-3.5455,-0.8557
1978,10,0.7498,-11.8493,-10.9812,0.5996,-1.1601,0.9792
1978,11,0.7041,2.6746,4.0574,-1.0321,1.2777,1.5672
1978,12,0.7372,1.0336,0.4927,-1.0916,2.6761,2.4785
1979,1,0.7882,4.1648,4.2986,1.6783,-1.2204,-1.3200
1979,2,0.7324,-3.4089,0.3875,-0.4669,-2.4104,0.4715
1979,3,0.8928,5.6685,3.8495,0.7620,2.3211,0.5210
1979,4,0.8489,0.0031,2.3717,0.8093,1.8596,-0.2652
1979,5,0.8161,-2.1732,0.5172,-0.0488,-0.6354,0.4403
1979,6,0.7858,3.8994,0.8660,-0.8884,-1.0071,-1.7176
1979,7,0.8410,0.6581,1.2710,0.6421,0.5525,-0.6755
1979,8,0.7506,5.7226,1.6294,-0.3480,2.8977,-0.0615
1979,9,0.7732,-0.6306,-0.0593,-0.1385,0.6966,2.8822
1979,10,0.9621,-8.2283,-3.1861,0.0203,0.9841,1.6684
1979,11,0.9878,5.3726,2.1608,-2.5489,2.2859,-0.3063
1979,12,1.0209,1.8006,3.9760,-1.1103,1.2236,-0.0718
1980,1,0.7968,5.7639,0.7921,1.3627,1.7475,0.4129
1980,2,1.0654,-0.9639,-1.5739,1.6345,2.2602,3.6000
1980,3,1.2009,-13.2233,-6.5916,0.7581,-1.1728,-1.0575
1980,4,1.2865,3.9422,1.3321,1.2175,0.1694,1.4254
1980,5,0.7883,5.2207,1.4786,-1.3314,-0.9410,-0.7665
1980,6,0.6312,3.1402,1.3291,-1.1272,3.0683,0.8596
1980,7,0.5281,6.4157,3.6816,-2.2885,-0.5185,-3.3287
1980,8,0.5973,1.7580,4.7395,0.6597,2.4955,1.4979
1980,9,0.8698,2.0800,0.8408,-0.4912,5.1664,2.2821
1980,10,0.8912,1.1183,1.1740,0.4872,4.0221,2.6663
1980,11,0.8895,9.6057,-5.0212,-1.8913,9.0038,0.9803
1980,12,1.4149,-4.8559,1.0713,0.9482,-1.3091,0.1308
1981,1,0.9957,-5.0044,3.7021,2.3986,-4.8819,0.6545
1981,2,1.0685,0.4836,-0.0201,1.8857,0.7112,1.6564
1981,3,1.3157,3.3027,3.4804,-1.7376,-1.2846,-1.8760
1981,4,1.0756,-2.2024,4.1917,2.3693,1.3130,1.1027
1981,5,1.0646,0.2904,2.4700,-0.5126,-0.0310,1.6439
1981,6,1.5158,-2.5401,-0.7648,2.7016,-0.0363,1.8918
1981,7,1.1915,-1.4995,-1.6107,-1.9616,3.1701,-0.5636
1981,8,1.2804,-6.9083,-1.4078,1.2272,0.7274,2.2465
1981,9,1.2794,-7.6567,-1.7177,3.5677,0.6074,3.9926
1981,10,1.1685,4.8477,1.9587,-0.9324,4.8052,-0.9146
1981,11,1.1030,3.4819,-1.4241,0.5772,0.5384,1.9903
1981,12,0.8738,-3.6834,1.2942,1.8902,-0.5258,1.3389
1982,1,0.7306,-3.3516,-0.2856,1.9657,-1.4965,0.8404
1982,2,0.9176,-6.0302,0.5385,4.6920,0.2831,3.0890
1982,3,1.1077,-2.1176,0.6576,1.8195,-1.7068,2.4500
1982,4,1.1290,3.1977,0.4602,1.2224,1.9119,0.6936
1982,5,0.9592,-3.7804,-0.4066,-0.5126,-0.4668,0.9558
1982,6,1.0710,-3.4622,1.1276,2.8363,0.1351,3.4196
1982,7,1.0210,-3.0736,1.7298,2.0984,2.8115,3.8912
1982,8,0.8342,11.0671,-3.4109,-0.5240,-1.2378,-2.8913
1982,9,0.5118,1.1643,3.1580,1.0037,3.6253,3.4271
1982,10,0.5475,11.3161,0.8638,-1.0627,-0.7911,-0.6491
1982,11,0.7201,4.4734,4.5172,1.4010,3.2276,3.7709
1982,12,0.6289,0.8227,-0.8142,0.4203,-0.7457,-0.1808
1983,1,0.6864,3.4986,2.1224,-0.7363,-2.4907,-1.8943
1983,2,0.6186,2.4029,3.8293,1.5546,3.1079,2.0041
1983,3,0.6326,2.8354,1.6463,2.8076,1.2412,2.0384
1983,4,0.6918,6.7270,-0.3490,2.1438,0.5924,2.3433
1983,5,0.7584,0.5642,6.0475,-1.5267,-3.6447,-3.8832
1983,6,0.6661,3.1177,2.1432,-1.1050,1.6774,2.6106
1983,7,0.6917,-3.8485,0.6786,2.7744,1.1940,2.9509
1983,8,0.8342,-0.4879,-4.6850,1.1896,-0.4458,0.3393
1983,9,0.7607,0.8421,0.4251,1.3672,3.2784,2.9057
1983,10,0.7433,-3.5507,-3.8336,2.6752,1.6521,3.6911
1983,11,0.7199,2.2357,2.0489,1.1084,-0.2409,-1.7574
1983,12,0.7039,-1.7503,-1.1725,1.3314,-1.5443,1.0862
1984,1,0.8083,-2.1106,-0.9688,2.3280,-3.7142,0.8412
1984,2,0.7328,-4.6401,-1.7978,0.9164,-0.7799,0.6910
1984,3,0.7280,0.6109,-0.1840,0.7269,-0.6017,1.3117
1984,4,0.8130,-0.5592,-0.9260,1.0354,2.1327,2.3962
1984,5,0.7898,-6.0218,-0.4082,-1.4655,1.8025,1.8991
1984,6,0.7534,1.5851,0.4929,-2.2535,1.8586,0.7168
1984,7,0.8755,-2.9376,-2.2901,-1.2812,3.6501,3.0351
1984,8,0.7963,10.4726,0.2333,-0.4724,0.9506,0.0303
1984,9,0.8293,-0.7889,-0.6953,2.5778,0.2349,1.2388
1984,10,0.9766,-0.9840,-1.3706,-0.3578,2.6866,1.8068
1984,11,0.7334,-1.8019,-1.0569,2.2392,0.8011,1.6722
1984,12,0.6923,1.6733,-0.4099,-0.8247,2.5505,1.3251
1985,1,0.6474,7.9244,3.4395,-3.4515,0.9728,-1.6141
1985,2,0.6033,1.0863,0.7735,1.0906,1.5462,2.2266
1985,3,0.6160,-0.7907,-2.0449,3.3007,0.9211,2.0067
1985,4,0.7565,-0.9751,-0.6880,1.4025,0.1247,1.8031
1985,5,0.6062,4.9713,-1.5727,-1.2263,3.2192,1.5110
1985,6,0.5546,1.1545,-0.5306,-0.1952,2.9012,1.6929
1985,7,0.6196,-0.6447,2.3309,-0.8273,-1.8254,1.3245
1985,8,0.5792,-1.0587,-0.1823,2.0991,0.4306,1.1911
1985,9,0.6049,-4.5875,-1.8169,1.9838,1.2000,1.7401
1985,10,0.6021,3.8420,-0.2065,0.2620,2.1957,2.8545
1985,11,0.6156,6.3072,-0.2586,-1.6424,1.8021,-0.9075
1985,12,0.6139,3.6922,0.3142,-1.4693,1.7907,-0.9129
1986,1,0.4865,0.4964,1.0622,-0.7089,1.7395,1.8057
1986,2,0.5296,6.7204,-0.4444,-1.4614,2.2439,0.8796
1986,3,0.5963,4.7922,0.6332,1.0696,2.0588,1.7284
1986,4,0.5341,-1.3244,1.0631,-1.5629,0.6536,0.0689
1986,5,0.4934,4.5910,-1.1615,1.2742,3.4486,1.0156
1986,6,0.5246,0.9000,-0.2989,1.6352,5.2970,0.9327
1986,7,0.5011,-6.4711,-2.7338,1.3587,3.0072,2.8047
1986,8,0.4614,6.1567,-4.3963,3.0888,-2.7171,1.6136
1986,9,0.4783,-8.3804,0.5282,3.3936,-3.8269,-0.3289
1986,10,0.4209,4.5094,-2.0060,0.0726,0.9132,0.6079
1986,11,0.3924,1.1169,-2.0096,0.3937,1.0802,3.7208
1986,12,0.4767,-3.1155,0.8289,1.0972,1.8670,1.6200
1987,1,0.4151,12.4345,-1.2075,-1.2057,0.9773,2.8945
1987,2,0.4309,4.3609,3.3600,-1.9813,2.1111,-1.0486
1987,3,0.5012,1.8652,-0.7154,4.1787,-1.1975,1.3333
1987,4,0.4285,-2.1286,-2.4642,0.2809,-1.4873,0.5919
1987,5,0.3760,0.1365,-1.2248,-0.0890,-2.3887,-0.1520
1987,6,0.5031,3.8631,-1.5125,1.3796,1.4062,-0.2125
1987,7,0.4058,4.0190,-2.0695,0.0906,-1.7740,-0.6777
1987,8,0.4744,3.2402,-0.2032,-0.2400,3.8224,2.4264
1987,9,0.4820,-2.5594,0.6282,1.8849,0.5862,1.8495
1987,10,0.6040,-23.1403,-7.3612,3.3037,0.5710,2.5112
1987,11,0.3366,-7.5639,3.2813,0.6495,-0.7044,0.8775
1987,12,0.2988,6.7339,0.1934,-2.4618,3.8851,1.5120
1988,1,0.2762,4.2118,-0.7378,1.3266,-4.0738,-1.7589
1988,2,0.4564,4.7131,3.5224,-0.5932,1.0481,-0.5480
1988,3,0.4402,-2.1000,5.7105,1.6329,-2.1454,-2.0242
1988,4,0.4577,0.6414,0.9133,2.1413,0.6524,0.9063
1988,5,0.5051,-0.4603,-1.1736,0.4606,-0.1385,1.3565
1988,6,0.4832,4.6627,2.8763,-3.0728,2.3096,1.8386
1988,7,0.5060,-1.2332,0.1952,1.1126,-1.1830,0.0900
1988,8,0.5957,-3.3963,0.0699,1.6595,-2.1331,-0.4089
1988,9,0.6145,3.1057,-1.4901,-0.3702,2.1637,0.8178
1988,10,0.6074,1.1572,-2.7997,0.4982,0.1131,0.6627
1988,11,0.5742,-2.2154,-1.9117,1.3915,-0.4641,0.3461
1988,12,0.6306,1.4769,2.4781,0.4733,0.8732,0.4898
1989,1,0.5766,6.0337,-2.2241,0.0239,-0.3618,1.5782
1989,2,0.6110,-2.2556,2.9549,1.5860,-0.4831,-0.1450
1989,3,0.6213,1.5252,1.3223,1.2960,-0.0879,0.7068
1989,4,0.6810,4.1394,-0.9292,-0.2740,1.1675,-0.2083
1989,5,0.8006,3.1332,0.0302,0.1261,1.3100,0.3702
1989,6,0.7147,-1.2013,-0.7235,1.5784,-0.1784,-0.9204
1989,7,0.7040,7.0091,-3.4714,-0.3429,4.9021,2.4710
1989,8,0.6684,1.5443,0.4844,-0.4271,1.6706,0.2146
1989,9,0.6387,-0.7861,0.7640,1.1867,1.6168,1.9062
1989,10,0.6820,-3.6105,-3.3425,1.2867,1.3911,2.3063
1989,11,0.6340,1.1474,-1.3368,1.6249,0.2317,-0.4967
1989,12,0.5941,1.2354,-1.9386,1.5790,1.0581,2.4312
1990,1,0.5852,-7.5967,-1.2251,0.9053,0.0231,-0.2384
1990,2,0.5818,0.9083,1.1806,-1.0975,-0.4010,0.0992
1990,3,0.6380,1.7760,1.2076,-0.3595,2.2430,1.6650
1990,4,0.6829,-3.5115,-0.4589,-0.7870,2.2141,0.5999
1990,5,0.6404,8.2530,-1.6575,-0.8183,3.7639,2.6215
1990,6,0.5898,-1.0094,1.8543,0.2713,2.2175,-0.2309
1990,7,0.6704,-1.6107,-2.4725,3.9945,2.5795,0.0509
1990,8,0.6154,-9.8059,-4.5174,3.7185,-1.0206,1.2605
1990,9,0.5984,-5.9827,-3.4470,2.5750,-0.4876,2.6992
1990,10,0.6559,-1.9063,-5.0339,0.2264,2.1020,3.0656
1990,11,0.5651,6.0093,0.4131,-3.9682,1.5223,-0.8290
1990,12,0.5989,2.3524,1.2575,-1.9420,3.9192,1.4869
1991,1,0.4637,4.4441,3.3666,-3.9407,0.1517,1.5811
1991,2,0.4767,7.1080,3.6210,0.1596,-1.2271,-0.6810
1991,3,0.4391,2.4532,3.9364,-0.9255,1.6607,0.0336
1991,4,0.5335,-0.2020,-0.7132,0.4803,1.3908,0.6355
1991,5,0.4461,3.6272,-0.5770,-1.9576,-0.6927,-1.0672
1991,6,0.4171,-4.8200,0.0759,0.6187,1.3632,0.4740
1991,7,0.4840,4.1955,-0.5747,-0.6140,3.1421,0.3736
1991,8,0.4610,2.2207,1.2362,0.0166,1.2334,-0.2208
1991,9,0.4558,-1.5533,1.8296,-0.8092,-0.3830,0.2770
1991,10,0.4246,1.3569,0.6360,1.2809,0.1098,3.1848
1991,11,0.3915,-4.1190,-0.3546,0.3441,3.4500,0.4427
1991,12,0.3792,10.2986,-1.5520,-2.0468,6.8643,-0.4819
1992,1,0.3059,-0.4241,8.3338,1.5253,-3.9617,1.4792
1992,2,0.2828,1.0526,1.3226,2.2887,0.8278,2.2066
1992,3,0.3376,-2.7076,-1.2396,2.0219,1.0721,1.9610
1992,4,0.3303,1.0116,-6.9751,1.8166,-1.6567,1.9513
1992,5,0.2758,0.3681,-0.3332,0.3615,-0.1166,-0.6787
1992,6,0.3201,-2.2472,-2.5932,0.5670,0.7956,0.8133
1992,7,0.2892,3.7008,-0.7794,0.3704,2.6153,-0.0495
1992,8,0.2605,-2.3425,-0.3192,-0.7675,1.4734,-0.9092
1992,9,0.2573,0.9874,0.6636,-0.3957,2.3068,-0.8426
1992,10,0.2286,0.8700,1.5359,-0.3914,2.1402,0.5989
1992,11,0.2346,3.7847,3.6534,-1.2252,0.9023,-0.2352
1992,12,0.2270,1.5498,2.7691,1.4433,1.8416,1.0330
1993,1,0.2335,1.0309,2.3154,2.9767,-1.4159,0.0751
1993,2,0.2209,0.3193,-3.3516,3.6442,-1.4748,2.2740
1993,3,0.2538,2.2578,0.0049,0.9528,1.8004,0.4903
1993,4,0.2372,-2.7772,-1.1510,1.2198,-3.0085,2.0296
1993,5,0.2168,2.7431,1.8254,-0.8001,-0.5424,-0.3906
1993,6,0.2756,0.2684,1.5941,1.8326,2.9356,1.6362
1993,7,0.2402,-0.3194,1.4150,1.4857,-0.5377,0.7905
1993,8,0.2530,3.6949,-0.0177,-0.0651,0.4670,0.7241
1993,9,0.2356,-0.1715,3.0943,0.2739,0.9383,1.4226
1993,10,0.2210,1.5854,0.4125,-0.5554,-1.4290,-1.4347
1993,11,0.2477,-2.0083,-1.8563,-0.7638,-0.7219,0.1243
1993,12,0.2263,1.7252,2.1015,-0.2397,2.3752,2.2608
1994,1,0.2503,2.8963,0.1844,1.1615,-0.8224,0.9359
1994,2,0.2120,-2.6346,2.6468,-0.4624,2.6564,1.6242
1994,3,0.2469,-4.8264,-0.9399,0.9673,0.2169,1.3591
1994,4,0.2711,0.6767,-0.8094,1.2677,1.4826,1.5047
1994,5,0.3150,0.6210,-1.9911,0.5192,-0.7221,1.2093
1994,6,0.3118,-3.1027,-0.8614,0.9418,0.1910,1.3344
1994,7,0.2751,2.7877,-1.4246,0.4364,0.7146,-0.1197
1994,8,0.3687,3.8910,2.0916,-0.6882,2.0678,2.6417
1994,9,0.3659,-2.2022,2.2055,0.5683,1.0702,0.9960
1994,10,0.3840,1.0680,-1.8404,0.2235,0.3868,2.4575
1994,11,0.3691,-4.0910,0.5281,-1.0009,1.3627,1.4756
1994,12,0.4430,0.8179,1.1960,1.2826,4.0151,3.7010
1995,1,0.4156,1.6243,-2.4135,-0.0320,-0.0282,1.1286
1995,2,0.3983,3.5632,-0.6971,-0.8327,0.5089,1.1642
1995,3,0.4134,2.2907,-1.2207,0.1458,1.2495,0.7807
1995,4,0.4450,2.0598,0.0106,0.0043,0.1905,3.4517
1995,5,0.5355,2.8652,-2.2114,0.8572,-0.9955,1.4486
1995,6,0.4714,2.6455,3.2142,-1.7442,2.1324,1.8437
1995,7,0.4522,3.6257,1.7425,-2.5244,0.9478,0.3118
1995,8,0.4637,0.4661,2.3651,2.1659,0.1635,1.2812
1995,9,0.4309,3.2056,-0.7735,1.8764,1.4294,3.1240
1995,10,0.4714,-1.6028,-5.0011,0.7869,2.8045,4.4602
1995,11,0.4108,3.8696,-0.7635,1.1519,-0.2423,-1.3147
1995,12,0.4882,1.0301,0.6345,3.1218,0.2894,0.4123
1996,1,0.4278,2.3860,-2.6934,2.4345,-1.5145,1.4312
1996,2,0.3908,1.2402,2.7365,-0.9950,3.1343,0.7526
1996,3,0.3943,0.6982,1.8550,-0.6444,0.2568,-1.3527
1996,4,0.4579,2.0929,5.1454,-1.7122,2.8427,1.1859
1996,5,0.3982,2.2820,4.4318,1.0609,1.7912,-1.4628
1996,6,0.4000,-1.2302,-4.2909,1.7015,0.8619,1.6746
1996,7,0.4497,-5.8311,-3.3604,2.0240,2.4171,2.9716
1996,8,0.4122,2.8326,2.4752,-1.8438,0.1208,-1.3861
1996,9,0.4375,4.8660,-1.4527,-1.7281,2.1972,2.9831
1996,10,0.4246,0.9483,-2.4072,3.6469,1.9016,3.2911
1996,11,0.3941,6.1636,-3.5352,-1.3062,0.8143,5.3909
1996,12,0.4404,-1.5801,3.3386,1.2042,0.9562,1.7017
1997,1,0.4014,4.9459,-0.8141,-0.6163,1.7810,2.6005
1997,2,0.3788,-0.4910,-2.4784,2.9357,-1.5541,0.6443
1997,3,0.4310,-4.9178,-0.5358,1.7651,1.7604,0.2147
1997,4,0.4313,3.8060,-4.7283,-1.8757,3.8560,2.9686
1997,5,0.4263,6.7361,5.0056,-3.2146,-0.2413,-1.4727
1997,6,0.3744,4.0351,1.0392,0.2212,2.1184,0.1438
1997,7,0.4294,7.2220,-1.3948,-2.9906,1.3313,1.2966
1997,8,0.4058,-4.0349,7.4864,-0.7690,-1.4326,0.4372
1997,9,0.4576,5.3923,2.4315,-0.1147,-1.0519,-2.6029
1997,10,0.3911,-3.8347,-1.0912,2.6402,-1.0299,-1.4217
1997,11,0.3773,2.6631,-5.5249,2.8658,1.4063,3.6419
1997,12,0.4629,1.3188,-2.2209,2.2279,1.5733,-2.3996
1998,1,0.4204,0.0298,-1.2128,-1.1806,2.1906,2.5971
1998,2,0.3847,6.9456,1.0517,-2.4559,1.1398,-0.2694
1998,3,0.4485,4.6816,-0.3319,0.4864,-0.1748,-1.0906
1998,4,0.4308,0.6596,0.4928,0.1799,-0.1997,2.2943
1998,5,0.3805,-2.9553,-2.6325,2.2656,1.7802,1.0587
1998,6,0.4021,2.7923,-3.2856,-1.5140,3.1588,0.4178
1998,7,0.3873,-2.7240,-5.7035,1.8861,0.9701,2.8503
1998,8,0.4012,-16.1856,-6.1936,5.4493,3.0576,6.7098
1998,9,0.3875,5.9952,-2.0586,-3.0781,-1.8245,1.2778
1998,10,0.3353,7.1040,-2.1604,-0.9494,0.6375,-0.5727
1998,11,0.3233,5.8790,0.8964,-0.0252,1.3693,1.2943
1998,12,0.3779,5.9272,-1.8778,-2.9398,2.9291,-2.2470
1999,1,0.3494,3.4962,-1.8860,-4.4620,-3.2508,-1.0641
1999,2,0.3372,-4.1457,-4.2281,4.8140,0.0160,0.0032
1999,3,0.4076,3.3856,-5.5963,0.2962,-0.6922,0.3901
1999,4,0.3784,4.5320,3.9770,2.6497,-5.1524,0.4438
1999,5,0.3463,-2.4181,4.9459,0.4521,0.6807,2.0544
1999,6,0.4098,4.6731,3.1452,-2.1207,2.3906,4.3237
1999,7,0.3658,-3.4501,2.2716,3.4204,1.0146,1.9684
1999,8,0.3876,-1.3807,-1.5510,-1.1996,-0.0270,4.6439
1999,9,0.3705,-2.6398,1.7315,-1.3841,-0.1830,-0.8624
1999,10,0.3581,5.8514,-5.6664,0.3587,2.0652,1.8345
1999,11,0.3811,3.3013,5.7290,-3.8975,-2.9734,1.1586
1999,12,0.3764,7.9990,4.1838,-5.4989,-5.4542,-1.2125
2000,1,0.4343,-4.3967,5.6532,2.8805,-5.0544,0.6177
2000,2,0.4295,2.7483,22.1369,-5.3828,-7.5429,-3.2204
2000,3,0.4377,4.9124,-14.3903,1.8173,7.6659,3.4912
2000,4,0.4595,-6.4122,-4.8613,3.7882,8.7101,5.1852
2000,5,0.4782,-4.3652,-4.6181,0.5427,0.0542,3.7443
2000,6,0.3744,4.7859,10.2782,-3.4094,-4.7744,-1.8451
2000,7,0.4772,-2.2484,0.9900,2.2531,3.4368,3.3353
2000,8,0.5002,7.0004,0.4354,-0.7843,-2.0644,-1.0673
2000,9,0.5093,-5.6234,1.6336,5.2174,2.1000,0.8141
2000,10,0.5217,-2.9707,-2.2311,2.9431,7.3385,6.4937
2000,11,0.4966,-10.7338,1.5268,7.4717,10.3785,10.8156
2000,12,0.4909,1.5513,4.6783,6.3526,5.1898,0.7257
2001,1,0.5243,3.4358,2.7459,-7.1572,-10.8206,-6.2948
2001,2,0.3653,-10.2755,2.8813,9.2411,5.1658,6.4601
2001,3,0.4320,-7.4712,2.9535,3.7534,3.4576,2.6557
2001,4,0.3864,7.9965,-0.9027,-3.7757,0.0680,-5.4031
2001,5,0.3183,0.7272,4.3821,2.3431,-2.5522,-0.2205
2001,6,0.2778,-2.0331,6.6893,-1.7646,-0.7474,1.9317
2001,7,0.2999,-2.1297,-2.1174,1.3779,3.9482,5.5275
2001,8,0.2996,-6.1977,2.3720,5.6422,4.3127,5.6464
2001,9,0.2730,-9.4215,-4.9267,2.8668,9.1938,5.7653
2001,10,0.2154,2.5682,3.4908,-2.9725,-4.3930,-0.5554
2001,11,0.1749,7.7028,-1.3884,-1.1368,-8.4926,-2.9851
2001,12,0.1484,1.6369,5.3231,-0.1830,0.5359,-2.2227
2002,1,0.1390,-1.7365,0.7269,3.2511,0.2975,4.2810
2002,2,0.1285,-2.2981,-0.4893,4.4486,5.3193,3.7229
2002,3,0.1341,4.3337,4.6154,0.7823,-4.7081,-0.5513
2002,4,0.1546,-5.1164,7.5839,4.0765,5.4656,4.0834
2002,5,0.1442,-1.1963,-3.1793,2.1871,1.8106,0.6128
2002,6,0.1312,-7.1563,3.5705,3.5486,4.9344,0.4215
2002,7,0.1507,-8.2656,-6.3895,1.9790,6.6992,4.9534
2002,8,0.1402,0.6574,-0.0103,-0.8647,2.4777,-1.7234
2002,9,0.1414,-10.1334,3.1331,-2.1444,4.4209,1.1680
2002,10,0.1334,7.3585,-5.1455,0.2930,-4.6493,1.4936
2002,11,0.1166,6.0097,1.4953,3.2730,-11.1746,-3.1026
2002,12,0.1079,-5.4394,0.0685,-2.2586,5.3208,2.2789
2003,1,0.0934,-2.4334,-0.9851,0.6899,-0.6002,0.7808
2003,2,0.0871,-1.6262,-2.0306,-0.1271,0.9046,1.4284
2003,3,0.1020,0.9298,1.4063,-0.1302,3.4452,-0.9363
2003,4,0.0939,8.1811,2.3565,1.0369,-4.4538,-3.1854
2003,5,0.0903,6.2533,3.8209,1.8480,-8.2383,-1.6032
2003,6,0.0984,1.5336,2.2170,-1.0629,1.1007,-0.1288
2003,7,0.0674,2.2424,4.3794,2.3396,-1.7459,-0.8855
2003,8,0.0689,2.4307,2.2371,2.3638,-1.2401,-1.6327
2003,9,0.0865,-0.9981,0.6893,0.2277,1.2633,2.3260
2003,10,0.0700,5.9616,3.0463,1.0318,-1.7515,-0.5641
2003,11,0.0725,1.5868,2.1955,2.3057,0.7762,0.5380
2003,12,0.0831,4.4674,-2.7825,0.7725,-1.7383,-1.3339
2004,1,0.0696,2.2341,3.1138,2.0594,-2.4369,0.8594
2004,2,0.0623,1.4856,-0.3077,-0.8838,2.1326,-0.0153
2004,3,0.0844,-1.1511,2.5223,-0.7362,1.7567,-1.0655
2004,4,0.0795,-2.5009,-3.2177,-2.9004,0.0193,1.4282
2004,5,0.0603,1.3455,-0.3839,0.5514,1.0708,-0.2182
2004,6,0.0817,2.0784,2.2427,-0.2619,0.5580,0.6171
2004,7,0.0919,-3.8589,-3.3463,-0.9737,2.4031,3.0792
2004,8,0.1116,0.1612,-1.5195,-1.2012,-1.2288,0.1740
2004,9,0.1185,1.9358,3.7979,-2.2103,-0.2111,-1.6158
2004,10,0.1129,1.6677,-0.7807,0.5882,-1.4395,0.0040
2004,11,0.1541,4.6667,4.4795,-0.4175,-1.1336,-1.6609
2004,12,0.1672,3.3505,-0.0376,0.3071,-0.8596,-1.1295
2005,1,0.1661,-2.8212,-0.3902,-0.4017,3.2477,1.2607
2005,2,0.1641,2.1035,0.1385,0.2844,3.5699,0.6629
2005,3,0.2123,-1.9071,-1.7605,0.9149,0.5349,1.9014
2005,4,0.2072,-2.7257,-4.4861,-1.4659,-1.1017,2.1601
2005,5,0.2395,3.5559,2.9653,-0.0562,0.9635,0.4256
2005,6,0.2263,0.9263,3.8083,-0.1989,-0.4251,-0.4125
2005,7,0.2383,4.0952,2.7311,-2.0743,-0.2062,-0.4035
2005,8,0.2920,-0.8864,-0.7919,0.2404,-0.6819,-0.6295
2005,9,0.2848,0.7759,0.0018,-0.0221,0.8642,0.2596
2005,10,0.2728,-2.3601,-0.5152,-0.3170,1.1044,-0.5517
2005,11,0.3045,3.7277,1.2213,-1.0514,0.7720,-0.5969
2005,12,0.3160,0.0297,-0.0244,0.8785,0.2174,1.0871
2006,1,0.3488,3.6553,6.4368,-0.6776,-0.2587,0.8715
2006,2,0.3322,-0.4961,-0.3884,2.4359,-1.0088,-0.9959
2006,3,0.3642,1.5400,3.1198,-1.3479,0.7682,-0.7813
2006,4,0.3559,0.9404,-0.3043,0.3423,0.8234,-0.1274
2006,5,0.4195,-3.5236,-3.5130,1.3187,-0.0952,-1.6060
2006,6,0.3970,-0.4358,-0.3286,-0.4009,1.0355,0.6268
2006,7,0.3976,-0.5850,-3.1605,1.3537,0.5471,3.2009
2006,8,0.4283,2.0765,0.4240,1.9388,-1.3419,-0.1832
2006,9,0.4047,1.5377,-0.9684,0.9799,0.6243,0.9674
2006,10,0.4076,3.3057,1.9654,0.1918,-0.2894,0.4303
2006,11,0.4243,1.9459,0.3941,-1.5952,0.4888,-0.8937
2006,12,0.4036,0.6819,-0.0051,1.8246,-0.5628,-1.2209
2007,1,0.4328,1.5069,-0.0995,0.6221,0.0117,0.0522
2007,2,0.3837,-1.7825,1.4366,-0.9611,-0.7334,-0.0713
2007,3,0.4257,0.8693,-0.1798,-1.1880,0.4424,-0.2282
2007,4,0.4348,3.5467,-1.7326,0.8545,0.5498,1.0935
2007,5,0.4046,3.4886,-0.2555,-2.3088,0.5252,0.1387
2007,6,0.3918,-1.8683,0.5431,0.9411,1.1897,-0.5651
2007,7,0.3962,-3.5722,-3.0194,-2.2854,1.6421,0.0465
2007,8,0.4205,0.7425,-0.8426,-1.2713,0.9747,0.4953
2007,9,0.3347,3.7495,-2.3831,-3.2483,1.6042,-0.4743
2007,10,0.3212,2.2584,0.3666,0.4806,1.2420,0.3430
2007,11,0.3395,-5.2722,-3.0333,0.2065,3.6053,1.4361
2007,12,0.2921,-0.7344,0.6754,-0.6395,2.2799,1.0639
2008,1,0.2430,-6.4568,-0.7339,1.3994,-0.3167,-0.8195
2008,2,0.1325,-2.2988,-0.8812,-1.5041,1.7886,1.3601
2008,3,0.1869,-1.2290,0.5829,-0.3539,2.3741,-0.0308
2008,4,0.1025,5.0035,-0.9409,-2.3042,-0.8079,3.3221
2008,5,0.0946,2.2862,2.5362,-0.3601,-0.3372,0.0761
2008,6,0.1750,-8.0176,1.8768,-0.1818,6.3620,1.0358
2008,7,0.1440,-1.4781,5.9815,1.8233,0.0115,-0.0734
2008,8,0.1282,0.9284,1.8217,0.9425,-0.8718,2.0790
2008,9,0.1530,-9.9510,0.6290,3.1567,1.5935,3.4509
2008,10,0.0792,-18.5440,-3.4751,1.0567,5.8954,6.7538
2008,11,0.0228,-8.4843,-5.2006,0.5050,3.5073,2.1843
2008,12,0.0029,2.2125,3.6018,-2.3459,-0.5551,-0.8413
2009,1,0.0023,-7.7338,-2.9341,-0.9211,-0.7729,2.4051
2009,2,0.0147,-10.0418,-1.5734,-1.8544,2.9629,2.8821
2009,3,0.0159,8.6589,0.9884,-0.4461,-3.3713,0.0791
2009,4,0.0125,10.9227,7.2771,3.5049,-13.8329,-1.7607
2009,5,0.0017,6.7757,-1.3222,-2.4199,-3.3195,-0.5583
2009,6,0.0075,-0.3174,3.7488,0.5168,0.8963,2.4952
2009,7,0.0119,8.1633,1.6914,1.9785,-4.8914,-1.0287
2009,8,0.0116,3.1353,0.8678,2.2621,-2.6007,-1.5815
2009,9,0.0079,4.5137,2.4653,-1.1540,-2.8178,-2.6301
2009,10,0.0040,-2.8011,-4.6119,-0.2441,3.9459,2.9368
2009,11,0.0004,5.7113,-2.3817,-0.3517,1.0266,-0.3254
2009,12,0.0062,2.8368,4.8196,-0.1781,-1.8517,-0.1478
2010,1,0.0028,-3.7126,0.3739,0.6769,-1.0650,-0.6848
2010,2,0.0010,3.4776,1.5232,0.7576,-1.0388,-0.5169
2010,3,0.0068,6.3558,2.0217,1.5737,-0.5129,-1.6988
2010,4,0.0111,1.9952,3.9058,3.0559,-2.4882,-2.3485
2010,5,0.0112,-7.9275,0.0463,-0.4538,2.7218,1.7369
2010,6,0.0127,-5.0872,-2.3702,-2.4616,1.3270,1.9251
2010,7,0.0142,7.0167,0.4811,1.2242,-0.8530,0.3616
2010,8,0.0126,-4.2970,-3.6386,-1.7770,-0.5614,-0.6431
2010,9,0.0125,9.1422,3.9473,1.1549,0.5214,0.0482
2010,10,0.0112,3.8400,0.6884,-0.0068,0.6453,0.4416
2010,11,0.0114,0.5011,3.6487,1.8594,-0.0799,-0.6194
2010,12,0.0140,6.7065,0.4459,3.0261,-3.6697,-2.2460
2011,1,0.0066,1.9071,-2.0114,1.3161,0.5565,-1.3459
2011,2,0.0122,3.8053,1.3916,1.4321,-1.6578,-0.8165
2011,3,0.0067,0.3286,1.8477,-0.1252,-0.9511,0.2826
2011,4,0.0053,2.8614,-0.8838,-0.9693,1.5871,1.0880
2011,5,0.0013,-1.4913,-0.8715,-1.0161,0.1308,1.3803
2011,6,0.0035,-1.8423,0.4603,-1.1520,2.8109,1.0019
2011,7,-0.0028,-2.2496,-1.7743,-2.0383,0.7350,0.6590
2011,8,0.0083,-5.7581,-3.7196,-1.3168,2.5618,2.7195
2011,9,-0.0001,-8.4862,-4.7805,0.0766,-0.7641,4.8990
2011,10,0.0014,11.4016,5.1817,-0.5881,2.1401,-1.7028
2011,11,0.0004,-0.6211,-1.1340,1.5244,0.5813,1.2160
2011,12,0.0000,0.3696,0.1225,2.6695,1.1493,-0.6067
2012,1,-0.0002,5.4097,2.7843,-0.5740,-0.6313,-1.3120
2012,2,0.0031,4.1208,-0.6734,0.0789,0.2918,0.0126
2012,3,0.0046,2.3958,0.7124,1.4304,1.6580,1.7917
2012,4,0.0029,-0.6835,-1.1503,0.9546,1.0010,-0.3668
2012,5,0.0065,-6.5639,-0.8859,2.6812,1.6157,2.3377
2012,6,0.0022,3.8167,1.4920,1.0221,-1.7624,0.3499
2012,7,0.0032,1.0252,-3.0745,0.5135,1.5412,0.9705
2012,8,0.0050,2.6228,1.4166,-1.4606,-0.5020,-0.4018
2012,9,0.0067,2.6487,1.1813,1.1797,0.1849,-0.6571
2012,10,0.0037,-1.4141,0.2203,1.8559,0.4568,-3.7341
2012,11,0.0085,0.6107,0.3591,0.8177,1.7114,0.1462
2012,12,0.0103,1.2426,2.4208,-0.8266,-1.9931,-2.6203
2013,1,0.0022,5.4123,0.1941,1.5365,-2.1010,-1.6364
2013,2,0.0054,0.8286,-0.6155,0.7549,0.1044,0.4350
2013,3,0.0041,3.5253,1.0762,1.2925,0.4876,-1.1530
2013,4,0.0037,1.4910,-2.8535,0.1119,-1.0102,-0.2410
2013,5,0.0012,1.9062,3.5190,-1.6561,-0.3939,-1.4499
2013,6,0.0013,-1.5049,0.7611,0.7015,-0.1332,0.5705
2013,7,0.0009,5.2708,2.0932,0.6474,-0.4727,-1.1175
2013,8,0.0009,-2.5736,-0.2093,-1.7841,0.5517,0.1749
2013,9,0.0008,3.7462,2.4392,-0.7254,-0.9958,-1.0020
2013,10,0.0017,3.9878,-1.6175,1.1611,1.3367,0.8084
2013,11,0.0032,2.4934,1.9315,0.0148,1.5439,1.1916
2013,12,0.0023,2.6117,-0.4377,0.7392,-0.1745,-1.7369
2014,1,0.0012,-2.9999,0.3324,-0.2918,-2.3143,0.3313
2014,2,0.0045,4.6141,-0.3063,-0.6297,-1.4762,-0.0153
2014,3,0.0028,0.4473,-0.1647,2.7038,1.7736,1.4456
2014,4,0.0015,0.1655,-4.6826,0.8015,1.0816,0.6424
2014,5,0.0008,2.0215,-2.0338,-0.9378,-0.6521,0.5200
2014,6,0.0020,2.7941,2.2437,-2.6584,-2.5859,0.2659
2014,7,0.0013,-2.0550,-3.5647,0.7155,1.1987,1.1992
2014,8,0.0003,4.0204,0.4476,-0.9248,0.1455,0.2191
2014,9,0.0004,-2.5136,-3.1013,-0.3099,3.0614,2.1416
2014,10,0.0012,2.1184,3.6196,0.5282,1.6832,-0.1935
2014,11,-0.0001,2.1160,-1.9758,0.3423,2.5232,0.3885
2014,12,0.0005,-0.3627,2.7691,0.4722,-0.6545,0.2692
2015,1,0.0013,-2.7214,-1.5778,-1.0729,-0.3725,1.3736
2015,2,-0.0021,5.6042,0.8161,-1.3948,0.0848,-0.8650
2015,3,-0.0008,-1.0445,2.8182,-0.2642,0.8332,-0.0434
2015,4,0.0029,0.8687,-3.7895,-0.8015,-2.2005,-0.2283
2015,5,-0.0005,1.0350,1.7447,-0.6108,1.4322,0.2452
2015,6,0.0004,-1.9266,2.8608,-2.4473,1.2469,-0.6735
2015,7,-0.0037,1.2150,-4.0812,-2.7282,4.3496,2.8719
2015,8,0.0027,-6.0073,0.5023,1.1607,0.7607,0.3138
2015,9,-0.0006,-3.3763,-3.3865,0.3176,4.2461,3.4942
2015,10,-0.0027,7.4049,-2.7834,0.6273,-2.3743,1.0144
2015,11,0.0020,0.2429,3.4689,-0.5501,-1.7131,0.5808
2015,12,0.0103,-2.2391,-2.0910,0.3217,2.9295,3.3910
2016,1,0.0037,-5.7131,-2.8238,2.7839,5.3240,4.9483
2016,2,0.0205,0.0482,0.4858,1.7193,2.0303,-0.1820
2016,3,0.0190,7.0327,1.0429,-0.7078,-2.1240,-2.6299
2016,4,0.0051,1.1766,0.1061,1.2908,-7.2343,-5.2197
2016,5,0.0115,1.4201,-0.5060,-2.2655,0.9588,2.2359
2016,6,0.0188,0.2922,-0.3441,0.5039,0.2568,-0.8138
2016,7,0.0171,3.8604,2.3392,-2.1843,-0.5095,2.1854
2016,8,0.0165,0.2624,0.9644,-0.2141,-2.4070,-0.2465
2016,9,0.0219,0.2798,1.0136,0.1735,-3.1863,-0.9855
2016,10,0.0168,-2.1762,-3.4325,0.8407,3.0230,2.0278
2016,11,0.0136,4.0355,6.4914,2.9220,-1.1024,-2.6391
2016,12,0.0239,1.8553,0.6259,-0.2623,1.5303,0.8000
2017,1,0.0358,2.1832,-1.8649,-2.0777,-1.3198,0.6730
2017,2,0.0364,3.2300,-1.6716,-2.2683,2.0048,2.5065
2017,3,0.0353,0.1739,1.2411,-1.3066,1.8823,1.2346
2017,4,0.0537,0.9078,0.5831,-1.5535,1.0088,1.6976
2017,5,0.0614,0.8721,-2.5542,-1.6642,1.3102,2.6021
2017,6,0.0617,0.8853,3.0582,-0.4968,-1.2898,-1.9382
2017,7,0.0722,1.9607,-1.1228,-0.4286,1.5346,1.0357
2017,8,0.0827,0.0762,-1.3984,-2.8241,0.4656,1.6153
2017,9,0.0944,2.2789,4.9016,3.1284,0.4497,-1.8701
2017,10,0.0840,1.8442,-1.0351,-2.8548,2.1725,3.1841
2017,11,0.0826,2.6483,0.2014,-0.4969,1.8734,1.1491
2017,12,0.0884,1.1289,-0.9112,1.7456,0.3200,-1.1263
2018,1,0.1121,4.9536,-2.7743,-1.2889,-1.3110,2.8559
2018,2,0.1073,-4.0537,0.1904,-1.6939,-0.7678,4.4879
2018,3,0.0261,-1.8695,2.8151,-0.1073,0.1924,0.4606
2018,4,0.1433,0.3336,0.2795,1.5935,-0.0284,-0.6367
2018,5,0.1401,2.4768,4.8832,-1.0828,-1.8755,2.3931
2018,6,0.1408,0.3927,0.6138,-0.4090,1.4412,0.1827
2018,7,0.1558,3.0045,-1.3208,0.4854,1.9596,1.4113
2018,8,0.1575,2.8646,1.4262,-2.3310,0.3653,4.6197
2018,9,0.1490,-0.1044,-3.1119,1.4117,0.5948,0.7674
2018,10,0.1890,-7.5922,-4.7700,4.1298,1.2871,-0.5494
2018,11,0.1795,1.6740,-0.6804,-0.9417,0.9700,2.9080
2018,12,0.1930,-9.1737,-3.0503,-0.8273,1.3549,2.7543
2019,1,0.1920,8.6356,2.0427,-1.0012,-3.9832,-7.0560
2019,2,0.1809,3.0907,1.1534,-2.5670,0.5759,1.2837
2019,3,0.1935,1.1043,-3.3272,-0.5068,-0.0365,0.6870
2019,4,0.2125,3.5757,-0.2216,-2.5239,2.0847,1.1669
2019,5,0.1983,-6.3636,-1.9477,1.5123,0.6852,0.1557
2019,6,0.1853,6.5418,-0.5105,-0.2560,-0.1243,-0.2330
2019,7,0.1783,1.0099,-1.6312,0.1712,0.5053,1.1280
2019,8,0.1908,-2.2179,-4.2469,-0.9351,1.7673,1.6305
2019,9,0.1787,1.4237,1.3935,3.0078,1.6828,-2.0098
2019,10,0.1531,1.7734,0.8401,-0.5515,0.6286,1.7170
2019,11,0.1197,3.3774,-0.0261,-1.0127,-1.1667,-0.3332
2019,12,0.1431,2.7017,1.2822,1.8360,-1.3200,-0.7981
