date,IDX00001_PRIVATE_CAPITAL_GLOBAL,IDX00002_PRIVATE_CAPITAL_NORTH_AMERICA,IDX00003_PRIVATE_CAPITAL_EUROPE,IDX00004_PRIVATE_CAPITAL_ASIA,IDX00006_PRIVATE_CAPITAL_FIRST_TIME_FUNDS,IDX00007_PRIVATE_EQUITY_GLOBAL,IDX00008_PRIVATE_EQUITY_NORTH_AMERICA,IDX00009_PRIVATE_EQUITY_EUROPE,IDX00010_PRIVATE_EQUITY_ASIA,IDX00011_PRIVATE_EQUITY_GLOBAL_WITH_VC,IDX00012_BUYOUT_GLOBAL,IDX00013_BUYOUT_NORTH_AMERICA,IDX00014_BUYOUT_EUROPE,IDX00015_BUYOUT_ASIA,IDX00016_BUYOUT_SMALL,IDX00017_BUYOUT_MID,IDX00018_BUYOUT_LARGE,IDX00019_BUYOUT_MEGA,IDX00020_GROWTH_GLOBAL,IDX00021_GROWTH_NORTH_AMERICA,IDX00022_DISTRESSED_PE_GLOBAL,IDX00023_FUND_OF_FUNDS_GLOBAL,IDX00024_SECONDARIES,IDX00025_VC_GLOBAL,IDX00026_VC_NORTH_AMERICA,IDX00027_VC_EUROPE,IDX00028_VC_ALL_STAGE,IDX00029_VC_EXPANSION,IDX00030_PRIVATE_DEBT_GLOBAL,IDX00031_PRIVATE_DEBT_NORTH_AMERICA,IDX00032_PRIVATE_DEBT_EUROPE,IDX00033_PRIVATE_DEBT_MEZZANINE,IDX00034_PRIVATE_DEBT_DISTRESSED_DEBT,IDX00035_REAL_ESTATE_GLOBAL,IDX00036_REAL_ESTATE_NORTH_AMERICA,IDX00037_REAL_ESTATE_EUROPE,IDX00039_REAL_ESTATE_OPPORTUNISTIC,IDX00040_REAL_ESTATE_VALUE_ADDED,IDX00041_REAL_ESTATE_DEBT,IDX00042_INFRASTRUCTURE_GLOBAL,IDX00043_INFRASTRUCTURE_NORTH_AMERICA,IDX00044_INFRASTRUCTURE_EUROPE,IDX00045_NATURAL_RESOURCES_GLOBAL,IDX00046_NATURAL_RESOURCES_NORTH_AMERICA,IDX00047_SNP_500_TOTAL_RETURN,IDX00048_SNP_INFRASTRUCTURE_TR,IDX00049_RUSSELL_2000_TR,IDX00050_RUSSELL_3000_TR,IDX00051_MSCI_EMERGING_MARKETS_TR,IDX00052_MSCI_EUROPE_STANDARD_TR,IDX00053_MSCI_US_REIT_TR,IDX00054_MSCI_WORLD_TR,IDX00055_VC_EARLY_STAGE,IDX00056_MS_LSTA_ULL,IDX00057_REAL_ESTATE_CORE_PLUS,IDX00058_INFRASTRUCTURE_CORE,IDX00059_INFRASTRUCTURE_CORE_PLUS,IDX00061_INFRASTRUCTURE_VALUE_ADDED,IDX00062_PRIVATE_DEBT_DIRECT_LENDING_ALL,IDX00063_DIRECT_LENDING_SENIOR_DEBT
2000-12-31,100.0,100.0,100.0,100.0,100.0,100.0,100.0,100.0,,100.0,100.0,100.0,100.0,,100.0,100.0,100.0,100.0,100.0,100.0,100.0,100.0,100.0,100.0,100.0,100.0,100.0,100.0,100.0,100.0,,100.0,100.0,100.0,100.0,,100.0,100.0,,,,,,,100.0,,100.0,100.0,100.0,100.0,100.0,100.0,100.0,,,,,,,
2001-03-31,96.51646105,96.43560442,95.66796149,103.3751234,98.14805571,96.26729014,96.19194999,95.77816812,,95.68514383,95.92620675,95.71760473,96.14023278,,95.38510838,95.70979138000001,97.50269236,94.54955589,93.51571933999999,93.63197369,103.4348117,91.37173112,97.24934769,93.07771785000001,93.0947181,91.67835905,91.96540517,86.40650074,102.34542760000001,102.1194413,,100.6058485,103.6952615,100.9212116,100.937153,,100.3540787,103.1149015,,,,,,,89.55685207,,95.40863633,89.55721876,93.14319540000001,84.00831241,99.6803104,86.34429221,98.90052459,,,,,,,
2001-06-30,94.93344361,94.62088392,94.71667143999998,105.71188030000002,98.2267228,95.73234141,95.49788251,95.10367028,,93.60877908,95.79211764,95.68089445,94.60131443999998,,95.49266296,91.82707654,97.15804095,95.54316507,91.66553776,91.78111061999999,106.9494562,90.57513669,97.21288488,84.10155084,83.99033021,83.52704954,84.00955961,79.59626058,104.5127009,104.6565211,,101.226734,107.06961919999999,101.4945948,101.5193126,,101.0543886,103.047202,,,,,,,96.95777068,,108.4889728,97.80494772,98.72741410999998,84.21940787,110.39947539999999,90.52836533,86.21495098,,,,,,,
2001-09-30,90.98206294000002,90.18874025,93.96664728,107.7249238,95.35079824,92.95280417,92.4012545,94.45093904,,89.08025379,93.18726618,92.22880513,96.86778055999999,,91.92381189,88.92698961,92.7609141,94.65265359000001,83.09572433,85.00939376000001,108.9676732,81.56487808,99.96687092,73.25347704,72.94232871,79.75632552,72.13000687,70.03912862,105.59058,104.448597,,100.6934316,109.1374384,101.8521229,101.8606555,,101.7616044,101.5433662,,,,,,,81.71581021,,86.90255425,81.68542536,76.85296019,71.87797019,107.4512268,76.48835379,77.03084508,,,,,,,
2001-12-31,88.23689030999999,87.00748026,94.64910845,112.1983705,91.51694661000002,90.71866972,89.7420691,95.27514167,,85.74498823,91.4616814,90.16425964,98.22672099000002,,88.01470108,90.49253186999998,91.1637718,92.07286937,82.01689777,83.29033701999998,112.782556,76.71293892,98.71314843,66.20341304,65.68949805,78.26055108,65.51008807,67.51018005,107.5158578,105.5444773,,100.126416,113.3112952,102.7872787,102.88288510000001,,102.4273568,103.73469930000002,,,,,,,90.65548214999998,,107.1478244,91.64295645,97.72371824,80.36404394,112.8313023,83.47890899,67.88728729,,,,,,,
2002-03-31,87.81270257,86.40978752,95.20261095,113.6013667,89.90610133,91.13311365,90.09241544000001,95.96158291,,84.93203667,92.12758095999999,90.92160639,98.61932741000001,,89.32984083,89.68992585,92.57878772,92.4733197,82.21911749,81.51413904,114.4205121,72.7080255,102.82274809999998,60.979621079999994,60.41975178,75.13113886,59.419347859999995,67.29540571,108.7460266,106.4917859,,100.153333,115.6966091,105.5946619,105.5739322,,105.01253720000001,107.5131097,,,,,,,90.83746731,,110.9874826,92.47290941,108.51557859999998,81.0553323,122.48483519999999,83.95805772,63.07465116,,,,,,,
2002-06-30,85.8704857,83.33161994,101.42767329999998,110.95659900000001,90.83077673,89.5299111,86.68118587,103.0160195,,82.4685947,90.64080681,87.18415170999998,108.78001490000001,,88.43673842,87.86214063999999,89.37196576000001,92.50695135,79.38413318,78.18797863,119.9164972,70.74929792,103.5714728,55.934570439999995,55.37930462,69.54058626,54.44344117,62.14272063000001,111.64894329999998,109.4445558,,101.4746045,120.3215384,105.7797828,105.9814941,,105.3866402,106.466772,,,,,,,77.04299422,,98.8260812,78.52634786,99.44125048,77.09828366,126.8703208,75.38378828,57.85098287999999,,,,,,,
2002-09-30,81.78009941,79.11275003,98.12003508,113.1287305,89.28017231,85.03558187,81.96675423,99.80208877,,77.62256037,86.81251713,83.02397327,106.86162410000001,,86.11376538999998,88.09941054999999,85.52962658,87.47521434000001,72.57611651,71.75838228,118.40417150000002,65.22465239,99.21712989,50.12945866999999,49.45083363,66.56106823,48.9969632,56.60379098000001,111.01187420000001,108.4225581,,101.7799148,118.7606158,106.2979902,106.8171954,,105.6852246,107.5823551,,,,,,,65.12492854,,80.2586264,66.56230361,83.48106630000001,59.35489119,116.72769,62.33567922,51.2804757,,,,,,,
2002-12-31,80.08709165,76.8650398,100.4862647,120.1327197,91.87022815999998,84.44263573,80.8491947,102.6105881,,75.78623139,87.97382284,83.70584079,111.5207935,,86.55949968,86.45192583,86.93337719000002,89.23010002999999,70.25337198,69.09606675,119.97362890000001,60.24695105,98.46211897,44.08061721,43.28177668,61.44546358,42.78716769,55.78815672,110.7842288,107.4827604,,99.60273954999998,120.5776489,104.9792216,105.4644001,,103.3725101,108.8428734,,,,,,,70.620321,,85.20045478,71.90234055,91.86012477,65.82288146,116.9435488,67.16606458,44.037332070000005,,,,,,,
2003-03-31,79.75025943,76.61013517,99.46303303999998,123.74855729999999,92.67844765,84.62146740999998,81.33988476,101.6850433,,75.22338352,87.66926071,83.63243128,110.4440752,,86.50691678,85.57797247,86.29939651,89.25812541,71.43155861,70.21769327,120.2258886,61.23350824,99.92565633,41.529867329999995,40.72147923,59.170374300000006,40.97441539,54.99070549,111.8297137,107.9404428,,101.2760475,120.8035941,106.6872739,107.0805227,,104.6214893,111.884346,,,,,,,68.39617726,,81.37349052,69.71452513,86.46834481,59.79860628,118.1922509,63.84544392,39.81525608,,,,,,,
2003-06-30,83.15805041,79.89590013,103.8589133,126.7177633,97.52569793,89.41353945,86.21560193,106.471625,,78.64704617,92.70444369,88.68436105999999,116.1942984,,87.46814437,85.08426803,91.96318648,95.59906298999998,77.48419847,76.14998443,124.5138182,62.420685510000006,103.8141983,40.94013513,40.176175,57.73479756,39.47724102,58.30885450000001,116.0736988,112.1816902,,105.3837305,125.6543735,107.3931071,107.3244677,,106.0696923,108.9515936,,,,,,,78.92443931,,100.43490739999999,81.0382982,106.6814036,73.19364072,133.1548172,74.85660159,39.9945214,,,,,,,
2003-09-30,84.87211028,81.64256883,105.1211417,133.2732275,102.6900509,91.72979616,88.65893411,108.0808047,,80.24474876,95.60261861,91.86996033999999,118.1318659,,91.7545072,85.58536012999998,94.61752815,99.1600362,79.10706758,77.75745724,127.9579066,62.732245119999995,105.6836571,40.57063233,39.89517657,55.25120532,39.19540538,59.77090711000001,119.28427189999998,115.25398709999999,,108.0712008,128.9173167,109.5499936,109.7305308,,106.77445749999998,113.7264564,,,,,,,81.01251118,,109.5519571,83.81420328,121.8582899,76.08333977,146.0544292,78.55463265,39.10944761,,,,,,,
2003-12-31,91.26537736,87.70691411,114.1101166,138.169532,109.4731463,100.7470067,97.666269,117.94410250000001,,86.98856956,105.5885607,101.76475060000001,129.5088017,,102.3221644,91.1434562,103.91155450000001,110.67012749999999,85.67339234,84.16968377,135.3256213,64.13830705,111.64160190000001,40.88060736,40.35097963,52.96935495,39.63044991,62.07252638,123.8283796,119.6266835,,110.106906,136.2577533,112.7536814,112.43784150000002,,109.9865627,116.8926901,,,,,,,90.87722188,,125.46084730000001,94.23260774,143.556906,91.58704045999998,159.91311,89.84244716,38.83929122,,,,,,,
2004-03-31,96.06932993000001,92.62492658,118.5473312,145.136952,116.6399022,105.9624281,103.1023407,122.80434169999998,,90.87415157,111.2586576,107.6320605,135.0416703,,103.0287632,94.7970747,110.9115514,116.4720015,86.59117658,85.23320475,166.3522901,66.63967401,122.29200080000001,41.1844229,40.69462329,52.62951428,40.20962972,62.52209025,143.2315668,138.563316,,118.42231659999999,168.10848750000002,115.3535215,114.5866579,,113.07476579999998,118.7164433,,,,,,,92.41598210000001,,133.3156721,96.33700889000002,157.511009,92.45079405,179.1819225,92.28552094000001,38.64160474,,,,,,,
2004-06-30,99.74224195,95.31173316999998,127.3237233,149.5951122,122.2990471,110.88995500000001,106.689146,132.2924682,,94.46913547,116.73652269999998,111.15162749999999,147.0175149,,110.3059886,99.04663866000001,117.7314569,121.3964126,94.00226584,93.15472820999999,169.8433304,66.49272608,133.8228322,41.36955332,40.93152886,51.9343485,40.21342447,64.48957712,146.0012522,141.2501821,,120.9673128,171.17749330000004,119.2473717,118.4678284,,115.8856772,124.6015084,,,,,,,94.00680737,,133.9454048,97.61869394,142.4324171,94.70242609,168.2195748,93.24760356,38.84235573,,,,,,,
2004-09-30,102.7392188,97.41071087999998,135.6023818,157.6128605,123.74473319999998,115.37211589999998,110.1022406,141.2005649,,97.47366275999998,122.4093757,115.462471,158.4111595,,114.533583,103.8426703,123.2985243,127.4663112,93.15723892,92.21316122,172.60544680000004,67.03845102,137.5752937,40.83793366,40.33471724,53.06677623,39.34500602,65.38730655,149.0273711,144.2079773,,124.2765935,174.0586036,122.27686,121.0228849,,118.2074006,128.3706834,,,,,,,92.25135194,,130.1189924,95.76377383,154.1899661,95.87954893,182.3269031,92.40449260999999,38.68787158,,,,,,,
2004-12-31,113.0019521,106.5439448,153.148396,172.0149458,137.3633497,127.3680984,120.4729664,160.4422976,,106.852696,135.7113752,126.518573,181.695122,,132.324719,116.6860698,136.6223271,140.5550622,107.6423091,107.6685095,226.5075904,72.01218542,145.8039423,43.14065986,42.81320860999999,52.50020017,42.43670037,69.53679522,171.8363408,166.7853078,,128.0955771,228.9265316,133.0826105,130.5129819,,129.3181277,139.860322,,,,,,,100.766581,,148.4568514,105.49086819999998,180.8126988,111.1760965,210.2628559,103.5403767,39.28025714,,,,,,,
2005-03-31,117.7806242,111.6652776,156.8159358,168.6598637,142.5044962,133.5268222,127.32066620000002,164.3333374,,111.550367,141.813355,133.8858583,183.2673589,,138.2564373,122.2787278,141.6699212,147.3030808,115.15773680000001,115.7867238,230.5869583,73.84156033,166.4028674,44.08783587,43.91413961999999,51.53939838,44.41809454,68.34106835,177.2561389,172.2373404,,133.3318185,233.89428639999997,139.4619221,136.9253329,,135.6266242,146.7595033,,,,,,,98.60179576,,140.5308299,103.1666952,184.3130745,111.7502707,194.622657,102.4964356,38.81702589,,,,,,,
2005-06-30,125.19676529999998,118.4735107,168.8209658,171.73437329999996,148.2933822,143.3947985,136.6133911,177.3337819,,118.5893629,153.1531995,144.5270633,199.34558120000003,,141.9586594,131.746891,148.9937738,161.6395101,126.4247529,127.7260715,232.54786649999997,77.22399293,174.6231288,44.66260396,44.4289051,53.92571709,45.135648540000005,70.37220884,181.6724886,176.17462349999997,,142.2601022,233.997432,146.6048464,144.3351712,,143.8544999,150.8551143,,,,,,,99.95128425000001,,146.5985606,105.48096519999999,192.1277042,111.1918205,223.6093634,103.1237296,38.90796718,,,,,,,
2005-09-30,132.6289075,125.78077149999999,177.5519027,188.3184453,154.7845739,152.5553152,145.9107232,186.6721703,100.0,125.66220489999999,162.6708685,154.1039883,208.70520640000004,,147.1188046,144.3473596,155.7654019,171.8880818,139.7120953,141.2618748,242.2010102,80.88553594,179.9398961,46.41321054,46.256781739999994,55.86387991000001,46.908686710000005,74.74245249,187.0671578,181.3443486,,145.5670167,239.993971,157.4508727,154.4135635,,154.2319144,157.863573,,,,,,,103.5540284,,153.4759476,109.7133825,226.9296299,119.8381473,231.7386587,110.4291628,40.1887291,,,,,,,
2005-12-31,143.8542928,135.2359567,199.6078014,209.9783186,164.77190170000003,167.1483359,158.0945444,210.977449,115.4903213,136.1785725,179.6159055,167.7174642,238.8301199,,165.5907001,161.5911276,170.1765742,189.7365952,143.9533266,144.889606,246.2554863,85.75580453,192.7161454,47.57653500000001,47.30762806,59.18135434,48.3853272,78.28193971,192.4626699,186.6897835,,153.3844762,244.3400245,174.71725150000003,171.766399,,172.7435398,175.0971671,100.0,,,,100.0,100.0,107.4529906,,157.7162947,113.7138395,243.58399150000002,122.66277540000002,235.7738885,114.0431197,40.4595139,,,,,,,
2006-03-31,151.0964294,142.6011635,205.7907815,224.4861162,171.9102199,176.3597867,167.924128,217.2219879,127.8006923,143.2615827,189.0764297,178.203556,243.84579569999997,100.0,167.3895761,170.8803999,175.55988059999999,201.6508105,149.5441725,150.0687325,254.66306399999996,88.65440053,203.03238700000003,49.32611318,49.00499051,62.033319,50.00151354,83.22450457999999,200.1615152,194.302011,,161.4611536,252.7907669,182.4879681,179.2616349,,178.4054628,187.4011546,102.3157465,,,,103.8315329,103.8423095,110.16429179999999,,176.8533236,117.89597969999998,272.7540803,135.4588488,271.5058599,121.56840119999998,41.88706519,,,,,,,
2006-06-30,159.3573864,147.8186506,234.3048723,243.02656020000003,180.87379130000002,186.5817726,173.40713749999998,249.08756580000002,133.3441237,150.5686459,201.6927696,185.0072419,282.4959359,103.1018745,175.91283370000002,176.38429099999996,190.3311296,215.4903848,155.1883878,154.4377099,266.4444541,92.91164386,211.9482413,50.15099715,49.787671659999994,64.05958502,51.26897543999999,83.67437369999999,213.0701382,207.523609,,178.3651099,264.2551426,191.8902731,188.170646,,189.10904479999996,193.2646419,114.5165393,,,,125.0580452,125.1278208,108.5768227,,167.9675254,115.5634272,261.1081501,139.359776,267.5452271,121.1699415,42.01864845,,,,,,,
2006-09-30,166.2409514,153.5057292,248.1652202,259.5401876,191.0385934,195.771428,181.1057403,265.4147011,140.4033265,157.1509171,212.0957826,193.5378087,302.0453713,107.8540955,183.25850410000004,184.6067838,207.2567547,223.8527785,159.8580333,157.799718,275.686608,95.40701679,220.53353869999998,50.84009596,50.44325888,64.7927894,51.90425437,85.2904461,215.8877046,210.1730657,,173.9675747,272.5409453,197.4317278,192.6969111,,194.0408021,200.3032813,118.2314353,100.0,,,149.9161041,150.0460765,114.34211009999999,,167.12916970000003,120.45058939999998,275.1566159,148.0840884,292.9170889,126.9140637,42.63543701,,,,,,,
2006-12-31,182.89021160000001,166.5536907,289.7038789,284.9796246,213.74246180000003,216.3301858,196.4437026,311.6894356,152.5243449,172.9392901,235.3761946,209.7547207,357.6556975,118.2055446,204.4184759,203.4272347,228.1971627,249.45948200000004,179.4526755,178.7841027,296.2314119,103.03380280000002,230.1588389,54.68724954,54.54327362,66.56484111,56.51028618,87.44900931000001,228.28952969999997,223.9177856,,178.260101,294.6395744,223.57481220000003,215.21908300000004,,224.450238,226.47198889999999,122.9617863,113.2730697,,,154.3869469,154.5207953,122.2895378,,183.6782789,129.478756,322.5819558,164.2085008,320.4632302,137.4451495,45.46388164,,,,,,,
2007-03-31,192.5960669,175.23470029999996,306.6777937,297.0710441,225.7774495,229.2635415,208.0841781,330.8563855,160.7041544,182.2358959,250.74883869999996,223.8698125,379.84455390000005,124.2067666,221.0106475,215.04093090000003,243.6022797,265.7594086,184.2197955,183.0934899,309.8977996,105.3319832,247.760269,55.83285803,55.63353542,69.14368243,57.61991630000001,88.30305350999998,239.3342005,235.5221371,,187.0662767,309.7390588,233.207205,224.96229329999997,100.0,236.48380020000002,233.77245170000003,128.1607784,115.6537377,,,179.4074564,179.6490564,123.5175275,,187.8904784,131.5454494,329.7742722,172.0777145,334.5958637,141.39648,46.69419102,,,,,,,
2007-06-30,210.1557438,188.4971049,354.2749838,334.03408479999996,241.02880700000003,253.4419336,225.5839112,387.03197930000005,185.162832,200.18617149999997,277.4913604,241.65773849999997,447.6041112,144.0569297,246.2550191,232.2841462,262.9115716,298.6153021,198.30135310000003,195.4768084,328.3233762,115.28345929999999,274.1606919,59.10087577,58.92985066,70.9915835,61.60337023,90.22142723,253.99398009999996,249.9010039,,199.1717279,329.7804321,248.64573929999997,240.5096671,103.4286385,259.0282232,240.0534878,133.7570071,118.1804072,,,186.1371667,186.4148841,132.3328844,,198.24270919999998,140.3142318,384.6308933,186.49186169999996,307.6553503,151.8565705,48.9650286,,,,,,,
2007-09-30,217.176167,193.3560424,372.90725189999995,369.10611420000004,248.38565770000002,263.279586,232.1419041,409.3678921,207.314698,207.668292,287.9345607,247.9831941,475.5224091,154.9302216,250.4256916,243.1597474,268.2147804,311.4169445,214.3092024,204.0402848,341.9849976,118.6723597,293.9870463,60.81731683,60.67918288,70.54715825,63.434315100000006,95.07272739,263.5452109,258.2441327,,204.380576,341.4982268,247.79224199999996,238.0997321,102.0782439,256.7275948,242.4969715,128.9362677,121.5243589,100.0,100.0,191.4465762,191.7702702,135.365592,,194.0696956,142.8890285,439.7221106,190.4329598,313.1298011,155.6475078,50.01632325,,,,,,,
2007-12-31,223.4223027,198.7082419,381.3084673000001,395.62941399999994,252.48206250000004,270.7451031,237.94804299999998,419.69698270000004,228.193253,213.7492249,294.6301991,252.4613134,486.8841925,170.1694703,266.265408,257.1649959,276.5047499,315.1256779,235.8843262,223.73814460000003,349.5245932,123.3956988,312.5842953,62.95301073,62.97719681,70.55834136,65.6141809,104.59186449999999,270.2435348,264.865298,,211.8007071,350.0637044,252.7641605,244.2970615,98.4671029,263.9465068,246.29100690000004,119.3122344,129.9669576,107.6805404,104.4262085,198.2742647,198.2877634,129.1383423,100.0,180.8491732,136.1995087,450.8678311,187.84514290000004,266.5750596,150.5931196,51.10081804000001,100.0,,,,,,
2008-03-31,222.1951337,197.3802535,382.1233171,387.9950938,248.66603780000003,269.5101316,236.65943729999998,421.3085804,220.0723349,212.6531135,294.2758999,251.9251513,490.51959719999996,163.7877154,273.7748453,254.4198037,275.1463959,315.3900524,239.130293,228.01121569999998,338.7007958,120.7063221,307.0975795,62.39170163,62.35681456,70.93715006,64.98746397,104.07295210000001,265.6926682,259.3406507,,215.8424393,339.0463087,252.4324249,242.56873159999998,100.5560568,263.5606474,248.99226459999997,105.1098901,127.047935,108.2284002,89.99420843,203.6676228,204.0183881,116.94197409999998,91.62970836,162.9495331,123.2356358,401.613777,171.7793895,272.268351,137.1222395,50.65355077,94.25802752,,,,,,
2008-06-30,221.5355976,198.4226814,370.9210953,375.23271189999997,245.2187226,267.7782733,237.539666,407.8747149,212.2590829,211.66354220000002,290.2570254,251.4087269,472.1229603,154.580278,277.3554753,256.7963366,274.6955567,307.8203338,243.07805070000003,232.8545446,340.689279,124.3491471,323.912159,62.86893736,62.84214582,71.73873094,65.55886162,103.65309589999998,267.9428322,261.706988,,218.2833713,344.27728790000003,248.1886751,240.3578074,94.9795006,257.672237,247.0657184,101.0371655,131.1620888,111.4673218,92.86889545,217.4156452,218.0302701,113.7530371,91.16895836,163.9004791,121.1525643,398.3748646,165.3974959,257.3836669,135.1640077,51.10557594,98.91513761,,,,,,
2008-09-30,208.4480664,188.8885372,335.3492603,343.91254570000007,238.8257908,249.5408013,224.73364380000004,363.6201306,195.9787553,198.340736,268.450979,236.51858929999997,417.63428330000005,142.545729,265.467332,244.4020972,257.9701612,280.8034009,231.9539254,225.48235229999997,312.2540456,119.279237,318.9564513,61.19102998,61.28051393,69.3292474,64.37780625,99.68086237,249.34639370000002,242.5302187,,218.6173108,315.4842281,234.96752909999998,230.5367843,89.69819017,243.851529,231.7444051,98.76917419,136.2520448,114.0841475,100.9072376,224.0143892,224.8304901,104.2321322,74.11703495,162.0764068,110.5772344,291.3802293,131.1034898,271.3049314,114.6845081,49.013275789999994,92.00286697,,,,,,
2008-12-31,177.4011892,164.09746809999996,267.224371,272.4011443,212.9606355,212.5057864,196.13341099999997,287.1624611,162.8636388,169.7976545,225.7537413,204.922176,324.3733453,115.7367576,240.32870050000002,218.0673677,219.8924425,230.9404526,200.9968296,193.82438629999996,262.4055976,105.9144064,304.3232441,54.3988499,54.49171735,62.32960916,57.74692812,88.25244992,214.0408581,208.2594101,100.0,212.6234588,266.6807788,183.72791259999997,184.8249587,68.54558502,187.9730691,181.2759812,79.24550939,129.5460433,113.8395054,86.27621741,189.1443024,190.2998133,81.36024057,61.01598713,119.7457889,85.38726694,211.0806277,101.2871,165.357128,89.85294104,42.78731911,70.90022936,,,,,,
2009-03-31,166.6942002,154.7778755,248.22165110000003,249.97060279999997,201.1626596,199.46998300000004,184.1108565,266.6035588,159.3717909,160.1459122,211.6123509,191.94780709999998,301.7787871,112.954445,237.5535539,207.7544985,209.8758362,213.16078690000003,201.0355745,193.3180888,254.4676808,100.5428593,280.1319465,53.04687117,53.08114863,59.982724049999995,56.03686783,87.00671294,208.1532285,202.53473130000003,96.12543556,210.0676643,258.5943817,161.3404379,166.2083169,62.95512813,161.2186421,161.8356749,72.00034653,119.2842569,105.7641738,77.32191225,179.664811,181.127434,72.40097157,51.28403457,101.8395258,76.16141995,213.24135880000003,86.64762873,111.2424766,79.26775489,42.04480249,77.84862385,,,,,,
2009-06-30,167.5413162,154.4438424,259.3165256,246.2550811,203.0057947,205.21123040000003,187.6216408,280.7342322,169.695137,164.1218275,219.3129331,196.8735663,321.2340334,119.0708957,236.14606489999997,212.6254331,220.581185,220.7502347,204.5345566,192.9452923,277.3643951,99.18718393,263.5634103,52.96047254,52.92164695,59.65844947000001,55.6196475,88.73003426999999,221.9388058,214.8921915,102.1598551,200.32156560000004,279.8616926,134.6207979,137.1190871,60.79863473,129.314219,142.9738558,68.11894508,113.4575553,99.4025637,76.49110705,180.0077955,181.3188826,83.9337884,62.36930114,122.9065943,88.96950999,287.5417205,109.0797783,144.8106462,95.95228577,42.222517950000004,93.71616972,100.0,,100.0,,,
2009-09-30,175.2294205,160.9724503,275.9724406,254.0916124,214.397293,216.8671526,197.27064759999996,300.1207543,180.4944356,172.5812165,233.7259505,208.99741439999997,346.32678759999993,124.5439826,238.4910259,219.7763963,234.10045690000004,238.488799,213.79945630000003,198.0545779,312.5797936,101.6116595,258.2675883,53.78742292,53.74560263,60.63994964,56.20979185,91.22769531,247.9042949,240.63444429999998,113.7157899,208.18664129999996,317.2083305,125.6388631,125.8806906,61.74324165,119.0609543,134.1374427,64.77092084,116.4997588,102.3793376,77.65546342,181.7666536,182.0608154,97.03224214,72.0531198,146.6018721,103.4824506,348.0306155,134.1447417,194.8934518,112.80939640000001,43.178258619999994,103.5888761,102.4226708,,103.9570527,,,
2009-12-31,184.3642328,168.794143,294.3377766,268.1296072,224.8081722,231.7012458,209.8271269,322.5582424,199.9341392,183.5316547,250.46699189999998,222.7482181,374.5117422,138.0081807,251.8233503,235.82680799999997,247.0082533,257.6161596,230.8635825,211.1278031,330.3911154,106.3553973,266.640373,55.3167593,55.30992856000001,59.78077325,57.47887459,97.30793021,261.5315055,253.8470386,123.8841681,219.61577589999996,334.9186547,118.815071,118.6693936,59.84270696,115.2314738,120.3581466,60.95590878,123.0009291,108.0569496,82.06073667,191.553292,191.7552165,102.8916049,76.4430434,152.28216,109.5861662,377.8795914,138.572286,212.66396390000003,117.52096390000001,44.47832104,107.5,101.0631574,100.0,112.5094541,,,
2010-03-31,189.4950796,174.34391889999998,295.837189,280.2301706,232.7221305,238.82111539999997,218.1069801,324.039598,209.135753,188.6636004,257.7883823,231.8252202,375.3495333,143.0232994,256.6388247,242.8383827,251.99071779999997,266.445955,236.0805843,214.8746471,346.55542690000004,109.61027089999999,277.1049089,55.72975977,55.66646084,59.30916647,57.90575688,99.01473860999998,275.5970872,268.0001302,127.57696,235.6848552,352.0072269,116.9979648,115.1769922,59.56376567,115.66471600000001,113.8137015,61.12370018,125.6260959,110.4195462,83.61046833,200.1893065,200.5285907,108.4340316,75.46478434,165.7593218,116.1008589,387.1433002,136.1921433,234.1282234,121.46312389999999,44.674544450000006,112.4868119,100.0206439,102.176659,113.6703153,,,
2010-06-30,193.4067762,178.9542705,297.2953252,282.5745949,238.9027467,245.035212,225.4120323,327.6228211,211.560438,193.0103589,265.8136871,241.5321047,378.9371834,146.5089318,266.0848318,253.4076908,255.7178294,275.8469864,231.78859,210.5144946,352.4925508,111.7518078,282.9034439,55.76354071,55.83505047,58.14118917,57.76111596,101.5044594,278.5647069,272.2614419,122.2117726,232.3837701,358.3303613,118.94406380000001,118.41160759999998,57.90462357,117.8176448,115.14619050000002,64.02809014,129.2885074,114.9205147,81.97993195,199.2379257,199.4862792,96.04504241,66.46708253,149.3128684,102.9568264,355.0521179,115.9803591,224.79175859999998,106.2894963,44.67167259,111.0481651,101.251821,104.6664097,117.0499368,,,
2010-09-30,202.0896869,186.0417282,316.8649648,293.4301873,246.1577216,257.118539,235.0262148,350.3275817,219.4417124,202.03229440000004,278.6737188,251.4238262,405.7637016,149.1733895,279.8311757,261.7757162,272.0080945,288.3687548,247.7899748,223.3591845,363.7371389,116.1003857,307.1959913,57.24239011,57.198332529999995,59.18837186,59.31550289,105.8316455,288.5621544,280.5595288,134.7817814,238.8001833,368.4795698,124.3326474,124.21801940000002,61.2173054,124.5667599,118.2390493,67.17194844,131.5675422,117.2905705,82.52141334,213.4107115,213.5521888,106.89247570000002,77.03289243,166.16884119999997,114.8279343,419.5311135,138.4808422,254.404206,121.054478,45.60511947,114.7270642,104.6058215,101.7554575,121.2089556,100.0,100.0,
2010-12-31,216.4094558,198.8363378,340.1134847000001,320.3103296,258.6421977,277.0936932,253.0103373,378.6495377,239.2026137,217.5919897,301.1121075,271.3871394,440.9307459,160.4225982,298.353826,282.8775371,291.9427828,312.8175173,265.1003123,235.2195239,383.4765336,122.6451332,323.1320617,61.33707839000001,60.97840192,62.50472325,62.94451917000001,117.8988229,303.9605911,295.0720996,146.2856051,248.38187200000002,388.8129399,132.3201941,132.5469429,63.14350781,135.4947308,121.5799156,70.06772111,135.0296099,121.1238606,81.97509001,227.7829987,226.1873605,118.3905825,80.85522545,193.1778043,128.1387953,450.4163317,144.7922272,273.2273701,132.0211675,49.29462681,118.3881881,110.3710301,102.5519507,125.7071385,102.5723499,109.4674556,
2011-03-31,227.5553855,209.2484289,358.4404236,333.2770441999999,273.8976868,292.1820371,267.779174,397.5736512,248.6055236,229.2468993,317.3509158,286.8406204,463.6671029,166.631872,312.0953409,293.2554413,309.935712,330.1764492,279.2135635,250.7482961,402.3408317000001,128.0397557,345.23717409999995,64.1861345,63.60770614999999,65.78408823,65.19438913,122.2206703,317.8649627,308.7975393,155.3939895,257.1690237,408.5934126,138.7360379,137.703269,70.01944929,141.0548094,126.5903608,72.7372893,139.3446818,125.1523921,84.22370633,241.2827411,240.0495037,125.3984052,85.04204066,208.5143608,136.3168219,459.85981019999997,154.2912737,290.9668271,138.5076779,52.92267894,121.2626147,128.6754851,107.125897,128.0535098,107.1393037,113.8137038,
2011-06-30,237.20221950000004,218.4325523,374.6939353,340.3611407,281.3223501,304.5425831,279.0738176,418.1898248,249.8941795,239.0564065,331.17102510000007,298.9941902,489.0712458,167.0024736,323.0800553,306.2771263,321.669189,345.6181141,285.295748,254.867884,411.6706822,132.1755264,362.2288759,67.18441518,66.61801373,67.97730921,68.42653316,123.8985982,327.0343684,317.6063408,160.1100376,272.0543225,418.2738314,147.0066023,147.8981925,70.62355034,153.3290517,131.5815623,72.66889463,141.4516089,127.3320875,84.76993808,252.2976202,251.8743209,125.5227135,87.70971637,205.165905,136.2802567,455.0619474,158.6843114,301.4174105,139.4426796,55.57692885,121.4787844,137.707635,109.2727642,129.3169342,110.4069914,116.5168795,
2011-09-30,232.7489558,215.89114669999998,361.5035682,326.9955544,280.0653975,297.4889563,275.0208002,401.4344792,240.4013634,233.9524029,321.8528649,293.4760735,466.2629481,160.2088939,329.9071251,301.7498468,312.567462,333.2839258,275.6063912,251.33216789999997,397.5729043,132.9550856,374.3586547,66.70348587,66.16018616,68.58053852,67.80338221,123.2938723,316.3068295,309.1327207,148.3290204,273.0041473,404.4031362,146.527357,148.9875962,68.83262105,150.5848282,133.2727673,73.28774856,143.6073732,128.0555125,88.50647465,250.6335733,251.1878489,108.1154209,76.19597456,160.3058701,115.4579215,352.8594957,122.8862189,257.6211984,116.4099667,55.38939195999999,116.796445,138.3989357,111.0392636,131.2610038,112.445249,102.2520104,
2011-12-31,236.4630023,220.8156865,359.9693656,327.2863714,280.3265933,302.0859914,280.8767477,402.56716919999997,240.497991,237.59482319999998,328.16316269999993,301.49407,467.7843567,162.1129354,340.8996994,311.7538064,325.7398605,334.6781589,282.9296687,264.0784843,395.6250006000001,132.5747568,362.8531673,67.7996772,67.58140569,68.02674209,68.96330139,127.3783404,317.2716651,310.0837668,149.010189,274.2425664,401.7032621999999,149.7983949,154.9042255,65.30039885,155.0002083,136.8311231,75.37929397,142.6483392,129.6014088,84.3470483,268.3495061,269.2974055,122.764378,81.11982282,187.95505220000004,131.4029976,368.8550659,130.9389319,296.9785275,125.7674304,55.96290557,120.1926606,128.6528023,108.047195,128.1967468,116.0585526,112.8171958,
2012-03-31,247.4433017,230.6581105,381.0983378,336.40668,290.9902876,317.9259945,294.6530855,428.5159268,249.3108881,249.75633419999997,346.5135181,316.3697341,501.31747770000004,169.952264,351.8683197,324.9085334,342.5306632,356.1902737,297.5681428,281.1914291,417.4610819,136.7877232,371.2792592,70.63810193,70.51137295,71.81003805,71.88064569,133.4163863,334.0570832000001,326.592961,155.010517,282.6751686,426.1842081,152.2569775,157.9595619,66.07973202,157.5178559,139.1296909,78.30402316,147.3506601,132.3726426,88.85494105,281.9544401,282.9447664,137.1372951,86.59929775,210.738018,147.255899,423.2053612,145.6391919,330.9512883,141.4240226,58.16093375,124.7144495,127.6937112,114.9469819,132.0566277,115.2375835,123.7260147,100.0
2012-06-30,251.70809229999998,236.28263950000002,382.1070813,333.5260649,295.2039616,322.8260761,301.1993205,430.5449255,247.1822757,253.8398702,350.8948189,322.8624405,501.5353293,168.0806768,363.1326272,328.7127911,344.9724235,361.1777612,297.0471596,280.7328144,429.4688286,141.3252527,395.1175329,72.29513331,72.51791905,71.67537384,73.96929867,132.6047206,344.9381699,338.831054,154.7297427,294.0591622,442.059963,154.9941025,162.1621324,65.55525028,159.9056215,141.7048534,80.41842367,147.7773575,134.4030024,87.91019155,283.0161611,284.9299141,132.6951732,84.40600533,203.2882972,142.0221295,385.4120068,134.2778743,344.59634680000005,133.808266,59.28975198999999,125.6479358,129.634305,112.9848579,135.7981389,113.3738191,127.7935145,103.9316916
2012-09-30,258.0312604,242.14570190000003,392.5089662,339.40820420000006,301.9684052,331.8226248,309.4484266,442.8799295,252.5820679,260.7759638,362.1401278000001,333.0162112,517.1604437,173.5787143,373.3756846,340.8495059,355.195738,372.7726003,297.4359345,279.6247108,441.4595477,144.1237669,409.33427869999997,73.9600652,74.35800995,71.89892421,76.16661078,135.2426375,355.4473158,348.7394779,162.7579212,303.9611948,454.1071409,157.989334,165.5711162,66.61863887,163.1779157,144.7106951,83.49249518,150.7873906,137.6627604,88.96517963,278.288801,280.3249851,141.1482413,88.42894267,212.1801665,150.6735988,415.0777182,147.7179509,338.7214875,143.202843,59.81405229,129.9558486,126.2863418,111.236684,140.3969798,118.453263,136.458397,111.2679625
2012-12-31,267.2767165,251.21100740000003,405.84086790000003,348.7578082,308.8767583,345.49160150000006,323.2326379,458.1036798,262.5314286,270.6385055,378.9654351,350.02183040000006,536.6133339,181.6896821,388.8660166,356.7138385,369.0371811,391.6974095,309.2695621,290.1849812,461.4658287,146.6541259,419.1715995,74.75234951,75.16249896,73.57782816,77.31847295,138.8523465,370.78210139999993,365.1071471,166.8769334,311.0121864,478.0640336,162.3763503,170.7375201,68.71701929,167.5629732,147.6505076,86.93218581,152.4706573,137.4974403,92.71712954,288.6677892,290.9221005,140.2371945,90.11140356,215.3768461,150.7036889,437.2129801,155.4100547,349.7377939,146.1357133,59.62276911,131.7998853,137.7560505,114.2264769,141.2155421,119.4812917,146.0157308,123.5727954
2013-03-31,276.1960233,261.0275668,413.82194830000003,357.4722391,322.7359586,357.16963259999994,337.1898277,464.8011212999999,270.3449715,279.5863432,392.5522652,366.84019659999996,543.5873066,188.1480877,396.4678535,365.954827,380.2212734,408.7826503,321.4400308,305.9463469,481.0274747,150.6351212,427.1737455,76.77426937,77.26041107,76.21852739,79.98855026,138.324968,384.8708494,380.6712337,168.7063193,316.4404384,502.1761435,167.7003913,175.2862446,74.25534924,171.7426371,151.5018071,88.20586856,156.9638773,143.0562752,93.20531685,298.9588178,301.7890417,154.4258845,94.84049035,238.8237632,166.4674627,428.8706183,159.9914628,378.89805950000004,156.9378242,60.77169760000001,134.581422,166.8056229,118.4403331,144.7847922,123.8083653,153.6955999,130.4115437
2013-06-30,283.9360408,270.1996143,421.3969994000001,357.5911301,328.6395605,367.0603828,349.6081884,473.5557247,268.9686839,287.5944747,404.7784375,381.6082869,555.0725897,189.7990054,400.8339494,374.3198824,390.8456701,424.2198022,327.82631860000004,318.5730018,497.6521916,152.8277551,432.66253299999994,79.55141858,80.23528028,78.01989978,82.94534408,142.2091582,394.2573033,391.2689528,170.1414103,318.3747734,518.5515087,173.9330372,183.0079442,76.18245891,178.6926434,156.1547689,91.98415034,158.831928,145.3800502,93.49747751,301.4034789,305.7179712,160.5058591,92.09296243,252.6944389,173.0507151,396.8644059999999,161.867668,370.8725984999999,160.1828643,62.98985117,134.8394495,170.6697493,121.3521415,145.2353206,125.3312606,149.9818627,126.3539249
2013-09-30,295.3841056,281.5617451,438.3270994,367.3900071,339.5791339,383.9784020999999,367.2925769,493.1793724,276.527779,300.6893899,423.6878582,400.9382229,580.0391198,192.5796723,410.7458507,385.7752617,406.50705159999995,448.6532127,338.7876427,327.81258090000006,513.0793858,159.9351491,454.7159014,82.82262611999998,83.44172434000001,82.07216139,85.94880693,150.6223026,407.94574930000005,403.7545437,179.7028175,330.7302897,534.6996307,178.3910743,188.25121240000001,77.98042734,183.8201512,159.651296,94.62709523,163.4738013,149.5749152,96.38784162,305.6245061,309.8886586,167.9963691,99.12524276,275.0099344,182.7983774,419.4911404,181.38424429999998,360.8266075,172.15921280000003,65.96101299,136.4512615,174.5109667,123.033995,150.9647602,130.4405244,155.1839675,131.2785939
2013-12-31,312.5786923,298.0875741,462.5705122,394.3648456,358.4528449,408.212217,390.9236263,522.2268033,298.017973,319.7456207,451.9867377,428.9636536,618.2569632,201.8131266,432.57105750000005,414.0009437,431.3106504,479.785176,363.5266921,340.8980092,546.4963056,168.2666226,467.1303285,88.24494949,88.465681,90.66463312,90.54714459,169.73051369999996,430.7672604,428.5323482,185.9253147,339.8767145,572.6574529,186.42944329999997,197.1474483,80.48803576,192.0754581,167.59742990000004,99.29978079,169.1454749,154.7972829,99.71170237,316.908683,321.1008665,185.6578968,103.6189464,298.9911032,201.2672113,427.3022752,195.7499508,358.380479,186.1257672,71.00449983,138.7694954,178.3877475,126.8114781,158.1593999,135.2484895,161.5824827,144.4229235
2014-03-31,324.0242273,309.2770288,479.42528079999994,407.4689809,372.0251341,424.5719624000001,407.0573452,542.1768454,310.0738328,332.960089,469.2412764,446.4607346,639.225824,208.5234838,451.1985234,423.8049367,439.2300454,505.29987629999994,377.1335818,350.9581374,554.7132676,175.1940344,493.2657456,92.75431111,93.17067158,95.52470521,95.66921773999998,173.8363777,440.8030578,436.9786194,195.3971378,354.81309020000003,579.6775586,191.17783610000004,202.74978599999997,81.98153657,196.16525540000004,171.2425778,104.0832938,173.7202099,159.5679642,101.5121535,326.830836,332.4907577,189.0131387,110.8913398,302.3356955,205.2375783,425.742451,200.0824942,394.1627712,188.7234179,74.31848379,140.4288991,182.6303005,129.4515857,163.2526444,140.6862335,169.7066762,147.9628323
2014-06-30,338.83745849999997,323.2540039,502.000442,427.5658105,386.5261012,445.0784289,426.11291550000004,569.470169,327.5630809,348.57019719999994,492.1784001,467.2261879,672.6499126,221.1528156,471.3097051,442.6560658,460.66819670000007,530.9540249,393.0740572,364.5204124,574.2773799,183.5490243,515.7785852,96.10554097,96.60188761,96.65839008,99.50162636,172.90441309999997,454.1978302,452.06907119999994,197.430676,364.57120409999993,600.1669836,200.1591034,212.0587341,87.19669805,204.8655726,179.0762567,107.2590552,180.6833743,166.4917138,104.5070144,348.2308128,355.2644715,198.9058471,120.2282048,308.5259509,215.237007,454.2930661,207.394957,421.7546915,198.26050859999998,77.20044038,142.3732798,188.928819,138.4440308,168.6447106,146.2042276,167.8746895,144.3497477
2014-09-30,346.3590749,333.0486167000001,500.4339155,439.3907265,391.4038294,452.56951719999995,437.34453379999997,565.7902402,335.4917288,354.6701676,498.7345519,480.1360186,662.6310608,223.8711933,487.1590039,448.1357158,466.2814796,537.3089166,402.8216827,372.8330972,576.2118801,188.3887948,528.8292343,98.28552372,98.30521877999999,97.82798564,101.840907,178.931287,458.7210587,457.0376569,198.3014689,374.300329,603.5907999,208.1728537,223.1944389,87.73040602,214.126659,185.8308156,109.7026196,183.7896443,169.4305746,105.8377033,378.3332533,387.6770804,201.1495879,115.6796897,285.8197011,215.260622,439.037981,192.9288798,408.6565517000001,194.1911911,78.59645945,141.7024083,197.1444157,137.9355284,172.4644919,149.8850051,173.5564593,149.3107823
2014-12-31,355.8529927,342.2839681,512.0604186,458.7971158,400.22544739999995,465.2496659,449.7267588,580.0733236,348.5976453,365.9968964,515.0040299,497.7931945,677.9753683,232.8972502,505.97892530000007,470.83886120000005,477.1234033,553.9766192,401.42631479999994,366.6092738,577.0556411,195.509631,543.8121274,104.50158570000002,104.041228,104.6994145,109.01205810000002,183.7798572,465.18182,464.7484974000001,199.2034923,400.1452247,604.4331342,217.290981,235.0181902,88.36306217,223.96549450000003,194.7826404,112.3154875,189.0116184,174.8815698,108.1196584,344.0292562,352.2030328,211.071415,117.0733472,313.6245226,226.540593,419.5411614000001,184.6262147,467.2555995,196.3695483,83.14398518,140.9833716,203.3489969,143.8013576,177.4366476,149.8354349,174.1355132,148.5914789
2015-03-31,363.6036103,349.5407836,522.5535671,476.6840188,408.78303070000004,478.93480859999994,463.3482432,594.4626929,363.7333894,377.143286,531.970962,517.133639,691.5710209,243.2683924,521.924817,481.4810467,489.1502016,576.3817685,405.1977463,361.1727963000001,579.4967992,201.8656311,554.9983033,108.5005634,107.63035899999998,110.7843372,113.1018731,188.8699293,470.5464636,471.8993472,198.344336,413.82480400000003,607.8985452,221.6815009,242.2110272,86.43944233,226.9052114,200.6309632,114.8612052,188.4910595,171.615824,113.3490299,316.4806761,323.3097181,213.0777358,116.1351533,327.1585315,230.6187511,429.1087093,191.2329112,489.4362891,201.1876549,86.67300093,143.9793578,204.8165709,140.641073,186.9525835,148.5504745,177.6792675,152.0162172
2015-06-30,380.0017511,364.5265412,551.0542281,499.2645458999999,427.12201310000006,502.7185783,485.95161540000004,627.1287178,382.1350781,396.07049,558.4565033,542.915928,730.6924606,251.5980747,541.9388967,506.8577244,509.8796716,607.5712612,427.0724123,376.1000006,593.3754346,211.1553548,582.961111,114.35449539999999,112.8355209,115.53203439999999,118.95354939999999,203.4117791,481.2256075,481.4102203,207.584135,423.7358728,619.8106649,232.2938518,255.2100301,90.31901594,240.4448473,207.7450149,117.2960371,197.0098845,177.869512,122.2749029,312.4097769,318.4873646,213.6701718,114.031173,328.5355542,230.93679179999998,432.61257989999996,192.5335148,438.33803379999995,202.16770940000004,91.26858655,144.9678899,219.5079566,149.8347987,197.4178986,156.4400624,182.0205856,155.0832532
2015-09-30,382.6926767,367.3843413,562.1328099,488.8392443,427.1155842,506.2436621,491.30051309999993,638.0440249,369.4482643,398.5277472,564.6159383,551.9531404,742.5844341,241.6463039,557.1417065,511.7839435,510.9246988,616.2910763,417.6445581,370.7217183,585.1417309,212.60198389999996,595.4623816,114.3963582,112.3690406,117.7641173,118.4089396,200.6040935,480.6981529000001,480.275844,209.2053745,446.6525899,609.3052165,236.8350625,261.6841918,91.73910254,244.51226779999996,213.4154752,119.5197352,201.33406,178.6795728,130.6626351,302.9400381,308.6411635,199.91320439999998,105.9955928,289.3811952,214.1956617,355.6927795,175.85713210000003,447.3721075000001,185.3186616,92.51111028999999,143.0103211,211.7822621,149.8986191,208.5936709,153.8684561,180.7544472,153.9611532
2015-12-31,388.9162766,370.5561739,578.6119199,512.2567154,436.46430590000006,516.5915607,496.29880340000005,659.1732152,391.4668258,406.9269027000001,579.9548516,560.8908263,773.7702017999999,258.1558484,571.0825291,525.8864639,528.5666801,630.7387285,424.4189665,367.3574503,584.1427688,214.8729611,595.3440378,117.3267308,114.8252963,124.3029132,121.48747710000002,205.871933,482.9514225,482.6444081,210.4723702,464.0635225,608.2548021,242.7008925,269.158745,92.96642205,247.0781014,222.8724607,122.4470865,203.871231,178.779587,135.3353135,278.8432473,283.9420368,213.9921455,103.6592898,299.7808906,227.6249786,358.2934331,180.30137460000003,479.0317542,195.73933079999998,94.79935279,140.0126147,221.432328,152.7884893,214.8249811,151.5409335,179.6466334,151.9537306
2016-03-31,392.0104075,371.6700625,593.9702114,509.8277933,426.692861,523.1498546,501.4755199,677.7718802,384.8696298,410.1002784,590.1028199,569.4916943,797.8112208999999,253.5800077,579.4047436,534.0120288,533.6438712,645.1602838,413.80104529999994,359.0784791,581.016943,217.5000291,596.5874215,114.16490240000002,111.06511019999999,121.8850694,118.0617656,201.9741815,483.94887730000005,481.7813114,213.1149685,474.3988688,599.2331892,249.4606414,275.9524315,96.37458938,254.7036201,228.8676539,125.4493668,202.2081593,173.8479492,139.0985516,271.1299844,275.0749547,216.8764707,112.6483665,295.2287127,229.8291721,378.91255720000004,176.01933369999998,509.27469730000007,195.361428,92.28508617,142.1788991,225.2123598,156.6954193,209.6846947,151.2737892,183.2622219,155.1427651
2016-06-30,400.03500139999994,379.5986568,604.6956687,519.021321,438.0842546,535.449924,513.5863873,692.3632896,393.5160744,418.6883348,607.9039601,587.6247305,817.5601073000001,262.7757148,599.8332001,558.689097,550.2363264,660.2222879,420.392655,365.9928168,588.1311975,218.5238203,601.4243699,114.3643246,111.2739708,122.6602606,118.44581899999999,200.8731321,492.6296318000001,491.754678,214.9954583,482.54111279999995,610.8929763,253.04521650000004,281.5259628,96.49110362,257.4024659,233.2248172,128.1166878,210.7801565,181.5251161,143.0806132,272.1863854,275.9219991,222.20162799999997,118.267235,306.4231627,235.8749929,381.9339112,171.9861801,543.9720783,197.73055220000003,92.3470291,146.3251147,229.7952049,158.6427535,228.1972592,156.4109956,190.1850628,162.0737075
2016-09-30,414.3468679,393.8130465,624.4185817,536.0677929,449.5096538,556.8642765,534.6248782,719.7598807999999,407.9395028,434.59634239999997,633.3211502,612.6035902,852.6607318000001,271.4118483,625.1166988,581.0465321,571.0673255,689.7920808,438.4897061,384.4440502,612.8737144,226.97161310000004,612.1381601,116.9953235,113.6073416,128.0093595,121.2919798,200.1745537,508.2225787,507.970342,220.8143204,483.56222110000004,633.8446493,257.7939689,287.1618643,97.56763066,262.7453758,236.9065943,130.3547926,216.5091154,187.8957815,144.6442854,296.8126539,302.044255,230.76053519999996,121.4774605,334.1418858,246.2480718,416.89551080000007,181.3559003,536.1021742,207.6027085,94.94029188999998,150.8245413,230.8032728,162.879726,228.4858872,166.0496959,192.4168204,163.5538924
2016-12-31,426.2221521,404.1406217,649.4406414,545.2437769,463.1133835,574.2138292,548.740014,754.954364,414.9382338,446.832527,655.9209324,630.0393032,896.9819968,281.8352648,654.6540491,608.2353375,594.3543172,708.6056254,446.56755940000005,393.48672650000003,635.3288061,231.63263130000004,622.2463981,117.6208834,113.7586233,133.5739437,122.6666373,200.0018693,523.4208555,524.8005215,224.6932325,501.0449993,659.7786112,264.030199,294.5410685,99.43852297,267.8446696,244.9303179,134.5767109,222.5756622,192.6590817,148.2776018,311.9922971,318.7005236,241.6247654,116.8273913,365.91551319999996,258.7339313,399.6946318000001,181.5471482,520.2260938,211.9246792,94.54010915,154.2350917,236.5013945,163.7922512,239.7179303,171.7368706,195.8941704,167.7673842
2017-03-31,442.9272723,420.3473232,674.5772079,565.6107856,480.1379477,598.4656372,572.4918176,783.9078869999998,433.6244632,464.93730280000005,686.3387775,659.5720594,936.3230096,295.5950437,679.5261181000001,628.3361932,622.4141466,745.3248766,465.3200552999999,410.7941557,656.1707568,237.895601,644.3668629,120.7783897,116.9995453,137.4116784,126.2886921,212.21019190000004,542.4225441,545.3047164,231.1644407,513.1703811,685.8859387,271.2918749,302.0911351,103.9881071,276.9145727,250.0973967,136.3810874,232.4425654,201.8828543,154.7291599,328.5666389,336.3567901,254.11902599999996,125.8095122,372.62567060000003,271.3515778,445.7986754,194.4515676,525.3961736,225.51486949999997,95.76645004,156.0017202,240.8062384,166.7020636,254.7231642,178.889852,202.4302096,173.5147719
2017-06-30,461.5842392,435.7805816,718.319185,584.7670349,491.3763041,630.0076126,600.1317224,841.9616013,448.9381085,487.4901722,725.0621904,692.9141816,1013.031923,302.8229158,700.9025524,658.0819004999998,656.6258928,792.9656684,485.7642778,427.6003778,679.0591710000001,247.8762461,673.4976804000001,122.5925571,118.4986188,141.6829623,128.1936623,213.3174301,561.2584903,559.6739603,246.0688155,540.6497405,704.3447061,280.6771687,311.7029539,109.3554285,288.9273003,257.6762387,139.463253,238.4714761,206.0989861,160.3224112,332.7605574,341.0002948,261.966778,133.2992037,381.8056383,279.5341751,474.2588596,209.4909126,534.0666525,235.0202938,97.45303492,157.1880734,242.9217804,172.3747348,259.23933,184.2430695,207.1157355,176.6966918
2017-09-30,477.430418,449.47807929999993,745.9046316,610.9957153,500.93679649999996,655.9628142,623.2946425,878.4165699,471.7293013,507.2343936,755.2590243,719.6961464,1061.159409,315.1631794,726.5847902,690.5905906,682.448028,825.5836328999999,512.2112257,447.8956219,686.1038172000001,255.62252269999996,698.217774,126.8625784,122.3476706,146.147452,132.6010891,211.986656,570.4409604,567.3119585,252.3197846,556.70031,705.1739389,289.2744136,320.036908,114.7800722,298.5594162,264.7659394,143.6470272,243.4277208,211.0417485,161.7102008,336.8485493,345.5681535,274.7650971,137.3919769,408.5038744,293.7218382,512.9914724,222.60409369999996,538.0502967,247.20070359999997,102.0403734,158.8182339,256.0819256,174.9085947,265.8924239,188.2281556,210.6564662,178.8680198
2017-12-31,497.9877220999999,467.9121909,779.7752156000001,647.2644738,515.9302384,688.3697087,653.3580166,921.3770406,502.0961594,531.1004747,794.8321763,757.7067946,1115.541828,334.3373358,760.5498404,730.3346465,724.0122629000001,863.3625808,539.9353081,465.10250549999995,712.513008,265.0111734,730.4749336,130.3780607,125.7138911,149.2553033,135.9396955,218.7224646,589.7265627,585.3379862,262.1267893,571.1879071,734.9446277,300.2579288,331.21335780000004,120.4692235,312.0587158,272.5650372,147.6189888,251.0748209,216.7571929,166.4878858,348.9137102,359.057597,294.3276533,140.4795027,420.8744508,313.4228418,550.3975466,228.116071,546.6058908,260.5447647,105.2423549,160.587156,262.3359992,178.0887486,274.7838261,196.7927775,216.9983979,184.0993137
2018-03-31,512.9129613,483.5917979,798.8680131,663.2820566,519.3944797,714.3328459,682.8947005,946.7217865,515.3257224,550.8455575,824.8849879000002,793.1173394000001,1146.209367,340.0614984,794.7763329000002,750.4067723000001,753.6642246,896.46072,564.7645388,494.62212220000004,718.4068637000001,273.4168966,755.356696,134.6295047,128.9770239,158.6333105,139.3385884,224.58927830000002,595.3751781,591.1402424,264.7438701,579.225348,737.7875519000002,308.5728704,340.3116851,124.468958,319.6331532,283.1498164,150.9856192,253.4360546,221.08344,166.132048,351.4544555,362.2718453,283.2075293,131.5432899,406.5456874,301.8785351,558.274211,224.1468102,495.31642630000005,254.0215411,110.3267306,162.9122706,269.4653931,176.6068023,279.3518721,199.3016947,219.41137,185.8763184
2018-06-30,527.8716002,497.6850013,828.868687,675.7897495000001,532.3158521,738.4873827999999,705.7805827,990.8919046,524.5489485,569.9477941,845.7463211999999,810.1035002,1197.41268,341.3086403,837.1382444,784.8209816,780.5961259,903.8537924999999,596.0645883,528.6547416,730.0528267,287.8022728,787.3066957,140.2788828,134.3468114,168.1691226,145.6918842,235.4947303,608.408141,607.0006149,266.2673176,600.3759882,750.2875816,313.3780664,346.3564215,125.8819915,322.4801842,290.2962739,153.7452431,259.6260388,226.366767,171.2275111,354.7000168,365.5600713,300.5549303,135.2304028,452.1761927,321.9272887,510.1474854,218.8309068,549.6627436,261.6114784,114.0199835,164.0504587,273.9031872,177.8393355,289.1092009,202.9491597,224.7488877,189.8037225
2018-09-30,545.2038313,516.7800397,850.521889,684.4679121000001,546.2100637,766.1786964,738.3307008,1019.780951,529.2972987,591.5479484,875.0574838,846.1669238999999,1225.094392,342.5970528,864.2593697,809.6544017,800.0114295999999,942.2256663000001,621.0437166,556.941927,753.089905,299.406663,815.9017791,146.0815716,139.9304848,175.90945160000004,151.0303559,246.303822,623.9166631,621.197039,274.12034,617.5293816,768.5549081,321.1159924,357.1227277,127.1441402,332.00729399999994,295.4902638,156.6007309,264.8885667,232.1407542,173.8290746,361.617248,372.8406142,323.9027832,133.6920654,458.4751749999999,344.2366071,509.38799670000003,223.6456369,554.0093942,276.430499,119.5456688,167.0665138,285.5550301,179.8818514,296.9934725,208.663539,227.376415,191.4035463
2018-12-31,549.8167342,520.7883503,864.3737274,676.7884831,549.9760003,773.4198042,746.1299424,1035.211437,522.1427155,596.900404,884.9017727,855.6113439,1245.242511,339.9207712,892.7931521,834.1858230000001,801.2170019,950.8976481,616.9755421,556.8075031,748.3693052,302.3850277,828.6184419,146.8852511,141.0725559,179.6613397,150.2526053,254.9034467,624.0813122,618.5279259,277.9747868,623.6836747,760.34202,325.7729631,362.6300049999999,128.4192558,334.5272214,301.9323875,158.2915283,270.0206447,235.0091946,178.8661401,353.7750873,365.3539873,279.0935603,126.7059714,371.0041504,294.5441734,472.41398140000007,195.4402293,521.6265487,239.1653765,121.4755688,161.2958716,291.2715035,184.654494,302.3824208,212.4604634,229.4123157,193.3986578
2019-03-31,566.2132328,535.7035045,889.9330454,706.252158,569.7529086,799.3276344,772.3002972,1062.812001,544.9231341,618.5578728,913.812386,885.732682,1273.724062,357.8890561,921.6667875999999,861.3010527,837.2672047,974.2703327,652.5675472,587.0286069,759.1635177,311.8571868,843.2704144,155.9455773,149.9754479,187.9782365,159.4305079,267.6054121,636.6105648,630.7067046,283.8231479,644.7252462,766.1369216,331.7686953,369.0488772,131.1910329,341.7686313,305.2457251,162.1231622,276.0133491,236.5880576,189.048197,352.2861655,362.4992158,320.856063,144.5886916,429.6255823,339.8247919,525.3293957,219.41659079999997,607.563054,272.4948323,129.470763,167.7431193,297.5655097,185.9755421,315.685765,214.602942,234.7004702,198.2536865
2019-06-30,585.8365228,553.8884369,928.3140501,719.9777099999999,571.4158171,833.516801,806.0548081,1121.17453,553.8055776,644.8496584,956.9078171,927.0881746,1351.099378,362.679907,953.554427,904.8725083,868.9257535,1026.35899,677.4250188999999,613.2899435,768.1815931,324.3291455,860.7034977,162.2121101,155.4922354,203.730635,165.2096358,282.2505834,647.1165443,641.6468627,288.0003103,657.956396,775.3021205,340.1903299,378.76379860000003,132.5310899,351.2841596999999,312.4793756,165.3507455,285.3323324,245.9776255,192.8104961,343.0139457,351.6877415,333.3760728,151.467945,434.88144910000005,352.2127635,527.9341995,228.0342565,612.8944276,282.515657,134.9594398,170.5556193,306.4136912,191.4381532,319.2048636,234.0361396,239.4756616,201.7765923
2019-09-30,596.7634466,564.6757969,951.2315692999999,721.8540110999999,585.1393271,852.9714767999999,827.2819336,1154.706346,554.2608365,659.0036206,979.3871764,949.4341939999999,1396.829409,361.3022678,967.0514887,926.7245541,887.3790030000001,1052.78528,687.6937897,626.6620157,775.1164673,332.7925359,867.1833258,163.7690002,156.2364106,213.1295258,165.1530172,289.2539555,659.7017463,656.3688965,290.9998838,690.953527,778.5956307,346.0493094000001,387.6206137,132.2158921,357.3860343,317.6239414,169.7899351,293.1406376,252.833757,198.4762745,321.8311872,328.9477368,336.4535795,153.0761183,423.59814119999993,353.7286941,501.7821882,223.6062137,661.5483477,282.5705883,137.7845214,172.2505734,316.8766563,199.8650085,328.0873308,236.2866618,243.9724548,205.6367514
2019-12-31,618.6769489,583.3854184,996.9756565,751.1038242999999,587.468306,892.5591625,863.6201978,1220.990268,576.9309763,689.7490189000001,1028.398855,996.2966418,1481.185274,371.4841699,1030.3641,971.8852475,930.5558273000001,1105.168337,723.7828446,650.3842958,784.0127467999998,341.86284959999995,907.1714628,171.7646452,164.4468357,221.0310506,173.2481906,298.0145231,672.0871638,665.0664511,301.1642007,714.9595979999999,777.1228778,358.24858800000004,398.9590548,140.4276012,369.74225700000005,330.215216,175.5931416,296.3038187,255.51619,199.3717962,313.1675686,319.469681,366.9699783,160.9069207,465.70302670000007,385.9087014,561.6201552,243.494637,656.3960533,307.0932167,145.1780999,175.2345183,326.0008451,205.0408125,328.9645722,239.740089,249.3070106,209.7199921
2020-03-31,583.9530716,552.0045212,937.9013818,708.5318977,556.0890855,838.1120554000001,818.0789738,1127.849603,539.7224916,650.1322632,958.1823595000001,938.9816873000001,1361.410037,339.9509983,972.9731171,904.3807699,855.7378966,1036.579501,685.5374234,616.2525046,739.2072412,329.0213064,878.7697293,167.396371,160.0865316,214.4353038,166.66025410000003,292.1455236,637.2488753,627.6596812,289.3000834,688.9457023,734.7828506,343.3734075,384.5520445,132.5413426,350.2979818,322.0193176,163.7626245,286.359062,242.1891468,201.0835098,266.2578338,271.1689439,295.0511263,113.9579983,323.1290152,305.2550991,429.25462200000004,184.50678950000002,479.2022512,242.81118430000004,144.1142616,152.375,324.1903496,192.2087243,318.7950144,237.984599,235.9963093,197.1534686
2020-06-30,604.3662819,570.8750527,967.7909306,749.7138195,557.3826178,881.3965155999999,863.0795568999998,1174.25756,576.3473921,686.1602267,1005.940161,992.1034533,1414.120551,357.1457081,1012.254829,937.9515437,912.6936528,1082.792958,742.3828037999999,658.6666696,732.1306763,349.39914109999995,901.2916397000001,182.33995670000002,173.22191800000002,239.0945324,179.94980070000003,316.5428161,643.7930977,634.619201,291.9452642,709.5697942,709.0110797,338.4504458,378.9328203,131.3601713,341.1598072,320.7132001,164.3123218,289.6883926,243.8551251,205.1627673,247.0514265,249.1508171,355.6645007999999,129.7670653,405.26414550000004,372.4953817,507.3115804,213.2267834,535.2839939,290.2621716,159.3471783,167.1599771,327.4937164,199.8198248,325.8145249,234.8585837,241.4671911,203.7534007
2020-09-30,648.5946226,611.9808022,1039.45218,818.092206,573.8261053,965.4231838,945.6281646,1284.864145,637.9624068,751.4610046,1106.79996,1089.022572,1560.2521719999997,400.5963057,1087.269235,1010.988153,999.3206129,1203.875827,826.9942858999999,737.9367748,768.8698963000002,374.8772342,925.2416471,199.4180333,190.2313219,258.3036896,196.8407459,362.4894117,669.0916351,659.0892587,303.9180103,722.3637161,739.0739371000001,345.6045579,385.33472779999994,136.0276623,351.03355709999994,326.5434045,167.2050177,297.6069963,249.9420102,212.6742691,250.080349,252.8837789,387.4228695,131.8201294,425.2511204,406.7927403,556.5247877,222.99798599999997,544.0292617,313.6186561,171.9468536,174.0739679,336.3218658,204.4437818,336.942499,244.3082294,250.3545495,210.3762409
2020-12-31,714.969551,675.2330373999998,1146.271835,903.0959528,608.8332731,1087.638152,1064.894033,1462.777965,709.6808014,849.6391650999999,1246.696729,1222.006048,1774.958016,450.3539047,1207.54188,1127.767448,1121.19159,1364.0767939999998,937.1115088,847.5457969,818.2150137,427.0962285,1019.8546119999999,233.0153796,224.5772904,287.9803062,231.4658778,439.6210991,700.5828455,694.1264259000001,315.1339892,748.3777551,791.2157463,360.39961000000005,400.1566242,144.3409734,368.3310857,341.1288897,171.3983333,307.8868035,260.8709044,216.4831376,258.5554776,262.1265502,434.48814939999994,151.6312665,558.6611696,466.5165972,666.5713574,257.9229901,606.6846175,357.7520385,196.8448051,180.7098624,346.3446497,207.6433968,354.9384345,253.9951846,258.5382343,216.7499031
2021-03-31,774.756311,738.5490206,1224.463556,955.9096606999999,650.8441689,1194.146407,1182.058255,1586.3733010000003,755.4588131,937.6084137000001,1356.396699,1345.959115,1905.216272,471.7521184,1323.095669,1223.808096,1215.501655,1486.956014,1060.38349,966.7446419,871.2913358,479.6769451,1143.786241,268.7995983,261.6720424,334.9061975000001,259.2689891,516.3672599,738.1841978,735.2732792000002,328.651622,785.8343021,840.7520810000001,368.875576,413.7976039,142.433962,377.6759985,351.495442,175.9969366,316.5869308,268.1385082,225.0966147,276.2522379,281.2640071,461.3172404,156.173104,629.6057134,496.1259974000001,682.1877294,268.7861252,659.8190601000001,375.7829558000001,235.2658137,183.9288991,357.0151628,216.1498409,361.9663802,261.0705297,269.8246029,224.3562448
2021-06-30,850.8319864999999,813.6375886000001,1340.026537,1035.383592,693.3322100999999,1331.559328,1322.1990400000002,1777.328912,819.3606441,1047.746713,1509.104047,1500.225139,2131.401056,506.3171272,1445.9279649999999,1366.1156949999997,1332.7084480000003,1667.178248,1171.153196,1066.594997,948.8303781999999,544.6454031,1300.752803,305.9282419,296.1665475,385.9877286,289.3322128,612.8681269,778.8414436999999,784.4254688,337.5221201,814.1542876999999,892.7952327,386.3393226,433.9751496,148.0106085,395.5732771,371.1785229,183.5636162,327.7845101,278.8515082,232.1613877,307.7532522,316.2856469,500.75482260000007,159.8145871,656.6317857999999,537.0058466,717.1178746999999,289.5879889,738.9686092,405.42232020000006,270.9231691,186.6364679,371.8057554,225.0270733,374.7528374,268.9107805,275.4573928,228.5830316
2021-09-30,905.3396398,873.149465,1423.614681,1034.348328,734.2749489,1423.322712,1429.210015,1898.483359,815.7927345,1120.530281,1605.721622,1606.791031,2273.019744,510.7032632,1581.78082,1459.995031,1407.638751,1774.8225630000002,1240.365586,1165.018941,1007.24763,591.75515,1440.2818230000003,328.7197498,315.1578483,467.4919153,298.787426,679.1336735999998,814.3554461,824.8809333,349.2884572,849.2586185,950.1906556999999,415.5268457,473.4268470999999,153.7475289,434.2470551,397.62864800000006,186.8597596,336.4426644,286.2099917,238.7208285,324.6464433,333.9900452,503.6693848,162.1973546,628.0001987,536.4596545,659.9454356000001,285.3608912,746.2012296,405.80009989999996,301.6734803,188.7024083,396.8112178,232.7360272,384.955,274.9321345,283.7401388,232.9289706
2021-12-31,965.0803781999999,934.0017868,1523.3805829999997,1063.318669,783.9438875,1524.47163,1536.762843,2046.723991,841.630796,1197.894131,1732.7645519999999,1741.2940580000002,2447.395994,540.918985,1693.615332,1609.0949489999998,1507.857251,1913.9889300000002,1277.650319,1202.890352,1046.504299,618.8345924,1571.547366,344.9804741,331.9544544,499.6613041,307.1695586,706.6984932,842.3810055,856.7547241,358.1856937,883.114658,968.3293032,446.9813209,510.3299344999999,165.7730303,465.8534869,428.9137367,192.1120259,357.5818387,304.5684206,254.5705748,348.3774982,358.995352,559.2095732,169.6250007,641.4486611,586.2297892,651.7505155,301.6893528,867.9458431999999,437.7005724,325.1658774,190.1112385,421.5857949,243.467152,417.4126389,290.3089034,292.3342357,239.4465218
2022-03-31,981.7912066,957.4189513,1533.038576,1038.105578,806.7431926,1538.099437,1563.504845,2035.5626400000003,820.6542705,1206.498499,1752.400579,1775.196365,2433.542406,534.3282469,1730.035398,1578.247007,1542.4498510000003,1936.165078,1269.4033,1224.876009,1071.14243,620.890116,1574.356986,341.28682289999995,329.9737845,503.711623,302.9943186,693.0596571000001,858.2116242999999,874.6021649,363.0061736,903.4610795000001,996.5963874000001,469.2583046,541.020902,169.0689763,495.19241750000003,451.4689127,192.1991355,373.0151904,317.3957901,267.9435832,387.7517092,400.3345638,533.4942314,182.2967386,593.1744928,555.2861414,606.6281061,279.8629386,832.6829985,415.6235411,323.81342,189.9134174,438.258865,256.3332623,435.7961726,299.7862178,296.1374403,242.3160829
2022-06-30,974.6182414,953.5346791999999,1517.138968,1015.871033,812.3127349000001,1515.648247,1545.3180710000001,2000.03588,803.3216184,1182.612572,1734.986896,1765.644484,2395.012785,521.5170407,1766.798576,1601.55604,1532.868506,1900.570447,1210.850731,1167.707948,1069.505288,599.1513189,1578.771053,317.2060569,304.8021865,476.4366312,281.2239868,627.9487482,861.4238018,875.9594094,366.1494716,915.4457886000001,987.1113504,476.2011713,552.8448127,167.9509008,500.559066,461.4721886,194.3440014,384.2466521,329.4080112,273.0283415,428.3297777,444.9251458,447.59556,168.7630421,491.1771199,462.5466111,537.8641264,240.2135832,691.5753503,348.90532830000006,304.6532743,181.453555,444.3124405,262.4871762,444.604164,315.6336198,298.7339577,243.726681
2022-09-30,968.0417854,948.0949834,1518.0853510000002,972.898329,808.3361368,1497.806052,1529.708947,1992.506303,764.8082662,1166.78673,1722.123035,1755.949885,2380.748257,503.864977,1825.593565,1611.496579,1530.920924,1871.767964,1178.262908,1152.590166,1070.909335,592.8126126,1528.853738,307.7055725,294.7526304,472.72831310000004,270.5755679,600.141989,867.7831668,883.8826441,367.8133403,933.4087655,996.6920554,473.69268279999994,552.5603402,164.442543,495.2271899,462.6926319,197.3646056,391.9512804,335.0102658,280.6568803,437.2684364,453.6168193,425.7411031,152.501572,480.4341347,441.89605589999996,476.4654615,215.9376733,622.6662837,327.6848869,300.1487684,183.8228211,437.0409676,268.6490948,453.2491309,321.2083788,302.1113588,246.8710019
2022-12-31,975.067767,951.7230346,1537.94697,992.2018573,819.5567649,1508.876516,1536.533341,2014.491516,783.1257844,1169.689783,1742.129627,1770.523354,2414.583246,521.3552147,1885.63634,1666.23658,1554.405857,1880.391301,1174.487734,1146.280403,1091.588372,582.3903944,1520.629138,291.9433875,278.8911351,448.411757,258.0092535,572.7984895,879.9274802,896.4756544999999,372.4077826,947.6724870000002,1013.1561420000002,473.95556250000004,547.3110535,170.5962524,498.6501529,456.9969302,201.7879757,406.6758445,349.1843031,287.7298312,447.3129029,463.9279379,456.1163847,169.9029531,507.3282999,471.60486770000006,523.0000349,260.3783541,655.1968414,360.7291308,282.4120243,188.6450688,423.4708359,278.5992907,469.9446115,332.9896698,305.401201,250.8316992
2023-03-31,988.9770299,962.6848726,1571.856771,1010.383401,824.2611356,1537.679481,1562.363568,2069.44433,799.2469415,1187.648801,1782.910793,1807.294625,2483.105078,540.5985489,1960.57874,1712.460502,1583.94463,1924.972331,1183.509326,1151.544515,1111.06954,578.7965171,1552.635332,283.9812321,269.2850787,440.6245216,246.871567,562.2821702,896.3659493,913.7205952,379.4339728,967.3264788,1037.828531,471.6105414,543.3383827,170.6171133,496.1682995,452.7205233000001,204.6732555,416.204349,357.0569322,294.4706584,447.4688759,463.1473613,492.2631155000001,175.9998219,524.3321854,507.6413567,544.1355328,285.5537931,673.0756558,388.44774590000003,279.0688171,194.7333716,417.7591719,282.4610719,484.1416457,344.0975531,310.0757836,254.1962259
2023-06-30,1002.881821,978.1046072,1590.2989000000002,1008.392054,836.1843297,1562.173671,1591.888446,2097.473157,794.9418209,1204.710596,1812.1381489999999,1841.59931,2512.983428,542.5148328,2006.120075,1751.9998330000003,1607.680355,1954.600168,1206.239694,1179.135555,1131.12965,577.9448254,1588.183557,282.5591966,268.1725232,441.001903,243.6384728,547.6508812,917.3443421999999,936.7007915999999,386.7442229,997.6571542,1054.298331,472.8619063,544.6458961,170.7136219,498.5118156,448.2961423,209.1609206,422.6751757,363.1959729,296.4579865,447.5699802,462.9246989,535.2978442,175.7933748,551.6248317,550.2161534,549.785718,294.4986715,690.9613998,415.6544073,282.4905229,200.8669725,419.7570926,286.4687517,493.0129739,348.6200727,318.7354402,261.941687
2023-09-30,1012.4976549999999,991.8262207,1586.669263,1010.749482,844.9895928,1582.672481,1621.979779,2091.355986,800.310378,1217.73628,1844.6305679999998,1891.729758,2502.769231,544.2716801,2014.389574,1776.470647,1625.102021,1997.997372,1208.485976,1180.735568,1164.582381,577.7244475,1567.255627,277.1373757,263.7029475,424.8929165,242.5339911,520.5554424,940.6827917,963.2496143,395.1166329,1021.4527590000001,1099.07445,466.2248839,537.3465799,166.3173455,489.9243294,438.6019925,212.8816577,426.1945695,368.6305645,296.2740693,447.6387149,462.5126139,517.8183104,158.3302264,515.0810208,531.4269935,533.7119491,274.8701016,630.7030422,399.64459289999996,275.3114168,207.8136468,406.6829081,285.1456418,497.5877513,352.9895058,326.2611861,268.0628915
2023-12-31,1028.211599,1005.948966,1615.29601,1028.984673,859.0146551000001,1615.67124,1654.099246,2139.665506,818.0944696,1240.06791,1883.6385020000002,1926.968,2565.559217,560.4862308,2103.335007,1833.060465,1647.84134,2039.58106,1232.425042,1211.239713,1192.63066,589.3875675,1591.5100510000002,273.6040191,260.6796423,414.9199185,239.56981660000002,520.2057039,962.3062799,983.0709093999999,406.559916,1056.01729,1118.209663,456.9039249,526.4452104,161.5651547,481.42438560000005,420.0374461,214.4815467,436.3543501,377.6196101,302.5558808,450.6899032,465.5639116,575.0557203,180.8324105,592.5707,592.8309433,577.344651,311.1387124,745.241693,448.010548,270.38778,213.7752294,409.1987235,295.2709615,504.7196906,363.463717,332.9556487,273.5681112
2024-03-31,1043.333123,1024.084584,1633.461212,1016.859146,865.7728383,1639.001308,1685.3532420000001,2162.262614,805.7074235,1257.799833,1911.705756,1965.7290679999999,2596.546126,548.8612351,2125.292821,1852.091929,1662.38583,2076.849521,1254.371037,1238.037601,1221.208529,593.5419761,1610.572366,277.019175,266.0019527,413.1172270999999,246.1062081,518.3909043,988.0986875,1012.219961,414.0722501,1090.670756,1153.199359,456.4767106,528.3204483,157.8777579,477.55827,419.7592769,217.4123453,445.5065126,383.8358443,310.5552499,451.5308996,466.9483763,638.0724187,182.2655767,621.2585822,654.4592356,590.2618565,326.1184242,730.1830906,486.5043162,270.0653586,219.1519495,418.1528406,303.6946123,513.6633902,371.4628926,342.0625867,281.7606549
2024-06-30,1058.554226,1039.078238,1659.9799950000001,1029.845772,881.2356891000001,1664.772451,1713.7013670000001,2195.456669,816.8502284,1274.931723,1944.6868229999998,2000.655065,2635.2946309999998,560.3342667,2143.653155,1873.266116,1683.328687,2119.755971,1275.957609,1262.328003,1244.763426,587.9565505,1626.1863349999999,273.6494103,260.6556916,425.94081530000005,241.1713221,518.261708,1008.449736,1034.038901,420.6864261,1104.924164,1172.342181,455.3117352,527.1524928,155.6683116,473.66273070000005,415.8917484,220.4821501,456.4629763,392.8988996,319.6182939,463.692757,480.1223362,668.5507319,187.8513358,601.9096187,678.5571997,621.940202,332.3247485,737.084862,503.1177287,268.399382,223.1892202,423.6499461,314.6357854,522.4520269,381.2787746,350.8671614,290.4061676
2024-09-30,1076.430478,1058.730589,1678.221424,1050.714182,901.7425236,1695.576798,1751.2108120000003,2210.100943,836.7775397,1295.762344,1978.410374,2041.185191,2651.6834050000007,576.1090084,2196.639911,1885.577249,1713.767825,2159.570191,1307.514328,1296.750039,1265.705711,597.491559,1641.523942,271.1765198,259.3351001,413.9712713,236.19662239999997,529.2806626,1030.586076,1054.641346,431.4556863,1147.209079,1189.941162,457.9159816,528.6174942,159.3419729,478.7287127,413.396935,225.4595916,468.2078138,406.574069,323.9787964,468.8176103,483.3304489,705.9943168,213.4062669,663.3921673,719.6533928,676.2555482,352.8514653,863.3065995000001,534.3573637,266.4288649,227.7505734,428.6704116,319.6091338,538.944177,393.4364751,359.5447994,297.6507779
2024-12-31,1094.45874,1078.758041,1708.35091,1052.348008,916.8120524,1729.140143,1789.227411,2265.343314,838.6778403,1321.718913,2013.676914,2077.413207,2722.764546,577.557491,2240.176353,1934.334355,1743.246079,2194.396708,1342.646962,1337.8443469999997,1286.296201,611.9032673,1649.8052949999997,277.3339418,266.9605393,418.6528825,240.77205029999996,556.43144,1047.785575,1073.983007,438.0290811,1173.608482,1211.903564,457.3527554,529.448653,155.5062517,472.9630364000001,415.7866832,226.1222134,475.2461819,414.0217582,327.5235698,465.2601934,481.3597151,723.002929,208.123501,665.6108572,738.6040488,623.2590956,318.7002211,810.4623203,533.9912473,270.2391451,232.918578,432.5326904,327.5400057,543.5488092,401.5971261,365.5818683,301.5507379
2025-03-31,1108.203498,1093.590781,1726.036076,1062.40381,928.9372422,1748.659284,1810.7630899999997,2287.060807,849.5518289,1337.087199,2035.8096740000003,2102.729345,2740.688463,586.5812951,2255.707816,1982.2055520000001,1744.82445,2221.953126,1358.647135,1353.387451,1300.348187,615.5896691,1677.113352,281.7134711,272.505925,421.8548459,239.92496549999998,573.4144728,1063.380512,1091.551801,443.549341,1203.217021,1240.012629,459.0870013,529.4493883,160.1403283,472.9651733,419.243925,231.1621718,484.9017106,425.9324133,329.8870403,478.6056871,495.0700237,692.1152892,217.7038179,602.5178268,703.7277419,641.9942421,352.5952144,819.1337969,524.9940222,277.8746178,234.040711,435.2821629,335.2390568,551.5437372,412.8165883,370.1861526,306.008571
2025-06-30,1134.241592,1127.591714,1746.570238,1098.406016,950.9208783999999,1791.0558109999997,1870.72576,2307.724365,872.358088,1370.975716,2085.51544,2174.043854,2762.760054,605.5100212,2304.33092,2038.256156,1786.021093,2275.463034,1404.720539,1404.8394899999998,1328.103588,622.1406963,1685.257998,293.6285998,285.244526,432.165333,250.19310129999997,598.715881,1081.762037,1108.983789,451.1760831,1240.981387,1258.739845,459.9243113,529.1416565,162.3151262,480.0061524,418.50032050000004,224.0839907,496.5271153,,335.4615167,487.6833603,509.9015083,767.8491099999999,240.3384398,653.7298276,781.076006,720.3030124000001,394.2133009,809.7571813,586.0572779,289.2095546,239.4587156,437.2755244,339.4855448,565.1918807,427.8768165,374.5658236,310.0674487
