"","MKT","HML","value","fevals","gevals","niter","convcode","kkt1","kkt2","xtimes","SE.MKT","SE.HML","Wald.p.value.MKT_1","SE.MKT.indep","SE.HML.indep","Factor","Type","max.month","lambda","kernel.bandwidth","CV.key","weighting","error.fun","sdf.model","datetime","validation.error","SMB","SE.SMB","SE.SMB.indep","HDY","SE.HDY","SE.HDY.indep","QLT","SE.QLT","SE.QLT.indep","MOM","SE.MOM","SE.MOM.indep","ESG","SE.ESG","SE.ESG.indep","LOV","SE.LOV","SE.LOV.indep"
"Nelder-Mead",1.24559854988236,-0.98222068496425,24833.1476055682,65,NA,NA,0,TRUE,TRUE,0.712000000000046,1.65239630985388,6.00866598505861,2.6355737592354e-09,1.09269099522718,2.44974740674123,"HML","BO",180,0,12,"ALL","FW_VYP","L2_Lasso","linear",2020-07-03 21:05:11,24833.1476055682,NA,NA,NA,NA,NA,NA,NA,NA,NA,NA,NA,NA,NA,NA,NA,NA,NA,NA
"Nelder-Mead1",1.3285766746696,NA,24804.7704096012,59,NA,NA,0,TRUE,TRUE,0.617000000000019,6.20140344998536,NA,0,3.49908728242815,NA,"SMB","BO",180,0,12,"ALL","FW_VYP","L2_Lasso","linear",2020-07-03 21:05:13,24804.7704096012,0.765161294702557,51.1876282702537,31.2615451798676,NA,NA,NA,NA,NA,NA,NA,NA,NA,NA,NA,NA,NA,NA,NA
"Nelder-Mead2",1.51620158253848,NA,26848.1968864381,65,NA,NA,0,TRUE,TRUE,0.718999999999994,0.972060142517572,NA,0,0.900732777193458,NA,"HDY","BO",180,0,12,"ALL","FW_VYP","L2_Lasso","linear",2020-07-03 21:05:15,26848.1968864381,NA,NA,NA,0.679141779213433,12.5385106411941,5.47560012193822,NA,NA,NA,NA,NA,NA,NA,NA,NA,NA,NA,NA
"Nelder-Mead3",1.19229282029144,NA,23103.2031964519,61,NA,NA,0,TRUE,TRUE,0.622000000000014,7.21247667958713,NA,0,3.00222812260311,NA,"QLT","BO",180,0,12,"ALL","FW_VYP","L2_Lasso","linear",2020-07-03 21:05:17,23103.2031964519,NA,NA,NA,NA,NA,NA,0.718884346362938,24.2876994299804,10.3518651524376,NA,NA,NA,NA,NA,NA,NA,NA,NA
"Nelder-Mead4",1.1041811439866,NA,23944.6501580809,65,NA,NA,0,TRUE,TRUE,0.663999999999987,1.96976986664018,NA,0.00249567721178767,0.833138232806321,NA,"MOM","BO",180,0,12,"ALL","FW_VYP","L2_Lasso","linear",2020-07-03 21:05:19,23944.6501580809,NA,NA,NA,NA,NA,NA,NA,NA,NA,1.19165317037664,2.76060732794163,1.13861640728403,NA,NA,NA,NA,NA,NA
"Nelder-Mead5",1.54443373948993,NA,26630.5012127961,81,NA,NA,0,TRUE,TRUE,0.843999999999994,1.08990579679323,NA,0,0.954382635427646,NA,"ESG","BO",180,0,12,"ALL","FW_VYP","L2_Lasso","linear",2020-07-03 21:05:21,26630.5012127961,NA,NA,NA,NA,NA,NA,NA,NA,NA,NA,NA,NA,4.83271022149385,24.8255810404714,11.8187195315231,NA,NA,NA
"Nelder-Mead6",1.19725666718385,NA,19289.6840516807,77,NA,NA,0,TRUE,TRUE,0.811000000000035,33.3095393508481,NA,0,16.4736870568198,NA,"LOV","BO",180,0,12,"ALL","FW_VYP","L2_Lasso","linear",2020-07-03 21:05:23,19289.6840516807,NA,NA,NA,NA,NA,NA,NA,NA,NA,NA,NA,NA,NA,NA,NA,3.00159584229454,43.468083779855,29.6587584224367
"Nelder-Mead7",0.963838628274971,-0.699823927519902,2932.93805441904,51,NA,NA,0,FALSE,TRUE,0.382999999999981,4.31616992831087,13.3458294667437,0,1.88383515029372,9.06638775992451,"HML","DD",180,0,12,"ALL","FW_VYP","L2_Lasso","linear",2020-07-03 21:05:25,2932.93805441904,NA,NA,NA,NA,NA,NA,NA,NA,NA,NA,NA,NA,NA,NA,NA,NA,NA,NA
"Nelder-Mead11",0.854729784496516,NA,1951.49807900007,57,NA,NA,0,TRUE,TRUE,0.418999999999983,5.08111515596578,NA,0,3.02131537250349,NA,"SMB","DD",180,0,12,"ALL","FW_VYP","L2_Lasso","linear",2020-07-03 21:05:26,1951.49807900007,0.798496054195636,27.5702285604328,17.6882047436244,NA,NA,NA,NA,NA,NA,NA,NA,NA,NA,NA,NA,NA,NA,NA
"Nelder-Mead21",1.118125210164,NA,2925.14873536934,63,NA,NA,0,TRUE,TRUE,0.465000000000032,1.17587925519704,NA,0,1.1806042032369,NA,"HDY","DD",180,0,12,"ALL","FW_VYP","L2_Lasso","linear",2020-07-03 21:05:28,2925.14873536934,NA,NA,NA,0.954203098586004,35.9829888431701,17.3399049701592,NA,NA,NA,NA,NA,NA,NA,NA,NA,NA,NA,NA
"Nelder-Mead31",0.918989923230401,NA,2486.06132515049,61,NA,NA,0,TRUE,TRUE,0.454000000000008,1.80180327703852,NA,0.00693693699191844,0.900565114995935,NA,"QLT","DD",180,0,12,"ALL","FW_VYP","L2_Lasso","linear",2020-07-03 21:05:29,2486.06132515049,NA,NA,NA,NA,NA,NA,0.655219896235576,5.02725602258279,3.42267065614454,NA,NA,NA,NA,NA,NA,NA,NA,NA
"Nelder-Mead41",1.13665010556827,NA,3119.92631264831,53,NA,NA,0,TRUE,TRUE,0.403999999999996,1.54315987041711,NA,0.779026982440054,2.54147279492457,NA,"MOM","DD",180,0,12,"ALL","FW_VYP","L2_Lasso","linear",2020-07-03 21:05:31,3119.92631264831,NA,NA,NA,NA,NA,NA,NA,NA,NA,-0.177726196324306,3.72985341593217,1.73657519935503,NA,NA,NA,NA,NA,NA
"Nelder-Mead51",1.18930771659396,NA,2792.55857901613,71,NA,NA,0,TRUE,TRUE,0.52800000000002,3.80075570876381,NA,0,2.07797952821077,NA,"ESG","DD",180,0,12,"ALL","FW_VYP","L2_Lasso","linear",2020-07-03 21:05:32,2792.55857901613,NA,NA,NA,NA,NA,NA,NA,NA,NA,NA,NA,NA,7.91654406821853,16.9409375233522,7.59460831517768,NA,NA,NA
"Nelder-Mead61",1.03240144632142,NA,2596.45783739028,63,NA,NA,0,TRUE,TRUE,0.475000000000023,1.40499104284172,NA,5.73337713083433e-07,2.86826604070895,NA,"LOV","DD",180,0,12,"ALL","FW_VYP","L2_Lasso","linear",2020-07-03 21:05:34,2596.45783739028,NA,NA,NA,NA,NA,NA,NA,NA,NA,NA,NA,NA,NA,NA,NA,1.21352153288848,4.38271234031334,8.01833935067706
"Nelder-Mead8",0.804373163303472,-1.79186748106673,1426.22187497826,73,NA,NA,0,TRUE,TRUE,0.452999999999975,43.4897494796356,61.5804945073308,0,19.7739842035302,29.6970227000332,"HML","FOF",180,0,12,"ALL","FW_VYP","L2_Lasso","linear",2020-07-03 21:05:36,1426.22187497826,NA,NA,NA,NA,NA,NA,NA,NA,NA,NA,NA,NA,NA,NA,NA,NA,NA,NA
"Nelder-Mead12",1.45947865853168,NA,1362.89656609139,67,NA,NA,0,TRUE,TRUE,0.413999999999987,6.91032415947631,NA,0,3.72890027264515,NA,"SMB","FOF",180,0,12,"ALL","FW_VYP","L2_Lasso","linear",2020-07-03 21:05:38,1362.89656609139,-0.991584287247364,20.5201508147446,9.44914917876368,NA,NA,NA,NA,NA,NA,NA,NA,NA,NA,NA,NA,NA,NA,NA
"Nelder-Mead22",1.15585352595996,NA,1496.97666157194,69,NA,NA,0,TRUE,TRUE,0.427999999999997,13.1402098691417,NA,0,7.97152539617277,NA,"HDY","FOF",180,0,12,"ALL","FW_VYP","L2_Lasso","linear",2020-07-03 21:05:40,1496.97666157194,NA,NA,NA,-2.18028150437779,132.699680334502,71.5677039592911,NA,NA,NA,NA,NA,NA,NA,NA,NA,NA,NA,NA
"Nelder-Mead32",1.2260382958455,NA,1884.46638256957,51,NA,NA,0,TRUE,TRUE,0.327999999999975,9.78965177387691,NA,0.16592354724014,5.97614334371945,NA,"QLT","FOF",180,0,12,"ALL","FW_VYP","L2_Lasso","linear",2020-07-03 21:05:41,1884.46638256957,NA,NA,NA,NA,NA,NA,0.0589797721942887,9.28848723211372,10.9917302438726,NA,NA,NA,NA,NA,NA,NA,NA,NA
"Nelder-Mead42",0.574753971623615,NA,932.382883421294,145,NA,NA,0,FALSE,TRUE,0.893000000000029,5.94946398238648,NA,0,2.29905225245205,NA,"MOM","FOF",180,0,12,"ALL","FW_VYP","L2_Lasso","linear",2020-07-03 21:05:43,932.382883421294,NA,NA,NA,NA,NA,NA,NA,NA,NA,2.48451027955203,6.83142836598985,2.84251011914955,NA,NA,NA,NA,NA,NA
"Nelder-Mead52",1.226521955909,NA,1880.78106825626,67,NA,NA,0,TRUE,TRUE,0.424000000000035,15.390267885277,NA,0,18.1477784421096,NA,"ESG","FOF",180,0,12,"ALL","FW_VYP","L2_Lasso","linear",2020-07-03 21:05:44,1880.78106825626,NA,NA,NA,NA,NA,NA,NA,NA,NA,NA,NA,NA,-2.38584055304732,116.126477087514,131.772229456024,NA,NA,NA
"Nelder-Mead62",1.35954341501996,NA,1360.72039365775,121,NA,NA,0,FALSE,TRUE,0.746000000000038,8.4274031253221,NA,0,4.88606589517468,NA,"LOV","FOF",180,0,12,"ALL","FW_VYP","L2_Lasso","linear",2020-07-03 21:05:46,1360.72039365775,NA,NA,NA,NA,NA,NA,NA,NA,NA,NA,NA,NA,NA,NA,NA,6.21289768824811,17.0661491675948,6.43980005433772
"Nelder-Mead9",0.552321038779303,-1.33365855051609,3438.6973654373,63,NA,NA,0,TRUE,TRUE,0.242999999999995,7.21123451140641,8.65889766574124,0,4.29758353637294,6.13023912102013,"HML","INF",180,0,12,"ALL","FW_VYP","L2_Lasso","linear",2020-07-03 21:05:47,3438.6973654373,NA,NA,NA,NA,NA,NA,NA,NA,NA,NA,NA,NA,NA,NA,NA,NA,NA,NA
"Nelder-Mead13",1.00615968696222,NA,3516.60677427564,61,NA,NA,0,TRUE,TRUE,0.230999999999995,5.52908715032337,NA,0,4.92694894789542,NA,"SMB","INF",180,0,12,"ALL","FW_VYP","L2_Lasso","linear",2020-07-03 21:05:49,3516.60677427564,-0.929566220145648,26.7677951340639,21.8483168401281,NA,NA,NA,NA,NA,NA,NA,NA,NA,NA,NA,NA,NA,NA,NA
"Nelder-Mead23",0.770652122818187,NA,3572.21605338608,65,NA,NA,0,TRUE,TRUE,0.252999999999986,1.38370706660812,NA,0,2.67824237985386,NA,"HDY","INF",180,0,12,"ALL","FW_VYP","L2_Lasso","linear",2020-07-03 21:05:50,3572.21605338608,NA,NA,NA,-2.51670265199699,27.5493176669445,16.0515892864508,NA,NA,NA,NA,NA,NA,NA,NA,NA,NA,NA,NA
"Nelder-Mead33",0.621437760051685,NA,3734.20277994492,57,NA,NA,0,TRUE,TRUE,0.218000000000018,3.02252457538204,NA,0,4.40698076244683,NA,"QLT","INF",180,0,12,"ALL","FW_VYP","L2_Lasso","linear",2020-07-03 21:05:51,3734.20277994492,NA,NA,NA,NA,NA,NA,1.21272264974355,14.4330059920541,15.8482215683931,NA,NA,NA,NA,NA,NA,NA,NA,NA
"Nelder-Mead43",0.386463199113606,NA,3384.28786365143,59,NA,NA,0,TRUE,TRUE,0.230999999999995,6.794123448166,NA,0.015149327191109,2.99132814053616,NA,"MOM","INF",180,0,12,"ALL","FW_VYP","L2_Lasso","linear",2020-07-03 21:05:51,3384.28786365143,NA,NA,NA,NA,NA,NA,NA,NA,NA,1.88177848394495,2.32936646007038,3.59734883953104,NA,NA,NA,NA,NA,NA
"Nelder-Mead53",0.968944615074724,NA,3944.13699145901,69,NA,NA,0,TRUE,TRUE,0.259999999999991,1.7506487595285,NA,0,1.95419079745094,NA,"ESG","INF",180,0,12,"ALL","FW_VYP","L2_Lasso","linear",2020-07-03 21:05:53,3944.13699145901,NA,NA,NA,NA,NA,NA,NA,NA,NA,NA,NA,NA,-1.24332759274767,27.4506469801291,17.4007811110951,NA,NA,NA
"Nelder-Mead63",0.913947337039281,NA,3904.49402892996,61,NA,NA,0,TRUE,TRUE,0.240000000000009,1.68749727098735,NA,0.00165336475290256,1.82258586332842,NA,"LOV","INF",180,0,12,"ALL","FW_VYP","L2_Lasso","linear",2020-07-03 21:05:53,3904.49402892996,NA,NA,NA,NA,NA,NA,NA,NA,NA,NA,NA,NA,NA,NA,NA,0.663876685762079,5.49976203711248,6.44016636516136
"Nelder-Mead10",1.04172251264681,-0.245389356443775,715.056321065023,53,NA,NA,0,TRUE,TRUE,0.41900000000004,1.09040076835356,22.456322180076,2.25208022230916e-07,1.50888800905149,10.8628699831707,"HML","MEZZ",180,0,12,"ALL","FW_VYP","L2_Lasso","linear",2020-07-03 21:05:56,715.056321065023,NA,NA,NA,NA,NA,NA,NA,NA,NA,NA,NA,NA,NA,NA,NA,NA,NA,NA
"Nelder-Mead14",1.04991934423379,NA,694.691458231767,51,NA,NA,0,TRUE,TRUE,0.391999999999996,8.23738265855271,NA,0,4.16208527237283,NA,"SMB","MEZZ",180,0,12,"ALL","FW_VYP","L2_Lasso","linear",2020-07-03 21:05:57,694.691458231767,0.351680273348393,40.2396428526165,22.7276285492857,NA,NA,NA,NA,NA,NA,NA,NA,NA,NA,NA,NA,NA,NA,NA
"Nelder-Mead24",1.10705023670453,NA,720.93478576975,47,NA,NA,0,TRUE,TRUE,0.358000000000004,5.25784484015375,NA,0,2.97868589121775,NA,"HDY","MEZZ",180,0,12,"ALL","FW_VYP","L2_Lasso","linear",2020-07-03 21:05:58,720.93478576975,NA,NA,NA,0.216733200044837,112.479741310851,66.2611321109541,NA,NA,NA,NA,NA,NA,NA,NA,NA,NA,NA,NA
"Nelder-Mead34",0.890914215783777,NA,616.362603962719,63,NA,NA,0,TRUE,TRUE,0.479999999999961,2.82746621755117,NA,1.95621296938953e-13,4.24969603471941,NA,"QLT","MEZZ",180,0,12,"ALL","FW_VYP","L2_Lasso","linear",2020-07-03 21:05:59,616.362603962719,NA,NA,NA,NA,NA,NA,0.775154646026568,9.76282800282381,5.67440856675195,NA,NA,NA,NA,NA,NA,NA,NA,NA
"Nelder-Mead44",0.744756641082607,NA,600.629361294098,61,NA,NA,0,TRUE,TRUE,0.466000000000008,3.13719381489486,NA,1.42351472169899e-05,1.68892401670795,NA,"MOM","MEZZ",180,0,12,"ALL","FW_VYP","L2_Lasso","linear",2020-07-03 21:06:01,600.629361294098,NA,NA,NA,NA,NA,NA,NA,NA,NA,1.13293145673033,4.85704650398338,2.37892538163142,NA,NA,NA,NA,NA,NA
"Nelder-Mead54",1.13467883876587,NA,718.162623509032,65,NA,NA,0,TRUE,TRUE,0.500999999999976,1.35094132031591,NA,0,1.69215711880088,NA,"ESG","MEZZ",180,0,12,"ALL","FW_VYP","L2_Lasso","linear",2020-07-03 21:06:02,718.162623509032,NA,NA,NA,NA,NA,NA,NA,NA,NA,NA,NA,NA,3.38601609867453,25.0683542982663,15.9141589565939,NA,NA,NA
"Nelder-Mead64",0.913590208143148,NA,404.493307209331,63,NA,NA,0,FALSE,TRUE,0.477000000000032,4.67084946296285,NA,0,5.12357476414851,NA,"LOV","MEZZ",180,0,12,"ALL","FW_VYP","L2_Lasso","linear",2020-07-03 21:06:04,404.493307209331,NA,NA,NA,NA,NA,NA,NA,NA,NA,NA,NA,NA,NA,NA,NA,1.62899337715965,7.24714811343976,10.5588541731234
"Nelder-Mead15",-0.104981817013353,-1.41087277746562,3103.84381160925,69,NA,NA,0,TRUE,TRUE,0.478999999999985,8.20681794951249,11.6706716022585,0,4.59750162264364,10.521817360688,"HML","NATRES",180,0,12,"ALL","FW_VYP","L2_Lasso","linear",2020-07-03 21:06:06,3103.84381160925,NA,NA,NA,NA,NA,NA,NA,NA,NA,NA,NA,NA,NA,NA,NA,NA,NA,NA
"Nelder-Mead16",0.32638095119137,NA,3197.58207717442,69,NA,NA,0,TRUE,TRUE,0.549999999999955,35.9458636579017,NA,0,32.8869287224296,NA,"SMB","NATRES",180,0,12,"ALL","FW_VYP","L2_Lasso","linear",2020-07-03 21:06:08,3197.58207717442,-0.83435507678209,80.288828484688,67.3277181654673,NA,NA,NA,NA,NA,NA,NA,NA,NA,NA,NA,NA,NA,NA,NA
"Nelder-Mead25",0.13957661107545,NA,3296.48288919406,71,NA,NA,0,TRUE,TRUE,0.495999999999981,1.84926951184003,NA,5.44009282066327e-14,3.31299912507883,NA,"HDY","NATRES",180,0,12,"ALL","FW_VYP","L2_Lasso","linear",2020-07-03 21:06:11,3296.48288919406,NA,NA,NA,-0.974663275647715,9.13969379649284,7.98682245349693,NA,NA,NA,NA,NA,NA,NA,NA,NA,NA,NA,NA
"Nelder-Mead35",-0.0844237486022535,NA,3226.78015411944,67,NA,NA,0,TRUE,TRUE,0.465999999999951,2.98468404282417,NA,0,3.87197713073829,NA,"QLT","NATRES",180,0,12,"ALL","FW_VYP","L2_Lasso","linear",2020-07-03 21:06:12,3226.78015411944,NA,NA,NA,NA,NA,NA,1.31582721655076,9.92284574689255,12.2946551056986,NA,NA,NA,NA,NA,NA,NA,NA,NA
"Nelder-Mead45",-0.128571206893561,NA,3038.73342078296,77,NA,NA,0,TRUE,TRUE,0.527999999999963,10.0433581683994,NA,0,5.50294127873091,NA,"MOM","NATRES",180,0,12,"ALL","FW_VYP","L2_Lasso","linear",2020-07-03 21:06:13,3038.73342078296,NA,NA,NA,NA,NA,NA,NA,NA,NA,1.52981798066746,49.3333889852401,38.0761525308193,NA,NA,NA,NA,NA,NA
"Nelder-Mead55",0.216070206671519,NA,3325.00776755655,71,NA,NA,0,TRUE,TRUE,0.487000000000023,2.07311115042475,NA,0.696008331364411,3.48588277728753,NA,"ESG","NATRES",180,0,12,"ALL","FW_VYP","L2_Lasso","linear",2020-07-03 21:06:16,3325.00776755655,NA,NA,NA,NA,NA,NA,NA,NA,NA,NA,NA,NA,-0.152977368982669,14.6268736367008,28.4050341585139,NA,NA,NA
"Nelder-Mead65",0.259667108951543,NA,3167.64305367262,75,NA,NA,0,TRUE,TRUE,0.523000000000025,3.08095487413854,NA,0,5.06942786069058,NA,"LOV","NATRES",180,0,12,"ALL","FW_VYP","L2_Lasso","linear",2020-07-03 21:06:17,3167.64305367262,NA,NA,NA,NA,NA,NA,NA,NA,NA,NA,NA,NA,NA,NA,NA,2.72372899522124,9.51531385927154,8.8102524065431
"Nelder-Mead17",0.967810502257067,-0.460975135097817,2918.57618184371,55,NA,NA,0,TRUE,TRUE,0.468999999999994,10.4442364973869,32.4378323522386,0,4.20586477022214,17.0723223469419,"HML","PD",180,0,12,"ALL","FW_VYP","L2_Lasso","linear",2020-07-03 21:06:20,2918.57618184371,NA,NA,NA,NA,NA,NA,NA,NA,NA,NA,NA,NA,NA,NA,NA,NA,NA,NA
"Nelder-Mead18",0.903301118977553,NA,2279.53017254913,61,NA,NA,0,TRUE,TRUE,0.524999999999977,3.40018498308874,NA,1.11022302462516e-16,1.86543884304858,NA,"SMB","PD",180,0,12,"ALL","FW_VYP","L2_Lasso","linear",2020-07-03 21:06:21,2279.53017254913,0.594245792135494,13.9662764626552,8.11083275071131,NA,NA,NA,NA,NA,NA,NA,NA,NA,NA,NA,NA,NA,NA,NA
"Nelder-Mead26",1.07909760038224,NA,2891.21227284348,59,NA,NA,0,TRUE,TRUE,0.519999999999982,6.70814153240808,NA,0,4.37838279562769,NA,"HDY","PD",180,0,12,"ALL","FW_VYP","L2_Lasso","linear",2020-07-03 21:06:23,2891.21227284348,NA,NA,NA,0.684551893590811,282.96061482125,150.27456043584,NA,NA,NA,NA,NA,NA,NA,NA,NA,NA,NA,NA
"Nelder-Mead36",0.903794671502128,NA,2442.85658059842,63,NA,NA,0,TRUE,TRUE,0.653999999999996,2.32986207026728,NA,0.0152451252392513,0.982467724875328,NA,"QLT","PD",180,0,12,"ALL","FW_VYP","L2_Lasso","linear",2020-07-03 21:06:24,2442.85658059842,NA,NA,NA,NA,NA,NA,0.608551003688921,5.10804181861206,3.67444681133291,NA,NA,NA,NA,NA,NA,NA,NA,NA
"Nelder-Mead46",1.07662107039596,NA,3043.42298333631,69,NA,NA,0,TRUE,TRUE,0.605000000000018,4.22414380182939,NA,0.927344569554609,5.45413878935244,NA,"MOM","PD",180,0,12,"ALL","FW_VYP","L2_Lasso","linear",2020-07-03 21:06:26,3043.42298333631,NA,NA,NA,NA,NA,NA,NA,NA,NA,-0.0640435446459378,2.84688926183688,4.03471814801226,NA,NA,NA,NA,NA,NA
"Nelder-Mead56",1.1417480127534,NA,2702.15434110381,93,NA,NA,0,TRUE,TRUE,0.79000000000002,2.87671419086361,NA,0,1.59881085331183,NA,"ESG","PD",180,0,12,"ALL","FW_VYP","L2_Lasso","linear",2020-07-03 21:06:28,2702.15434110381,NA,NA,NA,NA,NA,NA,NA,NA,NA,NA,NA,NA,6.74595292349468,63.5217469451608,30.0215311930607,NA,NA,NA
"Nelder-Mead66",0.99802607566382,NA,2518.2860495762,73,NA,NA,0,TRUE,TRUE,0.623999999999967,5.41740532150963,NA,0,4.26335124076477,NA,"LOV","PD",180,0,12,"ALL","FW_VYP","L2_Lasso","linear",2020-07-03 21:06:29,2518.2860495762,NA,NA,NA,NA,NA,NA,NA,NA,NA,NA,NA,NA,NA,NA,NA,0.995378505825806,10.1589038502623,8.62016361971603
"Nelder-Mead19",1.19524795982579,-0.969517831841949,27370.1607618252,59,NA,NA,0,TRUE,TRUE,0.737000000000023,1.03920825857314,7.04066572582334,2.35597097386631e-11,0.979744015962005,2.99882544861224,"HML","PE",180,0,12,"ALL","FW_VYP","L2_Lasso","linear",2020-07-03 21:06:33,27370.1607618252,NA,NA,NA,NA,NA,NA,NA,NA,NA,NA,NA,NA,NA,NA,NA,NA,NA,NA
"Nelder-Mead110",1.33636636741351,NA,28758.8889128991,57,NA,NA,0,TRUE,TRUE,0.615000000000009,5.44070364383371,NA,0,3.14755800643674,NA,"SMB","PE",180,0,12,"ALL","FW_VYP","L2_Lasso","linear",2020-07-03 21:06:35,28758.8889128991,0.489837683594101,50.7888603220674,25.1828504899079,NA,NA,NA,NA,NA,NA,NA,NA,NA,NA,NA,NA,NA,NA,NA
"Nelder-Mead27",1.46378174083371,NA,29735.3249116505,69,NA,NA,0,TRUE,TRUE,0.750999999999976,0.814292610848973,NA,1.61146692656544e-08,0.997286904247131,NA,"HDY","PE",180,0,12,"ALL","FW_VYP","L2_Lasso","linear",2020-07-03 21:06:37,29735.3249116505,NA,NA,NA,0.486938763320313,12.0228462352316,5.25539606186632,NA,NA,NA,NA,NA,NA,NA,NA,NA,NA,NA,NA
"Nelder-Mead37",1.16482223048738,NA,26430.3191985963,61,NA,NA,0,TRUE,TRUE,0.754000000000019,29.8159328809519,NA,0,52.4791992007446,NA,"QLT","PE",180,0,12,"ALL","FW_VYP","L2_Lasso","linear",2020-07-03 21:06:39,26430.3191985963,NA,NA,NA,NA,NA,NA,0.665060191631846,49.2289269122502,91.1745343466622,NA,NA,NA,NA,NA,NA,NA,NA,NA
"Nelder-Mead47",1.025747201912,NA,26180.537523964,63,NA,NA,0,TRUE,TRUE,0.706000000000017,2.24221027167501,NA,0.000465148356194045,0.920503758261549,NA,"MOM","PE",180,0,12,"ALL","FW_VYP","L2_Lasso","linear",2020-07-03 21:06:41,26180.537523964,NA,NA,NA,NA,NA,NA,NA,NA,NA,1.29384043486751,2.99060570637051,1.22322623582945,NA,NA,NA,NA,NA,NA
"Nelder-Mead57",1.5170222213656,NA,29207.6574849178,73,NA,NA,0,TRUE,TRUE,0.802000000000021,1.11441943940436,NA,0,1.03818590070506,NA,"ESG","PE",180,0,12,"ALL","FW_VYP","L2_Lasso","linear",2020-07-03 21:06:43,29207.6574849178,NA,NA,NA,NA,NA,NA,NA,NA,NA,NA,NA,NA,5.45346434742895,27.0162414920176,12.5472601280367,NA,NA,NA
"Nelder-Mead67",1.18668562398607,NA,21573.1139216938,105,NA,NA,0,TRUE,TRUE,1.15800000000002,25.0318432611572,NA,0,15.4956303008103,NA,"LOV","PE",180,0,12,"ALL","FW_VYP","L2_Lasso","linear",2020-07-03 21:06:45,21573.1139216938,NA,NA,NA,NA,NA,NA,NA,NA,NA,NA,NA,NA,NA,NA,NA,3.7008615764278,37.68835327091,16.1183974292847
"Nelder-Mead20",0.326092197663271,-1.92229128563225,12371.0776988987,69,NA,NA,0,TRUE,TRUE,0.504999999999995,7.69058963934957,7.80462512804031,0,4.25324913648973,4.83662296041574,"HML","RE",180,0,12,"ALL","FW_VYP","L2_Lasso","linear",2020-07-03 21:06:48,12371.0776988987,NA,NA,NA,NA,NA,NA,NA,NA,NA,NA,NA,NA,NA,NA,NA,NA,NA,NA
"Nelder-Mead111",1.38369756449296,NA,8953.82111964524,69,NA,NA,0,TRUE,TRUE,0.503000000000043,9.868805116478,NA,0,7.43761894472846,NA,"SMB","RE",180,0,12,"ALL","FW_VYP","L2_Lasso","linear",2020-07-03 21:06:50,8953.82111964524,-2.34546544221543,5.62556713082206,2.79674557796375,NA,NA,NA,NA,NA,NA,NA,NA,NA,NA,NA,NA,NA,NA,NA
"Nelder-Mead28",0.751555596854184,NA,9327.83030382996,93,NA,NA,0,TRUE,TRUE,0.665999999999997,4.743565703832,NA,0,3.96957705690868,NA,"HDY","RE",180,0,12,"ALL","FW_VYP","L2_Lasso","linear",2020-07-03 21:06:53,9327.83030382996,NA,NA,NA,-4.31443255406,1.97003121576511,1.66866351638103,NA,NA,NA,NA,NA,NA,NA,NA,NA,NA,NA,NA
"Nelder-Mead38",1.71239529269137,NA,11579.2731987507,65,NA,NA,0,TRUE,TRUE,0.475999999999999,2.17148943551804,NA,0,2.05727628358966,NA,"QLT","RE",180,0,12,"ALL","FW_VYP","L2_Lasso","linear",2020-07-03 21:06:55,11579.2731987507,NA,NA,NA,NA,NA,NA,-2.04300322392227,7.72407122563483,3.15137284069676,NA,NA,NA,NA,NA,NA,NA,NA,NA
"Nelder-Mead48",0.21402508109966,NA,6623.63643254932,77,NA,NA,0,TRUE,TRUE,0.557999999999993,2.49768419290276,NA,0,2.49903527157869,NA,"MOM","RE",180,0,12,"ALL","FW_VYP","L2_Lasso","linear",2020-07-03 21:06:56,6623.63643254932,NA,NA,NA,NA,NA,NA,NA,NA,NA,4.24897772519076,35.2455449114616,23.5927803776421,NA,NA,NA,NA,NA,NA
"Nelder-Mead58",1.04523952186175,NA,10791.3517484311,97,NA,NA,0,TRUE,TRUE,0.694999999999993,4.39532357775224,NA,0,3.82415686908205,NA,"ESG","RE",180,0,12,"ALL","FW_VYP","L2_Lasso","linear",2020-07-03 21:06:59,10791.3517484311,NA,NA,NA,NA,NA,NA,NA,NA,NA,NA,NA,NA,-22.970248287963,24.6878779236121,13.829060496568,NA,NA,NA
"Nelder-Mead68",1.49211124468216,NA,12301.133971648,79,NA,NA,0,TRUE,TRUE,0.572999999999979,3.87624279224288,NA,1.88737914186277e-15,3.28514195578344,NA,"LOV","RE",180,0,12,"ALL","FW_VYP","L2_Lasso","linear",2020-07-03 21:07:02,12301.133971648,NA,NA,NA,NA,NA,NA,NA,NA,NA,NA,NA,NA,NA,NA,NA,-2.29199423756015,3.08454475501018,1.93680081804903
"Nelder-Mead29",0.947189782961506,-1.63387113394856,1772.27001611736,69,NA,NA,0,TRUE,TRUE,0.40500000000003,7.94980741834707,32.9876098886118,0,6.33637279338641,21.3352594291106,"HML","SEC",180,0,12,"ALL","FW_VYP","L2_Lasso","linear",2020-07-03 21:07:04,1772.27001611736,NA,NA,NA,NA,NA,NA,NA,NA,NA,NA,NA,NA,NA,NA,NA,NA,NA,NA
"Nelder-Mead112",1.49339902987995,NA,1759.75736357688,71,NA,NA,0,TRUE,TRUE,0.41700000000003,1.95227612554911,NA,0,2.02909402425462,NA,"SMB","SEC",180,0,12,"ALL","FW_VYP","L2_Lasso","linear",2020-07-03 21:07:06,1759.75736357688,-1.09780840897875,8.96588518227811,5.2919607916236,NA,NA,NA,NA,NA,NA,NA,NA,NA,NA,NA,NA,NA,NA,NA
"Nelder-Mead210",1.2783818926354,NA,1851.91308430928,69,NA,NA,0,TRUE,TRUE,0.399000000000001,1.11203824526812,NA,1.3411993737833e-10,1.47382747203611,NA,"HDY","SEC",180,0,12,"ALL","FW_VYP","L2_Lasso","linear",2020-07-03 21:07:07,1851.91308430928,NA,NA,NA,-2.46893475462081,2.66040612736914,1.49563682531218,NA,NA,NA,NA,NA,NA,NA,NA,NA,NA,NA,NA
"Nelder-Mead39",1.0979266978474,NA,2109.43626512048,71,NA,NA,0,TRUE,TRUE,0.404999999999973,17.1586938744952,NA,0,13.9841461596414,NA,"QLT","SEC",180,0,12,"ALL","FW_VYP","L2_Lasso","linear",2020-07-03 21:07:08,2109.43626512048,NA,NA,NA,NA,NA,NA,0.496776617800548,50.468033826197,35.8568531247247,NA,NA,NA,NA,NA,NA,NA,NA,NA
"Nelder-Mead49",0.709802653330351,NA,1279.36402745431,71,NA,NA,0,TRUE,TRUE,0.41500000000002,2.95329248390947,NA,6.02662364457274e-12,1.45277179063057,NA,"MOM","SEC",180,0,12,"ALL","FW_VYP","L2_Lasso","linear",2020-07-03 21:07:10,1279.36402745431,NA,NA,NA,NA,NA,NA,NA,NA,NA,2.46660063792574,2.95149886451484,2.02113132703863,NA,NA,NA,NA,NA,NA
"Nelder-Mead59",1.3187968594488,NA,2113.05794793032,75,NA,NA,0,TRUE,TRUE,0.444000000000017,4.44597403433895,NA,0,4.5537514019425,NA,"ESG","SEC",180,0,12,"ALL","FW_VYP","L2_Lasso","linear",2020-07-03 21:07:11,2113.05794793032,NA,NA,NA,NA,NA,NA,NA,NA,NA,NA,NA,NA,6.23283657163848,123.021715579546,93.000941287269,NA,NA,NA
"Nelder-Mead69",1.32382358896084,NA,1445.3077788288,69,NA,NA,0,FALSE,TRUE,0.394999999999982,3.75585467967421,NA,0,1.59803365596508,NA,"LOV","SEC",180,0,12,"ALL","FW_VYP","L2_Lasso","linear",2020-07-03 21:07:12,1445.3077788288,NA,NA,NA,NA,NA,NA,NA,NA,NA,NA,NA,NA,NA,NA,NA,5.12340095160598,40.7359559499123,22.3797009974699
"Nelder-Mead30",0.498652590624595,-2.68199383765964,3619.18816902203,69,NA,NA,0,TRUE,TRUE,0.723000000000013,67.3186088813439,51.4120272084103,0,36.8141331079166,27.7640332021621,"HML","VC",180,0,12,"ALL","FW_VYP","L2_Lasso","linear",2020-07-03 21:07:15,3619.18816902203,NA,NA,NA,NA,NA,NA,NA,NA,NA,NA,NA,NA,NA,NA,NA,NA,NA,NA
"Nelder-Mead113",1.65168527077372,NA,2985.59396295196,59,NA,NA,0,TRUE,TRUE,0.625,5.11474972039999,NA,0,7.05393828962758,NA,"SMB","VC",180,0,12,"ALL","FW_VYP","L2_Lasso","linear",2020-07-03 21:07:19,2985.59396295196,-1.68617881851849,9.32224965388709,4.89128115438547,NA,NA,NA,NA,NA,NA,NA,NA,NA,NA,NA,NA,NA,NA,NA
"Nelder-Mead211",1.1012319993688,NA,3408.80836868454,69,NA,NA,0,TRUE,TRUE,0.724999999999966,5.5830521992558,NA,0,5.76053349167407,NA,"HDY","VC",180,0,12,"ALL","FW_VYP","L2_Lasso","linear",2020-07-03 21:07:22,3408.80836868454,NA,NA,NA,-3.24978659977644,4.11806600938725,4.54046147155678,NA,NA,NA,NA,NA,NA,NA,NA,NA,NA,NA,NA
"Nelder-Mead310",0.0929894374478705,NA,3953.19967890367,73,NA,NA,0,TRUE,TRUE,0.778999999999996,2.82883365987627,NA,0,1.75173797125036,NA,"QLT","VC",180,0,12,"ALL","FW_VYP","L2_Lasso","linear",2020-07-03 21:07:24,3953.19967890367,NA,NA,NA,NA,NA,NA,3.83873761413015,14.6580923795701,6.78176162517617,NA,NA,NA,NA,NA,NA,NA,NA,NA
"Nelder-Mead410",0.434298959578921,NA,2837.63785285457,95,NA,NA,0,TRUE,TRUE,0.947000000000003,5.36961994269369,NA,0,2.93565187371551,NA,"MOM","VC",180,0,12,"ALL","FW_VYP","L2_Lasso","linear",2020-07-03 21:07:26,2837.63785285457,NA,NA,NA,NA,NA,NA,NA,NA,NA,4.63202670055855,17.8868532762034,7.42061514150191,NA,NA,NA,NA,NA,NA
"Nelder-Mead510",1.45542137328008,NA,4765.23050172255,131,NA,NA,0,TRUE,TRUE,1.29000000000002,5.30902567909449,NA,0,2.55717630856249,NA,"ESG","VC",180,0,12,"ALL","FW_VYP","L2_Lasso","linear",2020-07-03 21:07:31,4765.23050172255,NA,NA,NA,NA,NA,NA,NA,NA,NA,NA,NA,NA,-24.7786041915942,237.471467167007,103.062987642646,NA,NA,NA
"Nelder-Mead610",1.98007054055278,NA,3806.05050049469,67,NA,NA,0,TRUE,TRUE,0.674999999999955,4.1087103578,NA,0,2.74299319309018,NA,"LOV","VC",180,0,12,"ALL","FW_VYP","L2_Lasso","linear",2020-07-03 21:07:34,3806.05050049469,NA,NA,NA,NA,NA,NA,NA,NA,NA,NA,NA,NA,NA,NA,NA,-1.83992715090819,4.4737141294411,2.77749872382757
