"","MKT","Alpha","HML","value","fevals","gevals","niter","convcode","kkt1","kkt2","xtime","SE.MKT","SE.Alpha","SE.HML","Wald.p.value.MKT_1","SE.MKT.indep","SE.Alpha.indep","SE.HML.indep","Factor","Type","max.month","lambda","kernel.bandwidth","CV.key","weighting","error.fun","sdf.model","datetime","validation.error","SMB","SE.SMB","SE.SMB.indep","HDY","SE.HDY","SE.HDY.indep","QLT","SE.QLT","SE.QLT.indep","MOM","SE.MOM","SE.MOM.indep","ESG","SE.ESG","SE.ESG.indep","LOV","SE.LOV","SE.LOV.indep"
"Nelder-Mead",1.22960290329337,-0.0021551723349749,-0.658161144000385,2.81341775649626e-06,176,NA,NA,0,TRUE,TRUE,1.18000000000029,1.05847074977275e-05,0.000660024964479753,1.66884253478554e-05,1,3.92063292398522e-06,0.000222989141200095,6.95696424901646e-06,"HML","ALL",210,0,12,"ALL","EW_VYP","L2_Lasso","linear",2023-05-10 16:50:57,2.81341775649626e-06,NA,NA,NA,NA,NA,NA,NA,NA,NA,NA,NA,NA,NA,NA,NA,NA,NA,NA
"Nelder-Mead1",1.16247711029356,0.000938404573152401,NA,2.59080330465488e-06,146,NA,NA,0,TRUE,FALSE,0.920000000000073,4.81323001795647e-06,0.000762367618060885,NA,0.999999999999999,2.156635692081e-06,0.000264951269212563,NA,"SMB","ALL",210,0,12,"ALL","EW_VYP","L2_Lasso","linear",2023-05-10 16:51:03,2.59080330465488e-06,-0.952564567490306,1.52044424302642e-05,7.96106106869667e-06,NA,NA,NA,NA,NA,NA,NA,NA,NA,NA,NA,NA,NA,NA,NA
"Nelder-Mead2",1.06727547817756,-0.000505637474195908,NA,2.6308759029401e-06,206,NA,NA,0,TRUE,FALSE,1.25,0.00367216800659443,0.164828591476703,NA,0.999999827461113,0.00128786437103045,0.0556981073549425,NA,"HDY","ALL",210,0,12,"ALL","EW_VYP","L2_Lasso","linear",2023-05-10 16:51:10,2.6308759029401e-06,NA,NA,NA,-1.30072663129929,0.0068913428432357,0.00260364595457123,NA,NA,NA,NA,NA,NA,NA,NA,NA,NA,NA,NA
"Nelder-Mead3",1.60793014456715,-0.00376329872684322,NA,3.31952807269226e-06,124,NA,NA,0,TRUE,FALSE,0.740000000000691,0.0009325741717743,0.0488332094675826,NA,0.999999998673261,0.000309925358594667,0.0164810628027872,NA,"QLT","ALL",210,0,12,"ALL","EW_VYP","L2_Lasso","linear",2023-05-10 16:51:13,3.31952807269226e-06,NA,NA,NA,NA,NA,NA,0.388373186760032,0.00247398365067605,0.000849252403241751,NA,NA,NA,NA,NA,NA,NA,NA,NA
"Nelder-Mead4",1.30737169602982,-0.00326962025297072,NA,3.31981384108788e-06,234,NA,NA,0,TRUE,FALSE,1.52999999999975,0.000839509614130697,0.0466059077583703,NA,0.999999996220108,0.000283400781839193,0.0157356874600967,NA,"MOM","ALL",210,0,12,"ALL","EW_VYP","L2_Lasso","linear",2023-05-10 16:51:17,3.31981384108788e-06,NA,NA,NA,NA,NA,NA,NA,NA,NA,1.21853213026435,0.00165986845662451,0.000609364109478933,NA,NA,NA,NA,NA,NA
"Nelder-Mead5",1.55800560933116,-0.0021178992208836,NA,2.70046845842229e-06,196,NA,NA,0,TRUE,FALSE,1.14000000000033,0.000870496351599431,0.0107879472014583,NA,0.999996115566776,0.000294043589261896,0.00364464539418454,NA,"ESG","ALL",210,0,12,"ALL","EW_VYP","L2_Lasso","linear",2023-05-10 16:51:21,2.70046845842229e-06,NA,NA,NA,NA,NA,NA,NA,NA,NA,NA,NA,NA,12.2680478978251,0.00195115543229471,0.000657623963302391,NA,NA,NA
"Nelder-Mead6",1.0296389512436,0.00161680298190481,NA,2.66716924986406e-06,154,NA,NA,0,TRUE,FALSE,0.960000000000036,0.0338257201465293,0.909252055922385,NA,0.999724759417151,0.0119943946605083,0.316321699999657,NA,"LOV","ALL",210,0,12,"ALL","EW_VYP","L2_Lasso","linear",2023-05-10 16:51:27,2.66716924986406e-06,NA,NA,NA,NA,NA,NA,NA,NA,NA,NA,NA,NA,NA,NA,NA,-1.37795871775089,0.0731329825624765,0.0270244519290802
"Nelder-Mead7",1.23456175609345,-0.000254731663864728,-0.31961516093263,1.43805422944735e-06,150,NA,NA,0,TRUE,TRUE,1.22000000000025,2.00347950957511e-05,0.00176241765066053,4.99178230057971e-05,0.999999999999999,8.07155721391773e-06,0.000597785122648936,2.11133763499886e-05,"HML","BO",210,0,12,"ALL","EW_VYP","L2_Lasso","linear",2023-05-10 16:51:35,1.43805422944735e-06,NA,NA,NA,NA,NA,NA,NA,NA,NA,NA,NA,NA,NA,NA,NA,NA,NA,NA
"Nelder-Mead11",1.20472611759764,0.00120860322258799,NA,1.40599708032277e-06,122,NA,NA,0,TRUE,TRUE,0.739999999999782,0.000865086869639281,0.0567165878269244,NA,0.999999999974507,0.000320826273502149,0.0194990645230334,NA,"SMB","BO",210,0,12,"ALL","EW_VYP","L2_Lasso","linear",2023-05-10 16:51:41,1.40599708032277e-06,-0.476943014661577,0.0010991375463156,0.000532217434998924,NA,NA,NA,NA,NA,NA,NA,NA,NA,NA,NA,NA,NA,NA,NA
"Nelder-Mead21",1.17600062466736,0.000431070996477206,NA,1.42906197585749e-06,302,NA,NA,0,TRUE,FALSE,2.52999999999975,1.82063266134616e-05,0.00129149867009655,NA,0.999999999999999,6.66791240969833e-06,0.000441172137983294,NA,"HDY","BO",210,0,12,"ALL","EW_VYP","L2_Lasso","linear",2023-05-10 16:51:52,1.42906197585749e-06,NA,NA,NA,-0.597235589117161,2.45652048322742e-05,1.17094838930705e-05,NA,NA,NA,NA,NA,NA,NA,NA,NA,NA,NA,NA
"Nelder-Mead31",1.40296291455545,0.000814318398215071,NA,1.45806584316442e-06,116,NA,NA,0,TRUE,FALSE,0.890000000000327,0.000891778876365838,0.0579010165595325,NA,0.999999999926941,0.000304647581288448,0.0198959460439209,NA,"QLT","BO",210,0,12,"ALL","EW_VYP","L2_Lasso","linear",2023-05-10 16:51:59,1.45806584316442e-06,NA,NA,NA,NA,NA,NA,-0.461868025623294,0.00204942052179699,0.000811700974532031,NA,NA,NA,NA,NA,NA,NA,NA,NA
"Nelder-Mead41",1.77129282148894,0.00741119619033479,NA,1.34948141047061e-06,190,NA,NA,0,TRUE,FALSE,1.48999999999978,8.24319521140522e-05,0.00309914847539579,NA,0.999999999918781,6.42093455666317e-05,0.00188365259367846,NA,"MOM","BO",210,0,12,"ALL","EW_VYP","L2_Lasso","linear",2023-05-10 16:52:07,1.34948141047061e-06,NA,NA,NA,NA,NA,NA,NA,NA,NA,-3.23516460487057,0.000205194880120152,9.11790787764083e-05,NA,NA,NA,NA,NA,NA
"Nelder-Mead51",1.40859810478907,0.000321420935262716,NA,1.12979516593502e-06,410,NA,NA,0,TRUE,FALSE,3.38000000000011,4.69121509078476e-05,0.00188018437106686,NA,0.999999998707307,1.59174655099759e-05,0.000638152421983025,NA,"ESG","BO",210,0,12,"ALL","EW_VYP","L2_Lasso","linear",2023-05-10 16:52:15,1.12979516593502e-06,NA,NA,NA,NA,NA,NA,NA,NA,NA,NA,NA,NA,15.085473670706,0.000111069438206578,3.94830400355595e-05,NA,NA,NA
"Nelder-Mead61",0.901136483008782,0.00343102586507838,NA,1.24578307967658e-06,168,NA,NA,0,TRUE,FALSE,1.27000000000044,0.00176156020855599,0.12152122772101,NA,0.999999999668364,0.000662932064092445,0.0430853409261119,NA,"LOV","BO",210,0,12,"ALL","EW_VYP","L2_Lasso","linear",2023-05-10 16:52:22,1.24578307967658e-06,NA,NA,NA,NA,NA,NA,NA,NA,NA,NA,NA,NA,NA,NA,NA,-1.30454210702641,0.00114445096421379,0.000786998434602144
"Nelder-Mead8",0.927531927420481,0.00256693432204356,1.14048597724682,3.52229881082028e-07,146,NA,NA,0,TRUE,TRUE,0.890000000000327,2.6414831794339e-05,0.00129903573802003,2.82356290296871e-05,0.999999999999994,1.11485688987215e-05,0.000524936837581385,1.61514474989298e-05,"HML","DD",210,0,12,"ALL","EW_VYP","L2_Lasso","linear",2023-05-10 16:52:25,3.52229881082028e-07,NA,NA,NA,NA,NA,NA,NA,NA,NA,NA,NA,NA,NA,NA,NA,NA,NA,NA
"Nelder-Mead12",1.03363205095189,-0.00248677277514982,NA,3.02074986590359e-07,122,NA,NA,0,TRUE,TRUE,0.630000000000109,0.0033299583065238,0.161678623364869,NA,0.999999648816526,0.00148916564103081,0.0608490936751892,NA,"SMB","DD",210,0,12,"ALL","EW_VYP","L2_Lasso","linear",2023-05-10 16:52:28,3.02074986590359e-07,1.39396882873442,0.00750993589465479,0.003208243964766,NA,NA,NA,NA,NA,NA,NA,NA,NA,NA,NA,NA,NA,NA,NA
"Nelder-Mead22",1.09873406520745,0.000527960372046458,NA,3.19710435482617e-07,154,NA,NA,0,TRUE,FALSE,0.940000000000509,0.00131688324272765,0.0623837671594095,NA,0.999999917386046,0.000538813436645229,0.0251853144991616,NA,"HDY","DD",210,0,12,"ALL","EW_VYP","L2_Lasso","linear",2023-05-10 16:52:31,3.19710435482617e-07,NA,NA,NA,2.13439739015562,0.00312725050964746,0.00137472107428227,NA,NA,NA,NA,NA,NA,NA,NA,NA,NA,NA,NA
"Nelder-Mead32",0.403674045109455,0.00704841514630285,NA,3.65459196971665e-07,118,NA,NA,0,TRUE,TRUE,0.75,0.000355847472886622,0.0122633559273833,NA,0.999999999361044,0.000199295817950695,0.0102380392983045,NA,"QLT","DD",210,0,12,"ALL","EW_VYP","L2_Lasso","linear",2023-05-10 16:52:35,3.65459196971665e-07,NA,NA,NA,NA,NA,NA,-1.49786021181268,0.000697064274886578,0.000336564334907304,NA,NA,NA,NA,NA,NA,NA,NA,NA
"Nelder-Mead42",1.24810573556604,0.00716419263565631,NA,3.26143195688492e-07,170,NA,NA,0,TRUE,FALSE,0.949999999999818,0.00218995561483241,0.0449117215505679,NA,0.999999987758692,0.00114751108328753,0.0374623245630664,NA,"MOM","DD",210,0,12,"ALL","EW_VYP","L2_Lasso","linear",2023-05-10 16:52:41,3.26143195688492e-07,NA,NA,NA,NA,NA,NA,NA,NA,NA,-3.50813413239584,0.00102647809984697,0.00119059576987366,NA,NA,NA,NA,NA,NA
"Nelder-Mead52",0.757567429160167,0.00162420585103471,NA,4.1304765834223e-07,172,NA,NA,0,TRUE,FALSE,0.920000000000073,0.000961911311164479,0.121837949113675,NA,0.999993302605265,0.000385296054250288,0.0492065942350265,NA,"ESG","DD",210,0,12,"ALL","EW_VYP","L2_Lasso","linear",2023-05-10 16:52:44,4.1304765834223e-07,NA,NA,NA,NA,NA,NA,NA,NA,NA,NA,NA,NA,10.8642992966548,0.00273558441098867,0.00172871601027543,NA,NA,NA
"Nelder-Mead62",0.87930722742658,0.000207796170358914,NA,4.17596151560618e-07,126,NA,NA,0,TRUE,FALSE,0.630000000000109,5.99049067825322e-06,0.000379523707776013,NA,1,2.46830661859089e-06,0.000153209681497296,NA,"LOV","DD",210,0,12,"ALL","EW_VYP","L2_Lasso","linear",2023-05-10 16:52:47,4.17596151560618e-07,NA,NA,NA,NA,NA,NA,NA,NA,NA,NA,NA,NA,NA,NA,NA,0.818520077900124,1.20722594372196e-05,6.28919404417881e-06
"Nelder-Mead9",0.835279356319274,-0.00165180868151888,-1.74221724331965,2.55633338103844e-07,200,NA,NA,0,TRUE,FALSE,0.610000000000582,0.000269019070017433,0.0233897095670092,0.000122876954295621,0.9999999999973,0.000143423265547525,0.0111851247824569,0.000135416785958202,"HML","FOF",210,0,12,"ALL","EW_VYP","L2_Lasso","linear",2023-05-10 16:52:50,2.55633338103844e-07,NA,NA,NA,NA,NA,NA,NA,NA,NA,NA,NA,NA,NA,NA,NA,NA,NA,NA
"Nelder-Mead13",-1.83942636566022,0.034598116065194,NA,1.33243808254766e-07,288,NA,NA,0,TRUE,TRUE,1.11000000000058,0.0276141750339394,0.89254098967537,NA,0.987719741103105,0.0139358008872088,0.452067567936536,NA,"SMB","FOF",210,0,12,"ALL","EW_VYP","L2_Lasso","linear",2023-05-10 16:52:55,1.33243808254766e-07,-4.05048246097325,0.0629108569849296,0.0288116552363789,NA,NA,NA,NA,NA,NA,NA,NA,NA,NA,NA,NA,NA,NA,NA
"Nelder-Mead23",-4.16581557206299,0.050073797061204,NA,1.39187149209797e-07,316,NA,NA,0,TRUE,TRUE,1.05999999999949,0.00389312297251809,0.139551549483003,NA,0.976399633496707,0.00211559146451613,0.0758173734004896,NA,"HDY","FOF",210,0,12,"ALL","EW_VYP","L2_Lasso","linear",2023-05-10 16:52:59,1.39187149209797e-07,NA,NA,NA,-5.44598970872486,0.0787197931082731,0.0350747315324044,NA,NA,NA,NA,NA,NA,NA,NA,NA,NA,NA,NA
"Nelder-Mead33",-1.60458900896686,0.0181365604033304,NA,1.29254070547519e-07,376,NA,NA,0,TRUE,TRUE,1.21999999999935,8.47320674931742e-06,0.000348175167732844,NA,0.999999999985399,3.87137432144877e-06,0.000157140392646264,NA,"QLT","FOF",210,0,12,"ALL","EW_VYP","L2_Lasso","linear",2023-05-10 16:53:02,1.29254070547519e-07,NA,NA,NA,NA,NA,NA,7.46756732842169,5.46017401357361e-05,2.38605671043168e-05,NA,NA,NA,NA,NA,NA,NA,NA,NA
"Nelder-Mead43",-1.35714773600139,0.0206115535931849,NA,1.44717373345477e-07,268,NA,NA,0,TRUE,TRUE,0.789999999999964,0.00493058855488467,0.170166752822931,NA,0.999913872249627,0.00225474037406195,0.0782525650904186,NA,"MOM","FOF",210,0,12,"ALL","EW_VYP","L2_Lasso","linear",2023-05-10 16:53:05,1.44717373345477e-07,NA,NA,NA,NA,NA,NA,NA,NA,NA,4.4604726917565,0.0187435117098449,0.00815164594405553,NA,NA,NA,NA,NA,NA
"Nelder-Mead53",1.72724726096306,-0.00261598362384202,NA,2.76576297815376e-07,240,NA,NA,0,TRUE,FALSE,0.710000000000036,0.00152218014632046,0.0227599491495466,NA,0.999999983579695,0.000704581957055769,0.0105345745896152,NA,"ESG","FOF",210,0,12,"ALL","EW_VYP","L2_Lasso","linear",2023-05-10 16:53:07,2.76576297815376e-07,NA,NA,NA,NA,NA,NA,NA,NA,NA,NA,NA,NA,0.858447201235796,0.00324562685330713,0.00145381323268572,NA,NA,NA
"Nelder-Mead63",1.44802377611619,-0.000641864994056032,NA,2.74683729955411e-07,228,NA,NA,0,TRUE,FALSE,0.669999999999163,0.000434439852873781,0.0242717633848308,NA,0.999999999980389,0.000216087350823155,0.0115736354016294,NA,"LOV","FOF",210,0,12,"ALL","EW_VYP","L2_Lasso","linear",2023-05-10 16:53:11,2.74683729955411e-07,NA,NA,NA,NA,NA,NA,NA,NA,NA,NA,NA,NA,NA,NA,NA,-0.703227981565913,0.000886385142998711,0.000430871957894472
"Nelder-Mead10",-0.108543635304982,0.00505604570181367,-0.385611285006314,2.39493862603799e-07,192,NA,NA,0,TRUE,FALSE,0.720000000000255,0.00137657782132124,0.0339117310677156,0.00364037341315168,0.999999999959149,0.000640513718849719,0.0448684267952854,0.00191692999802214,"HML","INF",210,0,12,"ALL","EW_VYP","L2_Lasso","linear",2023-05-10 16:53:15,2.39493862603799e-07,NA,NA,NA,NA,NA,NA,NA,NA,NA,NA,NA,NA,NA,NA,NA,NA,NA,NA
"Nelder-Mead14",0.0465287376658365,0.00509752793724634,NA,2.41956636765659e-07,164,NA,NA,0,TRUE,FALSE,0.649999999999636,0.000848531550821114,0.0349302386767991,NA,0.999999999525531,0.000911392248143866,0.0477748765226655,NA,"SMB","INF",210,0,12,"ALL","EW_VYP","L2_Lasso","linear",2023-05-10 16:53:19,2.41956636765659e-07,-0.230013771513647,0.00352279170911059,0.00227202681696659,NA,NA,NA,NA,NA,NA,NA,NA,NA,NA,NA,NA,NA,NA,NA
"Nelder-Mead24",-0.111193974784716,0.0054820716170515,NA,2.40312761100751e-07,166,NA,NA,0,TRUE,FALSE,0.719999999999345,0.000839765129174193,0.0216457365356185,NA,0.999999998694444,0.000526111253707806,0.0472629634930836,NA,"HDY","INF",210,0,12,"ALL","EW_VYP","L2_Lasso","linear",2023-05-10 16:53:22,2.40312761100751e-07,NA,NA,NA,-0.545274122931386,0.00427256110681518,0.00236963544844624,NA,NA,NA,NA,NA,NA,NA,NA,NA,NA,NA,NA
"Nelder-Mead34",0.144844909061744,0.00392261298729135,NA,2.42984427389598e-07,184,NA,NA,0,TRUE,FALSE,0.740000000000691,0.00117434822308134,0.0619792417151297,NA,0.999999999447646,0.00132754928686588,0.0466277050397976,NA,"QLT","INF",210,0,12,"ALL","EW_VYP","L2_Lasso","linear",2023-05-10 16:53:26,2.42984427389598e-07,NA,NA,NA,NA,NA,NA,0.115287716260853,0.0014082072039484,0.00144083730651516,NA,NA,NA,NA,NA,NA,NA,NA,NA
"Nelder-Mead44",0.273488918113856,0.00511393382498195,NA,2.3789390569265e-07,160,NA,NA,0,TRUE,FALSE,0.649999999999636,0.00123162967170624,0.0358768752476262,NA,0.999999994528386,0.00163242696864966,0.0508950449206795,NA,"MOM","INF",210,0,12,"ALL","EW_VYP","L2_Lasso","linear",2023-05-10 16:53:30,2.3789390569265e-07,NA,NA,NA,NA,NA,NA,NA,NA,NA,-0.942890313633285,0.00195663321235991,0.00218895683670029,NA,NA,NA,NA,NA,NA
"Nelder-Mead54",-0.0676576281720665,0.00627065633790395,NA,2.24375444265207e-07,224,NA,NA,0,TRUE,FALSE,0.869999999999891,0.000236502655615445,0.0209982228187939,NA,0.9999906224508,0.000386482029449999,0.032174267499517,NA,"ESG","INF",210,0,12,"ALL","EW_VYP","L2_Lasso","linear",2023-05-10 16:53:32,2.24375444265207e-07,NA,NA,NA,NA,NA,NA,NA,NA,NA,NA,NA,NA,10.5120102757529,0.003152357498505,0.00162959726473048,NA,NA,NA
"Nelder-Mead64",-0.524089529208706,0.00915041807688422,NA,2.29039997788796e-07,178,NA,NA,0,TRUE,FALSE,0.550000000000182,0.00180018499152301,0.113042177941694,NA,0.999999063447794,0.00117595623641395,0.0656412035534564,NA,"LOV","INF",210,0,12,"ALL","EW_VYP","L2_Lasso","linear",2023-05-10 16:53:36,2.29039997788796e-07,NA,NA,NA,NA,NA,NA,NA,NA,NA,NA,NA,NA,NA,NA,NA,-1.1143406923253,0.0103876350832193,0.00478318599070424
"Nelder-Mead15",0.590724409312626,0.00178470100021247,0.143824359488199,1.77035954691038e-07,142,NA,NA,0,TRUE,TRUE,0.75,1.42914282222558e-05,0.00142343276352736,3.02918201706328e-05,1,6.17779352224828e-06,0.000580003925392789,1.93149134713252e-05,"HML","MEZZ",210,0,12,"ALL","EW_VYP","L2_Lasso","linear",2023-05-10 16:53:41,1.77035954691038e-07,NA,NA,NA,NA,NA,NA,NA,NA,NA,NA,NA,NA,NA,NA,NA,NA,NA,NA
"Nelder-Mead16",0.619645640185248,0.000605692205505863,NA,1.74906816529867e-07,136,NA,NA,0,TRUE,TRUE,0.850000000000364,1.80377792710168e-05,0.00105816062017533,NA,1,6.53146990276704e-06,0.000378823025170513,NA,"SMB","MEZZ",210,0,12,"ALL","EW_VYP","L2_Lasso","linear",2023-05-10 16:53:47,1.74906816529867e-07,0.334204575117934,1.76848227050969e-05,1.21122695026494e-05,NA,NA,NA,NA,NA,NA,NA,NA,NA,NA,NA,NA,NA,NA,NA
"Nelder-Mead25",0.616691789323798,0.00146932424444203,NA,1.76967657069548e-07,162,NA,NA,0,TRUE,FALSE,0.970000000000255,6.08282538950117e-05,0.006447404961611,NA,0.999999999999973,2.31494274615916e-05,0.00235489149950301,NA,"HDY","MEZZ",210,0,12,"ALL","EW_VYP","L2_Lasso","linear",2023-05-10 16:53:52,1.76967657069548e-07,NA,NA,NA,0.274344133282018,0.000277839656892107,0.000117584563938657,NA,NA,NA,NA,NA,NA,NA,NA,NA,NA,NA,NA
"Nelder-Mead35",0.494904417917139,0.0032785084351644,NA,1.70713450474507e-07,142,NA,NA,0,TRUE,TRUE,0.770000000000437,2.43164318587685e-05,0.00324537863111415,NA,0.999999999999991,2.55363127235744e-05,0.00182413759296162,NA,"QLT","MEZZ",210,0,12,"ALL","EW_VYP","L2_Lasso","linear",2023-05-10 16:53:58,1.70713450474507e-07,NA,NA,NA,NA,NA,NA,-0.580016729270548,2.6203945782474e-05,5.19401745550969e-05,NA,NA,NA,NA,NA,NA,NA,NA,NA
"Nelder-Mead45",0.652693276480654,0.00179444235854477,NA,1.76613635018778e-07,154,NA,NA,0,TRUE,FALSE,0.809999999999491,5.41120140052845e-06,0.00141003416900558,NA,1,3.69904830781953e-06,0.000574580965177144,NA,"MOM","MEZZ",210,0,12,"ALL","EW_VYP","L2_Lasso","linear",2023-05-10 16:54:03,1.76613635018778e-07,NA,NA,NA,NA,NA,NA,NA,NA,NA,-0.476281302463631,9.45923104433727e-06,1.66291940240654e-05,NA,NA,NA,NA,NA,NA
"Nelder-Mead55",0.777202665778581,0.00114581115170339,NA,1.71992164510478e-07,276,NA,NA,0,TRUE,FALSE,1.6899999999996,8.76159230953942e-05,0.0030132100344533,NA,0.999999994779143,3.14248470935029e-05,0.00108126738921591,NA,"ESG","MEZZ",210,0,12,"ALL","EW_VYP","L2_Lasso","linear",2023-05-10 16:54:08,1.71992164510478e-07,NA,NA,NA,NA,NA,NA,NA,NA,NA,NA,NA,NA,16.7890626571439,0.000162031219130955,6.29474425531193e-05,NA,NA,NA
"Nelder-Mead65",0.408874892362816,0.00296229680993495,NA,1.76583785036259e-07,140,NA,NA,0,TRUE,FALSE,0.909999999999854,5.25924913918818e-05,0.00198288763344859,NA,0.99999999999988,2.94037139423111e-05,0.00110877313337654,NA,"LOV","MEZZ",210,0,12,"ALL","EW_VYP","L2_Lasso","linear",2023-05-10 16:54:13,1.76583785036259e-07,NA,NA,NA,NA,NA,NA,NA,NA,NA,NA,NA,NA,NA,NA,NA,-0.644346924793247,6.23022698205199e-05,5.15347086134872e-05
"Nelder-Mead17",0.570345901389592,0.000568025487427881,0.541427251123797,3.03717350311257e-07,156,NA,NA,0,TRUE,TRUE,0.700000000000728,0.00259400662965056,0.120509665966481,0.00457565832021093,0.999999999258471,0.00115797927885467,0.058579761688622,0.00259578574872633,"HML","NATRES",210,0,12,"ALL","EW_VYP","L2_Lasso","linear",2023-05-10 16:54:16,3.03717350311257e-07,NA,NA,NA,NA,NA,NA,NA,NA,NA,NA,NA,NA,NA,NA,NA,NA,NA,NA
"Nelder-Mead18",0.776886370001801,-0.00316762360067036,NA,2.94723864759043e-07,156,NA,NA,0,TRUE,FALSE,0.710000000000036,0.00129494844341725,0.183552522422331,NA,0.99999970512184,0.000646083868775233,0.0732710417722489,NA,"SMB","NATRES",210,0,12,"ALL","EW_VYP","L2_Lasso","linear",2023-05-10 16:54:19,2.94723864759043e-07,1.01050447737851,0.00992362506184593,0.00401154046399897,NA,NA,NA,NA,NA,NA,NA,NA,NA,NA,NA,NA,NA,NA,NA
"Nelder-Mead26",0.741058470897896,-0.00104770121034546,NA,3.03341903171132e-07,216,NA,NA,0,TRUE,FALSE,1,0.00247633212301609,0.149590883056219,NA,0.999999876701463,0.00105988097405681,0.0598741947331144,NA,"HDY","NATRES",210,0,12,"ALL","EW_VYP","L2_Lasso","linear",2023-05-10 16:54:22,3.03341903171132e-07,NA,NA,NA,1.04025544680422,0.00789363853708717,0.0033576816035995,NA,NA,NA,NA,NA,NA,NA,NA,NA,NA,NA,NA
"Nelder-Mead36",0.199649741180855,0.00942602927355548,NA,2.61423963955359e-07,176,NA,NA,0,TRUE,FALSE,0.809999999999491,1.64682530042648e-05,0.000410872022595749,NA,0.99999999999985,6.52656212301919e-06,0.000165507727916859,NA,"QLT","NATRES",210,0,12,"ALL","EW_VYP","L2_Lasso","linear",2023-05-10 16:54:27,2.61423963955359e-07,NA,NA,NA,NA,NA,NA,-2.90240575449301,2.26321713763883e-05,9.62126019334225e-06,NA,NA,NA,NA,NA,NA,NA,NA,NA
"Nelder-Mead46",0.399871026310605,0.00176912448206083,NA,3.10605256831909e-07,192,NA,NA,0,TRUE,FALSE,1,0.000406026985920041,0.0665108517042061,NA,0.99999999625764,0.000787560987697455,0.0458035212591631,NA,"MOM","NATRES",210,0,12,"ALL","EW_VYP","L2_Lasso","linear",2023-05-10 16:54:32,3.10605256831909e-07,NA,NA,NA,NA,NA,NA,NA,NA,NA,-0.868340042930155,0.00243314333267728,0.00184528924117824,NA,NA,NA,NA,NA,NA
"Nelder-Mead56",-0.120956765534035,0.0134889789029998,NA,2.84092607759814e-07,286,NA,NA,0,TRUE,FALSE,1.27000000000044,0.00660507450977788,0.853569499221118,NA,0.701863564871312,0.00266629307188062,0.338701025335252,NA,"ESG","NATRES",210,0,12,"ALL","EW_VYP","L2_Lasso","linear",2023-05-10 16:54:38,2.84092607759814e-07,NA,NA,NA,NA,NA,NA,NA,NA,NA,NA,NA,NA,42.2629561464054,0.0285889138723638,0.0111649302992459,NA,NA,NA
"Nelder-Mead66",-0.0634933285757591,0.00364036906563128,NA,3.11714025696259e-07,184,NA,NA,0,TRUE,FALSE,0.539999999999964,0.000568923736920074,0.022883073203997,NA,0.999999997424221,0.000741535462915451,0.0453975412089773,NA,"LOV","NATRES",210,0,12,"ALL","EW_VYP","L2_Lasso","linear",2023-05-10 16:54:45,3.11714025696259e-07,NA,NA,NA,NA,NA,NA,NA,NA,NA,NA,NA,NA,NA,NA,NA,-0.460118505795981,0.00503818961780164,0.0025014826188167
"Nelder-Mead19",0.361564165728604,0.00528919861449486,0.720666800432178,9.63821216481249e-08,202,NA,NA,0,TRUE,TRUE,0.579999999999927,8.06584604231421e-05,0.00111657493122005,1.53389281593049e-05,0.999999999999922,4.29304224607969e-05,0.00144323260833757,2.70644850206905e-05,"HML","PD",210,0,12,"ALL","EW_VYP","L2_Lasso","linear",2023-05-10 16:54:47,9.63821216481249e-08,NA,NA,NA,NA,NA,NA,NA,NA,NA,NA,NA,NA,NA,NA,NA,NA,NA,NA
"Nelder-Mead110",0.196574883377818,0.0036511422260982,NA,1.08950133497394e-07,114,NA,NA,0,TRUE,FALSE,0.350000000000364,0.00277147686196796,0.254506341899008,NA,0.999999878558205,0.0028654270556098,0.219932375997096,NA,"SMB","PD",210,0,12,"ALL","EW_VYP","L2_Lasso","linear",2023-05-10 16:54:50,1.08950133497394e-07,0.566782986012896,0.0148034496899553,0.00743173356897917,NA,NA,NA,NA,NA,NA,NA,NA,NA,NA,NA,NA,NA,NA,NA
"Nelder-Mead27",0.450654434424563,0.0040424921959649,NA,1.01700802321041e-07,206,NA,NA,0,TRUE,FALSE,0.579999999999927,7.12481508198646e-05,0.00138094781358665,NA,1,4.44674130234909e-05,0.00119610918130472,NA,"HDY","PD",210,0,12,"ALL","EW_VYP","L2_Lasso","linear",2023-05-10 16:54:52,1.01700802321041e-07,NA,NA,NA,1.21741791588948,2.94357164997474e-05,2.76091087768615e-05,NA,NA,NA,NA,NA,NA,NA,NA,NA,NA,NA,NA
"Nelder-Mead37",-0.173785835510686,0.010242049228459,NA,1.02594482673143e-07,248,NA,NA,0,TRUE,FALSE,0.639999999999418,3.48386888791937e-05,0.000883954391832243,NA,0.999999999999259,1.51639920280306e-05,0.000377831937950314,NA,"QLT","PD",210,0,12,"ALL","EW_VYP","L2_Lasso","linear",2023-05-10 16:54:56,1.02594482673143e-07,NA,NA,NA,NA,NA,NA,-1.33682943083455,6.79262071169756e-05,2.98767256197743e-05,NA,NA,NA,NA,NA,NA,NA,NA,NA
"Nelder-Mead47",-0.147142203139975,0.00521846122808598,NA,1.11344086978457e-07,262,NA,NA,0,TRUE,FALSE,0.690000000000509,7.92389468751861e-05,0.00152075250779482,NA,0.999999999999792,0.000117300959556507,0.00180122907958913,NA,"MOM","PD",210,0,12,"ALL","EW_VYP","L2_Lasso","linear",2023-05-10 16:55:00,1.11344086978457e-07,NA,NA,NA,NA,NA,NA,NA,NA,NA,0.701711551826447,6.47926528481662e-05,0.000165732980817653,NA,NA,NA,NA,NA,NA
"Nelder-Mead57",0.21227492825961,0.00463713699650235,NA,8.10109356221568e-08,258,NA,NA,0,TRUE,FALSE,0.720000000000255,7.83858204137433e-07,0.00010544644925542,NA,0.999999999999991,8.24206171462009e-07,9.17016957565542e-05,NA,"ESG","PD",210,0,12,"ALL","EW_VYP","L2_Lasso","linear",2023-05-10 16:55:04,8.10109356221568e-08,NA,NA,NA,NA,NA,NA,NA,NA,NA,NA,NA,NA,-12.1677593131979,2.70061106161495e-06,1.97506509777432e-06,NA,NA,NA
"Nelder-Mead67",0.513753347307075,0.00174498421787085,NA,1.02917125534854e-07,182,NA,NA,0,TRUE,FALSE,0.5,0.00165691255109518,0.0665715394822401,NA,0.999999999993582,0.00080291152807211,0.0299431964724305,NA,"LOV","PD",210,0,12,"ALL","EW_VYP","L2_Lasso","linear",2023-05-10 16:55:06,1.02917125534854e-07,NA,NA,NA,NA,NA,NA,NA,NA,NA,NA,NA,NA,NA,NA,NA,0.813108990956912,0.000992198699066834,0.000997263652481887
"Nelder-Mead20",1.20941436130926,-0.00183816686025103,-0.889926008165019,2.27603102761453e-06,120,NA,NA,0,TRUE,TRUE,0.690000000000509,0.0019640314480294,0.130293125835546,0.00502932417591334,0.999999984150539,0.000719091759852557,0.0435841314732115,0.00183697821224601,"HML","PE",210,0,12,"ALL","EW_VYP","L2_Lasso","linear",2023-05-10 16:55:11,2.27603102761453e-06,NA,NA,NA,NA,NA,NA,NA,NA,NA,NA,NA,NA,NA,NA,NA,NA,NA,NA
"Nelder-Mead111",1.1992792987395,0.00170790654929427,NA,2.16744622114035e-06,158,NA,NA,0,TRUE,FALSE,1,2.40490775730856e-06,0.000351567468699286,NA,1,1.09988029537821e-06,0.000122574223661708,NA,"SMB","PE",210,0,12,"ALL","EW_VYP","L2_Lasso","linear",2023-05-10 16:55:17,2.16744622114035e-06,-1.15403014248912,6.00249502327791e-06,3.53604086683996e-06,NA,NA,NA,NA,NA,NA,NA,NA,NA,NA,NA,NA,NA,NA,NA
"Nelder-Mead28",1.05170140349541,0.00013629777274899,NA,2.15887082347986e-06,168,NA,NA,0,TRUE,FALSE,1.05000000000018,1.06627686624057e-05,0.00101820981309193,NA,0.999999999999999,3.92831360733422e-06,0.000340503730763675,NA,"HDY","PE",210,0,12,"ALL","EW_VYP","L2_Lasso","linear",2023-05-10 16:55:23,2.15887082347986e-06,NA,NA,NA,-1.61602505943456,8.46601202383045e-06,5.9659192643257e-06,NA,NA,NA,NA,NA,NA,NA,NA,NA,NA,NA,NA
"Nelder-Mead38",1.69297573992195,-0.00468288395602153,NA,2.94396509339975e-06,194,NA,NA,0,TRUE,FALSE,1.40999999999985,0.000721737713333966,0.0321412823599072,NA,0.999999998407544,0.000238434496339884,0.0107357965221022,NA,"QLT","PE",210,0,12,"ALL","EW_VYP","L2_Lasso","linear",2023-05-10 16:55:27,2.94396509339975e-06,NA,NA,NA,NA,NA,NA,0.825089139287601,0.00141548160218384,0.000488929606218282,NA,NA,NA,NA,NA,NA,NA,NA,NA
"Nelder-Mead48",1.51499545099964,-0.00330327111955609,NA,3.13480566010613e-06,192,NA,NA,0,TRUE,FALSE,1.36999999999989,2.78569186008844e-06,0.000503391006633539,NA,0.999999999999999,9.59099106779858e-07,0.000168307628602818,NA,"MOM","PE",210,0,12,"ALL","EW_VYP","L2_Lasso","linear",2023-05-10 16:55:31,3.13480566010613e-06,NA,NA,NA,NA,NA,NA,NA,NA,NA,0.868974291254571,1.20704569253324e-05,4.96132881200253e-06,NA,NA,NA,NA,NA,NA
"Nelder-Mead58",1.67174694739185,-0.00202344958055992,NA,2.43911088699175e-06,230,NA,NA,0,TRUE,FALSE,1.38999999999942,0.00139380506230066,0.0842206530418101,NA,0.999955118505509,0.00046596303347606,0.0281714986976248,NA,"ESG","PE",210,0,12,"ALL","EW_VYP","L2_Lasso","linear",2023-05-10 16:55:35,2.43911088699175e-06,NA,NA,NA,NA,NA,NA,NA,NA,NA,NA,NA,NA,12.9291514671526,0.00419016658881128,0.00145107504095024,NA,NA,NA
"Nelder-Mead68",0.990291115287373,0.00295664365590018,NA,2.22193771902745e-06,140,NA,NA,0,TRUE,FALSE,0.869999999999891,0.00155533847815877,0.0787902794330266,NA,0.999999997081209,0.00059233846830251,0.0287090600045347,NA,"LOV","PE",210,0,12,"ALL","EW_VYP","L2_Lasso","linear",2023-05-10 16:55:41,2.22193771902745e-06,NA,NA,NA,NA,NA,NA,NA,NA,NA,NA,NA,NA,NA,NA,NA,-1.76931753209883,0.00112886465850442,0.00068404466784543
"Nelder-Mead29",2.4538911947574,-0.0100537770402809,0.211378497957127,7.70102508690235e-07,220,NA,NA,0,TRUE,TRUE,1.10999999999967,0.00048329763397655,0.0866500266044687,0.00346342955866993,0.999999997587358,0.0002984898921982,0.0332634692939581,0.00129066454785681,"HML","RE",210,0,12,"ALL","EW_VYP","L2_Lasso","linear",2023-05-10 16:55:44,7.70102508690235e-07,NA,NA,NA,NA,NA,NA,NA,NA,NA,NA,NA,NA,NA,NA,NA,NA,NA,NA
"Nelder-Mead112",2.19298956786215,-0.00924931386249938,NA,7.67568330651977e-07,172,NA,NA,0,TRUE,TRUE,0.9399999999996,0.00117623029504655,0.0800885878793001,NA,0.99999999983817,0.000493195993857561,0.0307414250009717,NA,"SMB","RE",210,0,12,"ALL","EW_VYP","L2_Lasso","linear",2023-05-10 16:55:47,7.67568330651977e-07,-0.343321603458395,0.00395392801788293,0.00145279034051146,NA,NA,NA,NA,NA,NA,NA,NA,NA,NA,NA,NA,NA,NA,NA
"Nelder-Mead210",2.24651926599799,-0.00992628902561671,NA,7.71417258683538e-07,186,NA,NA,0,TRUE,FALSE,0.890000000000327,0.000958658684869969,0.0807272191910109,NA,0.999999999873637,0.000394129978723066,0.0309892381912153,NA,"HDY","RE",210,0,12,"ALL","EW_VYP","L2_Lasso","linear",2023-05-10 16:55:50,7.71417258683538e-07,NA,NA,NA,-0.363091302313278,0.00355833313126616,0.00131085492745863,NA,NA,NA,NA,NA,NA,NA,NA,NA,NA,NA,NA
"Nelder-Mead39",2.07193385109269,-0.000754466983904551,NA,7.17395534610023e-07,282,NA,NA,0,TRUE,FALSE,1.52000000000044,0.000733591107298644,0.0689178155746487,NA,0.999999404603141,0.000528520902735338,0.0312351835859281,NA,"QLT","RE",210,0,12,"ALL","EW_VYP","L2_Lasso","linear",2023-05-10 16:55:58,7.17395534610023e-07,NA,NA,NA,NA,NA,NA,-2.56942539156798,0.00540187668786192,0.00209315642724777,NA,NA,NA,NA,NA,NA,NA,NA,NA
"Nelder-Mead49",0.218632250709213,-0.000818552760625687,NA,5.16594597456217e-07,292,NA,NA,0,TRUE,TRUE,1.5,1.36290926323976e-05,0.00289285381462457,NA,0.999999999997518,9.26788977498664e-06,0.00131052998988948,NA,"MOM","RE",210,0,12,"ALL","EW_VYP","L2_Lasso","linear",2023-05-10 16:56:02,5.16594597456217e-07,NA,NA,NA,NA,NA,NA,NA,NA,NA,4.75673859890638,4.38637758430893e-05,3.32034138599669e-05,NA,NA,NA,NA,NA,NA
"Nelder-Mead59",2.3555360536778,-0.00968909174089721,NA,7.6144131556686e-07,286,NA,NA,0,TRUE,FALSE,1.60999999999967,0.000597914189313621,0.0803359426069026,NA,0.999997777448636,0.000227533679882074,0.0308385151336918,NA,"ESG","RE",210,0,12,"ALL","EW_VYP","L2_Lasso","linear",2023-05-10 16:56:09,7.6144131556686e-07,NA,NA,NA,NA,NA,NA,NA,NA,NA,NA,NA,NA,-5.97693022744389,0.00365913438009786,0.00134978691493949,NA,NA,NA
"Nelder-Mead69",2.50402210169018,-0.0112788505189674,NA,7.7007552134266e-07,210,NA,NA,0,TRUE,FALSE,0.980000000000473,0.00142244497692881,0.090332056671611,NA,0.999999972090613,0.000572760685022439,0.0346713104121496,NA,"LOV","RE",210,0,12,"ALL","EW_VYP","L2_Lasso","linear",2023-05-10 16:56:13,7.7007552134266e-07,NA,NA,NA,NA,NA,NA,NA,NA,NA,NA,NA,NA,NA,NA,NA,0.378678857083644,0.0041711599246504,0.00153520750166734
"Nelder-Mead30",2.01388960406332,-0.00388380174178459,-0.501764738602222,1.81665125006316e-07,194,NA,NA,0,TRUE,TRUE,0.519999999999527,0.000671732554690134,0.0521058460512829,0.00201033106413114,0.999999999968516,0.000321432949219807,0.021159745358459,0.000824797344731403,"HML","SEC",210,0,12,"ALL","EW_VYP","L2_Lasso","linear",2023-05-10 16:56:15,1.81665125006316e-07,NA,NA,NA,NA,NA,NA,NA,NA,NA,NA,NA,NA,NA,NA,NA,NA,NA,NA
"Nelder-Mead113",2.13146471577561,-0.00288378972176011,NA,1.87818448555168e-07,140,NA,NA,0,TRUE,TRUE,0.260000000000218,0.000370122747050677,0.0487997117386919,NA,0.999999999994145,0.000179085769234336,0.0197655927903803,NA,"SMB","SEC",210,0,12,"ALL","EW_VYP","L2_Lasso","linear",2023-05-10 16:56:17,1.87818448555168e-07,-0.226292833548973,0.00215154215662095,0.000866099645415614,NA,NA,NA,NA,NA,NA,NA,NA,NA,NA,NA,NA,NA,NA,NA
"Nelder-Mead211",2.0256165234127,-0.00298283471645279,NA,1.85780764523805e-07,206,NA,NA,0,TRUE,TRUE,0.639999999999418,0.000758238924766788,0.0500927839531219,NA,0.99999999993728,0.000334244391297766,0.020295076097808,NA,"HDY","SEC",210,0,12,"ALL","EW_VYP","L2_Lasso","linear",2023-05-10 16:56:20,1.85780764523805e-07,NA,NA,NA,-0.622639108885455,0.00215302925266109,0.0008678950116061,NA,NA,NA,NA,NA,NA,NA,NA,NA,NA,NA,NA
"Nelder-Mead310",2.44813716676006,-0.00906302170243141,NA,1.86154606084678e-07,188,NA,NA,0,TRUE,FALSE,0.559999999999491,0.00132215559293709,0.0652868915811019,NA,0.999999878680842,0.000539251526011761,0.026714865026792,NA,"QLT","SEC",210,0,12,"ALL","EW_VYP","L2_Lasso","linear",2023-05-10 16:56:23,1.86154606084678e-07,NA,NA,NA,NA,NA,NA,1.57324364740802,0.00330668180577483,0.00131030931930703,NA,NA,NA,NA,NA,NA,NA,NA,NA
"Nelder-Mead410",2.22328280534635,0.00169609423808807,NA,1.84257150370418e-07,234,NA,NA,0,TRUE,FALSE,0.729999999999563,0.000370541280880545,0.0328183087053186,NA,0.999999997207256,0.000148626927527281,0.0130262053558302,NA,"MOM","SEC",210,0,12,"ALL","EW_VYP","L2_Lasso","linear",2023-05-10 16:56:27,1.84257150370418e-07,NA,NA,NA,NA,NA,NA,NA,NA,NA,-1.62840858819769,0.00157505072473597,0.000640139241562351,NA,NA,NA,NA,NA,NA
"Nelder-Mead510",2.09603753389152,-0.00270532704566726,NA,1.81336051291909e-07,234,NA,NA,0,TRUE,FALSE,0.6899999999996,4.07830732580044e-06,0.00196908106074721,NA,0.999999999982421,1.59642162181498e-06,0.000797137895328463,NA,"ESG","SEC",210,0,12,"ALL","EW_VYP","L2_Lasso","linear",2023-05-10 16:56:29,1.81336051291909e-07,NA,NA,NA,NA,NA,NA,NA,NA,NA,NA,NA,NA,8.37195393691045,4.7276457714759e-05,2.46538037516643e-05,NA,NA,NA
"Nelder-Mead610",1.64263554069839,0.0007972344810201,NA,1.76316242985946e-07,156,NA,NA,0,TRUE,TRUE,0.469999999999345,0.000624657045827096,0.0323063605640637,NA,0.999999999895016,0.000276186746707706,0.012889390808389,NA,"LOV","SEC",210,0,12,"ALL","EW_VYP","L2_Lasso","linear",2023-05-10 16:56:33,1.76316242985946e-07,NA,NA,NA,NA,NA,NA,NA,NA,NA,NA,NA,NA,NA,NA,NA,-1.11306146335682,0.000960872460452364,0.000474961447246001
"Nelder-Mead40",1.18935702577281,-0.00483648632994849,-2.2407897786146,1.47258004962018e-06,154,NA,NA,0,TRUE,FALSE,0.940000000000509,0.000146115864389686,0.00571139889764195,0.000194419040039943,0.999999999985054,5.11844225133917e-05,0.00197165762357447,7.27827346604056e-05,"HML","VC",210,0,12,"ALL","EW_VYP","L2_Lasso","linear",2023-05-10 16:56:42,1.47258004962018e-06,NA,NA,NA,NA,NA,NA,NA,NA,NA,NA,NA,NA,NA,NA,NA,NA,NA,NA
"Nelder-Mead114",1.32095946054848,0.00306301557926438,NA,1.50636788657315e-06,166,NA,NA,0,TRUE,FALSE,1.02999999999975,0.00124629617461307,0.053418516312735,NA,0.999999964786175,0.000632626457673568,0.0224044801984824,NA,"SMB","VC",210,0,12,"ALL","EW_VYP","L2_Lasso","linear",2023-05-10 16:56:48,1.50636788657315e-06,-2.86977552957697,0.00178882096268347,0.000873269787532918,NA,NA,NA,NA,NA,NA,NA,NA,NA,NA,NA,NA,NA,NA,NA
"Nelder-Mead212",0.744056714712176,0.000763957402135786,NA,1.38016820092818e-06,152,NA,NA,0,TRUE,FALSE,0.970000000000255,0.00180472999034951,0.0890625171771949,NA,0.999999973592011,0.000726879264463809,0.0345440442844683,NA,"HDY","VC",210,0,12,"ALL","EW_VYP","L2_Lasso","linear",2023-05-10 16:56:54,1.38016820092818e-06,NA,NA,NA,-4.05158126721207,0.00106983438202607,0.000721769341622603,NA,NA,NA,NA,NA,NA,NA,NA,NA,NA,NA,NA
"Nelder-Mead311",2.30579138052814,-0.013288288901867,NA,1.95622160962932e-06,128,NA,NA,0,TRUE,FALSE,0.699999999999818,0.00221231873624413,0.142416450360562,NA,0.999998910885786,0.000741566316312849,0.0476301350954516,NA,"QLT","VC",210,0,12,"ALL","EW_VYP","L2_Lasso","linear",2023-05-10 16:56:57,1.95622160962932e-06,NA,NA,NA,NA,NA,NA,2.8278502903189,0.0039706436664004,0.00136806874716216,NA,NA,NA,NA,NA,NA,NA,NA,NA
"Nelder-Mead411",2.46499320746977,-0.00891252708704176,NA,2.33278931992495e-06,122,NA,NA,0,TRUE,FALSE,0.699999999999818,0.00263454799416275,0.126529515476405,NA,0.999999758268671,0.00088285171274402,0.0424203712292055,NA,"MOM","VC",210,0,12,"ALL","EW_VYP","L2_Lasso","linear",2023-05-10 16:57:00,2.33278931992495e-06,NA,NA,NA,NA,NA,NA,NA,NA,NA,0.803173221359029,0.00586065343069628,0.00200742453835734,NA,NA,NA,NA,NA,NA
"Nelder-Mead511",2.52777320133983,-0.00655433348794535,NA,1.88539887850805e-06,190,NA,NA,0,TRUE,FALSE,1.1899999999996,0.00118570696934352,0.100539579054291,NA,0.999902895221056,0.000397861743693192,0.0337856135566713,NA,"ESG","VC",210,0,12,"ALL","EW_VYP","L2_Lasso","linear",2023-05-10 16:57:04,1.88539887850805e-06,NA,NA,NA,NA,NA,NA,NA,NA,NA,NA,NA,NA,18.0480639711828,0.00382588942378849,0.00134651805096638,NA,NA,NA
"Nelder-Mead611",1.48637785842214,0.0019873343031058,NA,1.75594432220145e-06,196,NA,NA,0,TRUE,FALSE,1.19999999999982,0.00113423930475548,0.0667910150915019,NA,0.999999956427688,0.000504886454401467,0.0274869835095624,NA,"LOV","VC",210,0,12,"ALL","EW_VYP","L2_Lasso","linear",2023-05-10 16:57:11,1.75594432220145e-06,NA,NA,NA,NA,NA,NA,NA,NA,NA,NA,NA,NA,NA,NA,NA,-2.95101755014433,0.00193054212482633,0.000962003376380611
