Date;MKT_World;HML_World;SMB_World;ESG_World;HDY_World;LOV_World;MOM_World;QLT_World;RF_World
1969-12-31;0;0;0;0;0;0;0;0;0
1970-01-31;-0,05472;0;0;0;0;0;0;0;-0,003303661
1970-02-28;0,032053995;0;0;0;0;0;0;0;0,002301922
1970-03-31;0,003987372;0;0;0;0;0;0;0;-0,011148978
1970-04-30;-0,092601101;0;0;0;0;0;0;0;0,007643517
1970-05-31;-0,062108307;0;0;0;0;0;0;0;-0,007222835
1970-06-30;-0,023609295;0;0;0;0;0;0;0;-0,009765986
1970-07-31;0,063104351;0;0;0;0;0;0;0;0,02469939
1970-08-31;0,033967062;0;0;0;0;0;0;0;0,007444918
1970-09-30;0,033242422;0;0;0;0;0;0;0;-7,6858E-05
1970-10-31;-0,013782211;0;0;0;0;0;0;0;0,002417371
1970-11-30;0,023386424;0;0;0;0;0;0;0;0,014902484
1970-12-31;0,050602384;0;0;0;0;0;0;0;0,026216776
1971-01-31;0,04691023;0;0;0;0;0;0;0;0,021391024
1971-02-28;0,011431077;0;0;0;0;0;0;0;-0,000998317
1971-03-31;0,044773962;0;0;0;0;0;0;0;0,003943144
1971-04-30;0,033503942;0;0;0;0;0;0;0;0,005264425
1971-05-31;-0,022914659;0;0;0;0;0;0;0;0,001694382
1971-06-30;0,010977169;0;0;0;0;0;0;0;-0,009331887
1971-07-31;-0,015202977;0;0;0;0;0;0;0;0,007903259
1971-08-31;0,022647428;0;0;0;0;0;0;0;0,01322011
1971-09-30;-0,008727397;0;0;0;0;0;0;0;0,011407407
1971-10-31;-0,036936163;0;0;0;0;0;0;0;0,011100881
1971-11-30;0,009329813;0;0;0;0;0;0;0;0,006008616
1971-12-31;0,0909184;0;0;0;0;0;0;0;0,011160293
1972-01-31;0,037451042;0;0;0;0;0;0;0;0,024529185
1972-02-29;0,039249231;0;0;0;0;0;0;0;0,014863577
1972-03-31;0,014586004;0;0;0;0;0;0;0;-0,004210162
1972-04-30;0,013994087;0;0;0;0;0;0;0;-0,010774592
1972-05-31;0,021086075;0;0;0;0;0;0;0;0,011928173
1972-06-30;-0,022511527;0;0;0;0;0;0;0;-0,005689309
1972-07-31;0,016208842;0;0;0;0;0;0;0;0,008123795
1972-08-31;0,029147421;0;0;0;0;0;0;0;0,008825325
1972-09-30;-0,014503648;0;0;0;0;0;0;0;0,006968731
1972-10-31;0,00893645;0;0;0;0;0;0;0;-0,013998439
1972-11-30;0,053195668;0;0;0;0;0;0;0;-0,002900043
1972-12-31;0,018973356;0;0;0;0;0;0;0;0,002950961
1973-01-31;0,003004351;0;0;0;0;0;0;0;0,007402942
1973-02-28;0,007540024;0;0;0;0;0;0;0;0,01103575
1973-03-31;0,002029798;0;0;0;0;0;0;0;-0,002514484
1973-04-30;-0,049694101;0;0;0;0;0;0;0;-0,00621867
1973-05-31;-0,002282335;0;0;0;0;0;0;0;-0,014912994
1973-06-30;0,006984958;0;0;0;0;0;-0,002130295;0;-0,007040292
1973-07-31;0,024545662;0;0;0;0;0;-0,025089173;0;-0,002791213
1973-08-31;-0,040865988;0;0;0;0;0;0,010835777;0;0,026640375
1973-09-30;0,029645461;0;0;0;0;0;-0,041792723;0;8,37899E-05
1973-10-31;0,010802262;0;0;0;0;0;0,002818623;0;0,013141019
1973-11-30;-0,128905404;0;0;0;0;0;0,016985534;0;0,005244844
1973-12-31;-0,007417089;0;0;0;0;0;-0,02207503;0;0,003037465
1974-01-31;0,008514626;0;0;0;0;0;0,052983858;0;0,008403441
1974-02-28;0,016444918;0;0;0;0;0;-0,021884874;0;-0,02144352
1974-03-31;-0,024382556;0;0;0;0;0;-0,006452943;0;0,003688999
1974-04-30;-0,015751212;0;0;0;0;0;0,044252093;0;0,007911433
1974-05-31;-0,039318835;0;0;0;0;0;0,030196124;0;-0,005018012
1974-06-30;-0,030488899;0;0;0;0;0;-0,002530622;0;0,006532813
1974-07-31;-0,058181338;0;0;0;0;0;0,017949395;0;0,005641642
1974-08-31;-0,095362392;0;0;0;0;0;0,019879435;0;0,007828261
1974-09-30;-0,092022256;0;0;0;0;0;0,036516003;0;0,004464341
1974-10-31;0,097065926;0;0;0;0;0;-0,142508823;0;0,010630846
1974-11-30;-0,014369069;0;0;0;0;0;0,091684505;0;0,031449723
1974-12-31;-0,015273769;0;0;0;0;0;-0,009977498;0;0,019977344
1975-01-31;0,147137478;0,00971;0;0;0;0;-0,099757844;0;0,065863088
1975-02-28;0,089547646;-0,036829077;0;0;0;0;-0,015835173;0;0,047873353
1975-03-31;0,008455863;-0,015587245;0;0;0;0;0,017080243;0;-0,016774808
1975-04-30;0,042510396;-6,38037E-05;0;0;0;0;-0,018792353;0;0,013838753
1975-05-31;0,024682715;0,003384411;0;0;0;0;-0,014722412;0;0,02896887
1975-06-30;0,013593282;0,027494343;0;0;0;0;-0,021239962;0;-0,001622525
1975-07-31;-0,054325845;0,027470802;0;0;0;0;0,025159779;0;-0,063756717
1975-08-31;-0,014355455;0,006945619;0;0;0;0;0,046103842;0;0,000267324
1975-09-30;-0,04090179;0,016999014;0;0;0;0;0,019692501;0;-0,022446755
1975-10-31;0,070027618;-0,011224501;0;0;0;0;-0,018756868;0;0,02740091
1975-11-30;0,028350896;-0,010178527;0;0;0;0;0,004698294;0;-0,01230441
1975-12-31;0,00183264;0,024751135;0;0;0;0;0,019472737;-0,010556896;0,007679764
1976-01-31;0,090366812;0,004472004;0;0;0;0;-0,016128401;-0,000384606;0,003360434
1976-02-29;-0,006506485;0,01741349;0;0;0;0;-0,002987381;-0,007612824;0,010786789
1976-03-31;0,012775143;0,007905108;0;0;0;0;0,015357054;0,00423166;-0,007691829
1976-04-30;-0,006364994;0,021659603;0;0;0;0;0,004548903;-0,006528863;-0,004953779
1976-05-31;-0,015729878;0,007967721;0;0;0;0;-0,003252474;0,011806736;-0,015105884
1976-06-30;0,031732736;0,006205215;0;0;0;0;-0,007870224;-0,003715013;0,005168664
1976-07-31;-0,008377099;0,012692925;0;0;0;0;-0,005027079;-0,001984693;0,00167874
1976-08-31;-0,001347601;0,003141075;0;0;0;0;-0,013401481;-0,007582934;0,016156963
1976-09-30;0,0093879;0,024047414;0;0;0;0;-0,005785192;0,001709401;0,027854275
1976-10-31;-0,034032674;0,007684916;0;0;0;0;0,009399388;0,005320759;0,016259075
1976-11-30;-0,002864669;0,011143085;0;0;0;0;0,009781351;-0,008661276;0,023577851
1976-12-31;0,07624001;0,011188079;0;0;0;0;-0,005216567;-0,014417339;0,014709829
1977-01-31;-0,032587292;0,035479109;0;0;0;0;-0,001952278;-0,020941841;-0,002587377
1977-02-28;-0,003354165;-0,000871887;0;0;0;0;-0,008652173;-0,008612346;0,01099052
1977-03-31;-0,005177621;0,016289729;0;0;0;0;-0,010305693;-0,004585216;0,021178116
1977-04-30;0,012028336;0,031823706;0;0;0;0;0,009086952;-0,015841757;0,027111718
1977-05-31;-0,012521071;0,013883154;0;0;0;0;0,005464557;-0,006198877;0,0053721
1977-06-30;0,038748363;-0,013863068;0;0;0;0;-0,014523917;0,009586556;0,010174822
1977-07-31;-0,012325219;0,009637974;0;0;0;0;0,007800059;-0,00169729;0,012787512
1977-08-31;0,004794202;-0,029338615;0;0;0;0;0,021449813;0,006758244;0,005059794
1977-09-30;0,013549166;-0,002652922;0;0;0;0;0,018815587;-0,002856655;0,007997609
1977-10-31;-0,01593642;0,004749241;0;0;0;0;-0,009978911;-0,016657106;0,02193586
1977-11-30;0,013697088;-9,28806E-06;0;0;0;0;-0,012111371;0,006220079;0,00987316
1977-12-31;0,020965481;0,019279485;0;0;0;0;0,004131271;-0,017862866;0,057391012
1978-01-31;-0,028311185;0,002459035;0;0;0;0;0,010464257;-0,014536211;0,009698229
1978-02-28;-0,006449808;0,017269612;0;0;0;0;0,003712475;-0,014412237;0,035501972
1978-03-31;0,046518996;0,017543237;0;0;0;0;0,013750816;-0,017398437;0,019958334
1978-04-30;0,046173512;-0,027824197;0;0;0;0;-0,043144044;0,028812339;-0,020807805
1978-05-31;0,013768666;-3,92389E-05;0;0;0;0;0,002101735;0,003384971;-0,008270528
1978-06-30;0,011114001;-0,007983745;0;0;0;0;-0,018249522;-0,017324913;0,007451439
1978-07-31;0,073310287;-0,01382997;0;0;0;0;-0,014618068;-0,008946761;0,005479689
1978-08-31;0,024059482;-0,000240618;0;0;0;0;-0,006779976;0,004239327;0,025300574
1978-09-30;0,012700352;0,02207781;0;0;0;0;-0,006027281;-0,019798456;0,030424885
1978-10-31;-0,018295879;0,003307145;0;0;0;0;-0,019367958;-0,051754842;0,092029116
1978-11-30;-0,034184795;0,012187647;0;0;0;0;0,049057206;0,041099118;-0,087547301
1978-12-31;0,033866969;-0,006905244;0;0;0;0;-0,010831182;-0,012797277;0,053496681
1979-01-31;0,026823602;0,015568469;0;0;0;0;0,006047326;0,010060274;-0,026527633
1979-02-28;-0,017941639;0,00643236;0;0;0;0;-0,011936706;-0,008404894;0,002308106
1979-03-31;0,04309052;-0,005903656;0;0;0;0;-0,008529926;0,014462544;-0,002962321
1979-04-30;-0,00025146;0,004079664;0;0;0;0;-0,003287934;0,006706859;-0,021662471
1979-05-31;-0,016113863;-0,002607537;0;0;0;0;0,012415926;0,0058126;-0,023637529
1979-06-30;0,030049072;0,013134434;0;0;0;0;-0,004116273;-0,009546323;0,034126296
1979-07-31;0,008718829;0,003815402;0;0;0;0;-0,008956844;-0,003984782;0,019514404
1979-08-31;0,041361346;-0,008152201;0;0;0;0;0,006110323;0,019316685;0,016300939
1979-09-30;0,023683197;-0,00375594;0;0;0;0;0,040819735;-0,007684064;0,040698452
1979-10-31;-0,073274262;-0,014449007;0;0;0;0;0,048421584;0,004135914;-0,047100508
1979-11-30;0,032035387;-0,015786978;0;0;0;0;0,020907335;0,007678975;0,046629813
1979-12-31;0,027961536;-0,00128356;0;0;0;0;-0,018396138;0,000649769;0,014583429
1980-01-31;0,06144456;-0,000816948;0;0;0;0;0,045702711;0,011254148;-0,014733917
1980-02-29;0,001682781;-0,007057323;0;0;0;0;0,075523648;0,012530653;-0,039609747
1980-03-31;-0,106437105;0,028926607;0;0;0;0;-0,030622064;0,000788741;-0,108618185
1980-04-30;0,066849659;0,012563323;0;0;0;0;-0,030825163;-0,025051494;0,114717521
1980-05-31;0,050591866;0,003152581;0;0;0;0;-0,024358431;-0,004165434;0,045724196
1980-06-30;0,049262666;-0,007953154;0;0;0;0;-0,007812474;0,001735416;0,02850951
1980-07-31;0,031936274;-0,010655969;0;0;0;0;-0,002619135;0,03340227;0,007210908
1980-08-31;0,020785383;-0,001018557;0;0;0;0;-0,00673748;-0,006113986;-0,011213795
1980-09-30;0,031241328;-0,026113965;0;0;0;0;0,029609264;0,010417931;-0,015912626
1980-10-31;0,030336923;-0,019536532;0;0;0;0;0,042203967;0,006385116;-0,047030951
1980-11-30;0,042922904;-0,02255054;0;0;0;0;0,061512003;0,052256398;-0,015740515
1980-12-31;-0,020711217;0,026810897;0;0;0;0;-0,050532306;-0,031498423;-0,023699924
1981-01-31;-0,027909969;0,023295618;0;0;0;0;-0,019094393;-0,017527756;-0,070623106
1981-02-28;0,004073429;-0,005849816;0;0;0;0;0,010218958;0,013870248;-0,061354721
1981-03-31;0,03679869;0,036143153;0;0;0;0;-0,023720775;-0,02608081;0,032632316
1981-04-30;0,001535947;0,054276872;0;0;0;0;-0,009323825;-0,013997257;-0,053899409
1981-05-31;-0,018541078;0,009587658;0;0;0;0;0,018663241;0,014507501;-0,07584484
1981-06-30;-0,000538261;0,016843468;0;0;0;0;-0,009691684;0,005108094;-0,002255857
1981-07-31;-0,015911356;-0,015534519;0;0;0;0;0,026678973;0,033208624;-0,032466435
1981-08-31;-0,018521014;0,001955196;0;0;0;0;-0,003883674;-0,023384411;-0,001160788
1981-09-30;-0,074038165;0,023804316;0;0;0;0;-0,018945879;-0,002874162;0,077328756
1981-10-31;0,031887979;-0,018481347;0;0;0;0;-0,017291951;0,012981681;0,032507641
1981-11-30;0,075510071;0,004150336;0;0;0;0;-0,064109806;-0,026540177;0,052692997
1981-12-31;-0,020108194;-0,002508373;0;0;0;0;0,017726363;-0,003316573;-0,01679884
1982-01-31;-0,013537302;0,00439324;0;0;0;0;0,039161083;0,002731995;-0,022869465
1982-02-28;-0,059596518;0,026399408;0;0;0;0;0,045530944;0,003836031;-0,028526382
1982-03-31;-0,026294572;0,004315314;0;0;0;0;0,015453563;0,010607585;0,002279096
1982-04-30;0,050239716;-0,013511214;0;0;0;0;-0,028084732;-0,004705458;0,062100453
1982-05-31;-0,024458345;0,003389952;0;0;0;0;0,01044703;0,009421414;-0,002086832
1982-06-30;-0,044066101;0,000443854;0;0;0;0;0,0374279;0,014339763;-0,076659253
1982-07-31;-0,011794105;-0,020494497;0;0;0;0;0,032110436;0,001479113;0,012276042
1982-08-31;0,073594404;0,005118731;0;0;0;0;-0,021560438;0,022572605;0,004936159
1982-09-30;0,005635415;-0,021088573;0;0;0;0;0,016670232;0,024308104;0,007591236
1982-10-31;0,069671431;0,010112039;0;0;0;0;0,025560835;0,014598851;0,003302805
1982-11-30;0,053878172;-0,007720668;0;0;0;0;-0,000343666;-0,016669816;0,03288417
1982-12-31;0,045764351;0,00755356;0;0;0;0;-0,032397778;-0,022412231;0,058871253
1983-01-31;0,022170479;0,020894806;0;0;0;0;-0,00120738;0,012668972;-0,022712801
1983-02-28;0,021809502;-0,00071206;0;0;0;0;0,017025698;-0,004201098;0,017066963
1983-03-31;0,035992889;0,011427844;0;0;0;0;0,003117805;0,003048472;-0,005867421
1983-04-30;0,07217896;0,010751621;0;0;0;0;-0,001223627;-0,007972027;-0,012802604
1983-05-31;-0,009055582;0,007278984;0;0;0;0;-0,015800845;-0,001822477;-0,044623879
1983-06-30;0,032144068;-0,019385699;0;0;0;0;0,014811227;0,012491178;0,001072956
1983-07-31;-0,017115978;0,015703069;0;0;0;0;0,005300936;-0,009949776;-0,038638411
1983-08-31;0,006107172;0,015629515;0;0;0;0;-0,010349023;0,0108295;-0,025418723
1983-09-30;0,020998497;-0,003253661;0;0;0;0;-0,01285388;-0,019208329;0,028657066
1983-10-31;-0,011025697;0,011514354;0;0;0;0;-0,002833088;-0,001422853;0,012573494
1983-11-30;0,026588059;-0,001317308;0;0;0;0;0,031202448;0,004254678;-0,021976987
1983-12-31;0,013519125;0,00441092;0;0;0;0;0,010239927;-0,012572416;-0,006666508
1984-01-31;0,00901905;0,03536424;0;0;0;0;-0,01264781;-0,01475304;-0,023927747
1984-02-29;-0,015766156;-0,000267503;0;0;0;0;-0,030283227;-0,011305328;0,096957637
1984-03-31;0,047704268;-0,018745444;0;0;0;0;-0,011812805;-0,027701416;0,005960145
1984-04-30;-0,003002281;0,006571701;0;0;0;0;0,012726181;0,016941373;-0,037469523
1984-05-31;-0,074307352;-0,00166651;0;0;0;0;0,003101199;0,027116916;-0,006376
1984-06-30;0,009335651;-0,020322344;0;0;0;0;0,011734509;0,021794845;-0,010267253
1984-07-31;-0,034473542;-0,003120874;0;0;0;0;-0,009471749;0,020220189;-0,032619544
1984-08-31;0,101058385;0,001757761;0;0;0;0;-0,027050015;-0,006533045;0,0208342
1984-09-30;-0,003157369;0,016781578;0;0;0;0;0,018552735;0,011499992;-0,043118894
1984-10-31;0,011320412;-0,024924081;0;0;0;0;0,064301603;0,002389073;0,026736193
1984-11-30;-0,003129015;0,004522715;0;0;0;0;0,051001046;-0,003578491;-0,00185672
1984-12-31;0,021451137;0,001289417;0;0;0;0;0,028119583;0,006346974;-0,008565176
1985-01-31;0,055751114;-0,0085509;0;0;0;0;-0,026697643;0,014401834;-0,007696327
1985-02-28;0,002460157;-0,003197982;0;0;0;0;0,051761974;0,007323048;-0,065635851
1985-03-31;0,035226845;-0,001171151;0;0;0;0;-0,010834619;-0,02741679;0,092590943
1985-04-30;-0,002240643;0,024559686;0;0;0;0;-0,018112483;-0,001372534;0,007959584
1985-05-31;0,051898012;-0,000410594;0;0;0;0;-0,005698576;0,003168935;0,030446834
1985-06-30;0,018322312;0,004862605;0;0;0;0;0,001443348;-0,01460536;0,021622346
1985-07-31;0,021110592;-0,012050749;0;0;0;0;-0,043574316;-0,029074769;0,086103448
1985-08-31;0,008657895;0,013929438;0;0;0;0;0,019259625;0,00063535;0,018416588
1985-09-30;0,007927119;0,011001584;0;0;0;0;-0,004679483;-0,039202266;0,051126485
1985-10-31;0,054273264;0,006447033;0;0;0;0;-0,009390177;-0,003409832;0,012847766
1985-11-30;0,056325916;-0,013131755;0;0;0;0;-0,030705581;0,006669083;0,049604724
1985-12-31;0,047217541;-0,005328427;0;0;0;0;0,02287631;-0,003486222;0,038474933
1986-01-31;0,015180856;0,005948522;0;0;0;0;-0,012449943;-0,003260599;0,028991997
1986-02-28;0,090490843;-0,003972524;0;0;0;0;-0,030823159;-0,027989997;0,092905729
1986-03-31;0,098075614;-0,013514517;0;0;0;0;0,050657859;-0,019881122;-0,026535071
1986-04-30;0,027802153;0,005780589;0;0;0;0;-0,013442218;-0,017838438;0,0789602
1986-05-31;-0,00260629;-0,01047291;0;0;0;0;0,013072663;0,034355851;-0,082289313
1986-06-30;0,040405522;0,001548518;0;0;0;0;-0,036134305;-0,015882763;0,072395526
1986-07-31;0,008303365;-0,026858629;0;0;0;0;0,008144554;-0,050517591;0,037141472
1986-08-31;0,087643678;0,034573548;0;0;0;0;-0,021138075;-0,022600678;0,036141397
1986-09-30;-0,039467642;0,016696738;0;0;0;0;-0,031200091;-0,040791531;-0,012378807
1986-10-31;-0,016931427;0,014478716;0;0;0;0;0,035985862;0,066232853;-0,021581413
1986-11-30;0,042561596;-0,004520745;0;0;0;0;-0,012504087;-0,018990376;0,060094493
1986-12-31;0,020175231;-0,009283106;0;0;0;0;0,006416204;-0,024273321;0,023463267
1987-01-31;0,117709287;-0,060730478;0;0;0;0;-0,040424878;-0,032244011;0,064775556
1987-02-28;0,033183265;-0,018825855;0;0;0;0;0,015575648;0,009472642;0,008549773
1987-03-31;0,062132412;-0,02377965;0;0;0;0;-0,030047215;-0,041136009;0,031477141
1987-04-30;0,058837293;-0,019445703;0;0;0;0;-0,002630063;-0,063572693;0,01853974
1987-05-31;0,001572797;0,041598182;0;0;0;0;-0,009997963;0,010590622;-0,00686999
1987-06-30;-0,000401234;0,042300153;0;0;0;0;-0,058571589;0,032216615;-0,015335665
1987-07-31;0,020156295;0,013072942;0;0;0;0;-0,01910093;0,032832536;-0,003439563
1987-08-31;0,059282623;-0,027950631;0;0;0;0;0,006859149;-0,030174363;0,001239143
1987-09-30;-0,017251616;0,03930277;0;0;0;0;-0,004903288;0,004003383;-0,017766027
1987-10-31;-0,169630614;0,008020684;0;0;0;0;-0,000548683;-0,061911713;0,074281803
1987-11-30;-0,024131699;0,012796738;0;0;0;0;-0,012011597;-0,062879255;0,07462133
1987-12-31;0,043518984;0,020541338;0;0;0;0;-0,080114507;-0,018199429;0,045333577
1988-01-31;0,024592327;0,00807766;0;0;0;0;0,041546617;0,014920952;-0,056475072
1988-02-29;0,058223692;-0,00835151;0;0;0;0;0,011100262;0,002566861;0,01171914
1988-03-31;0,030381958;0,011661027;0;0;0;0;0,005632514;-0,043658259;0,027052026
1988-04-30;0,01279759;0,025912785;0;0;0;0;0,001312007;-0,010053925;-0,017426731
1988-05-31;-0,019801927;0,015690192;0;0;0;0;-0,005789822;0,008725961;-0,029239975
1988-06-30;-0,001204709;0,021105484;0;0;0;-0,006820145;0,055160356;0,046735216;-0,049397329
1988-07-31;0,018986454;0,024475088;0;0;0;-0,006891775;0,039666733;-0,010317127;-0,038303465
1988-08-31;-0,054762398;-0,016016953;0;0;0;0,008469576;0,006869126;0,020425112;0,003079149
1988-09-30;0,0426109;-0,012049269;0;0;0;-0,015903962;0,002399181;0,005781806;0,019870339
1988-10-31;0,066742046;-0,011165383;0;0;0;-0,024813839;-0,085383825;-0,036297664;0,065978007
1988-11-30;0,034991411;-0,003804959;0;0;0;-0,004830847;0,003549206;-0,04601668;0,030677621
1988-12-31;0,009209149;0,00080149;0;0;0;-0,003026004;-0,019383935;0,011622489;-0,022669523
1989-01-31;0,036350771;0,012618365;0;0;0;0,004059653;0,024560508;0,045444765;-0,060351509
1989-02-28;-0,00613108;0,010087086;0;0;0;-0,002315705;0,036828551;-0,009978491;0,011586453
1989-03-31;-0,006248172;-0,001600163;0;0;0;0,018602307;0,031469523;0,03257283;-0,026676264
1989-04-30;0,023244882;0,004345284;0;0;0;0,011779456;0,01015574;0,012018544;0,016156082
1989-05-31;-0,024353914;0,008630536;0;0;0;0,017174256;0,034203623;0,048301473;-0,056769967
1989-06-30;-0,011116871;0,006615232;0;0;0;0,020921418;-0,006033731;0,005480814;0,027527331
1989-07-31;0,113172592;-0,024669755;0;0;0;-0,028830501;-0,036186611;-0,017655938;0,066237349
1989-08-31;-0,024048349;0,00661102;0;0;0;0,014686239;0,015863442;0,051568314;-0,054574644
1989-09-30;0,028399482;0,002388737;0;0;0;0,00669124;-0,014282079;-0,036194505;0,036078398
1989-10-31;-0,033189926;-0,004660245;0;0;0;0,02443692;0,012308612;-0,003495877;0,010863233
1989-11-30;0,040090049;-0,012296717;0;0;0;-0,015467904;-0,021501109;-0,00885161;0,018313615
1989-12-31;0,032307447;0,009115909;0;0;0;0,012255873;-0,012826136;-0,004183471;0,053096341
1990-01-31;-0,046538111;0,015140336;0;0;0;0,006425605;-0,01007801;-0,008049825;0,006197
1990-02-28;-0,042717006;0,016317662;0;0;0;0,020617572;0,02798366;0,030071372;0,006001807
1990-03-31;-0,060218159;0,00484779;0;0;0;0,017010268;0,059053818;0,078137413;0,006162594
1990-04-30;-0,014233045;-0,004420555;0;0;0;-0,024570449;-0,038867239;0,001347537;0,006679601
1990-05-31;0,105492632;-0,023515691;0;0;0;-0,017923238;-0,030798252;-0,007978013;0,007581366
1990-06-30;-0,006958037;-0,00508707;0;0;0;0,008581738;0,029954734;0,02353873;0,006390785
1990-07-31;0,009282523;0,00418993;0;0;0;0,018640774;0,006354989;-0,011515216;0,007480388
1990-08-31;-0,093434869;-0,001159447;0;0;0;-0,004011144;-0,007047802;-0,005655525;0,007696942
1990-09-30;-0,105261873;0,010621385;0;0;0;0,019644163;0,037942464;0,028062128;0,005892992
1990-10-31;0,093560403;-0,024376942;0;0;0;0,006353209;-0,075185353;-0,063183754;0,006785274
1990-11-30;-0,016231893;0,001885762;0;0;0;-0,0166524;0,052498952;0,058036382;0,005851728
1990-12-31;0,021133919;-0,0083991;0;0;0;-0,016677358;-0,014183592;0,000985184;0,007219323
1991-01-31;0,036764341;-0,001889596;0;0;0;-0,01507179;-0,014180704;-0,000205783;0,00610934
1991-02-28;0,092748701;0,00357521;0;0;0;-0,00370751;-0,012382518;0,003192655;0,004937827
1991-03-31;-0,029315844;-0,013373641;0;0;0;0,008014774;0,063789401;0,074713662;0,004648707
1991-04-30;0,007986203;0,000288479;0;0;0;0,000597938;-0,005696189;-0,000306948;0,006143536
1991-05-31;0,022826819;-0,001533354;0;0;0;-0,016547555;0,000686347;0,015270194;0,004869097
1991-06-30;-0,06157544;0,001612533;0;0;0;0,032140562;0,024497291;0,028248945;0,004309612
1991-07-31;0,047401039;-0,00027031;0;0;0;-0,008585377;0,017006821;0,006401341;0,005697618
1991-08-31;-0,003009688;-0,008764971;0;0;0;-0,012596364;0,03120963;0,034441029;0,005830919
1991-09-30;0,026398172;0,016177796;0;0;0;0,002407362;-0,041569173;-0,045100882;0,005651968
1991-10-31;0,016383574;-0,015827753;0;0;0;-0,000799316;0,013007683;-0,004643376;0,00569941
1991-11-30;-0,043410136;-0,023961721;0;0;0;0,01739872;0,014513645;0,022980273;0,005325824
1991-12-31;0,072975525;-0,024806831;0;0;0;-0,011319928;0,029043697;0,032533983;0,005438624
1992-01-31;-0,018347168;0,023869909;0;0;0;-0,011101323;-0,012419917;0,010974655;0,003207603
1992-02-29;-0,017086492;0,011098866;0;0;0;0,002772391;0,018707991;0,023324484;0,002729611
1992-03-31;-0,046936788;0,000632813;0;0;0;0,000692266;0,022626053;0,022213371;0,003398638
1992-04-30;0,014116752;0,048600065;0;0;0;0,008282487;-0,002955304;0,008920373;0,004282584
1992-05-31;0,039959918;-0,007726322;0;0;0;-0,005135783;-0,022486898;-0,025135612;0,003215536
1992-06-30;-0,033318322;0,006009612;0;0;0;0,030841103;0,000188826;-0,004477776;0,003708361
1992-07-31;0,002737276;-0,01307836;0;0;0;0,008880996;-0,007644427;0,007620946;0,004128078
1992-08-31;0,02450605;-0,022574396;0;0;0;-0,017614158;-0,062589574;-0,041950663;0,00291756
1992-09-30;-0,008982848;-0,000325451;0;0;0;-0,006323763;0,026676121;0,022313283;0,003699087
1992-10-31;-0,026907587;-0,009452665;0;0;0;0,013060262;0,071759678;0,051803083;0,001646371
1992-11-30;0,018078664;-0,014022231;0;0;0;-0,014477108;0,004097819;0,01625877;0,001949443
1992-12-31;0,00826458;0,008411363;0;0;0;0,010248522;0,009102649;0,000267237;0,003515047
1993-01-31;0,003529072;0,027120041;0;0;0;0,003168611;0,013288905;-0,02337669;0,003136964
1993-02-28;0,023872971;0,023610145;0;0;0;0,010351873;-0,008274665;-0,018633545;0,002421987
1993-03-31;0,058160847;0,023302047;0;0;0;-0,010345317;-0,03589615;-0,048760323;0,003022655
1993-04-30;0,046525923;0,031705955;0;0;0;-0,005937812;-0,077949938;-0,07779637;0,002576549
1993-05-31;0,023212955;-0,017671501;0;0;0;-0,01447975;0,009456745;-0,000541073;0,001754208
1993-06-30;-0,008229196;0,00328312;0;0;0;0,006393456;0,024156785;8,35874E-05;0,003137898
1993-07-31;0,020761141;0,02246795;0;0;0;0,013582009;0,012479773;-0,03273031;0,002664815
1993-08-31;0,046004013;0,00220671;0;0;0;-0,010290101;0,004572696;0,00218869;0,002917781
1993-09-30;-0,018317545;0,010094461;0;0;0;0,006737134;0,020262064;0,002763288;0,002122446
1993-10-31;0,027719778;-0,015808317;0;0;0;0,003291954;0,012215315;0,024154126;0,00228231
1993-11-30;-0,056410394;0,004264835;0;0;0;0,002742943;0,000592317;0,051536257;0,002484123
1993-12-31;0,049103751;0,019718296;0;0;0;-0,003302192;0,044488677;-0,009602495;0,003008382
1994-01-31;0,066121605;0,017162222;0;0;0;-0,020595703;-0,045716596;-0,048479548;0,002976753
1994-02-28;-0,012780075;-0,000192795;0;0;0;-0,004616632;-0,036242585;-0,021646582;0,001460212
1994-03-31;-0,042944006;0,009811597;0;0;0;0,005565443;-0,00324816;-0,010165548;0,002676636
1994-04-30;0,031088892;0,005545231;0;0;0;-0,013602936;-0,023393837;-0,023438765;0,002053023
1994-05-31;0,002745219;0,00771891;0;0;0;-0,00226303;-0,01240681;-0,004329785;0,003196026
1994-06-30;-0,002601091;0,009296054;0,021860797;0;0;-0,000420099;-0,025490546;-0,02504725;0,003760013
1994-07-31;0,019188559;0,000966072;-0,000961836;0;0;0,000180082;-0,011436621;0,01615948;0,003962024
1994-08-31;0,030288695;-0,005351676;0,003038389;0;0;-0,011325303;-0,000876652;0,027494461;0,003781
1994-09-30;-0,026100772;-0,007336134;0,009946079;0;0;0,013363645;-0,01272778;-0,002582488;0,003307935
1994-10-31;0,028627815;0,008459779;0,01378662;0;0;-0,013227106;-0,012100633;-0,003834982;0,004095356
1994-11-30;-0,043194183;-0,006589695;-0,015495942;0;0;0,012104073;0,00381244;0,031669857;0,003128636
1994-12-31;0,009870923;-0,010968794;-0,002221782;0;0;0,006487756;-0,002980096;-0,000986659;0,004673637
1995-01-31;-0,014827746;0,000898088;0,006277753;0;0;0,000834389;-0,024287991;0,017825436;0,005590661
1995-02-28;0,014773248;-0,001893495;0,017087981;0;0;0,001637491;-0,01582915;0,02166608;0,005274651
1995-03-31;0,048403022;-0,002400018;0,041957933;0;0;0,000261735;-0,033879188;-0,021156642;0,005313033
1995-04-30;0,035048438;-0,004594144;0,006132699;0;0;-0,005628986;0,000736332;-0,007194525;0,004774566
1995-05-31;0,00874536;0,000967054;-0,004654147;0;0;0,011930113;-0,000451601;0,036531872;0,005930532
1995-06-30;-0,000113903;-0,002989165;0,000785679;0;0;0,003293009;0,025840892;0,032009391;0,004996001
1995-07-31;0,050230695;0,002227434;-0,007220432;0;-0,017607157;-0,018635346;-0,013276786;-0,016302284;0,004858338
1995-08-31;-0,022098615;0,012703397;-0,042886128;0;0,01047446;0,010073262;0,021859622;0,024258478;0,004847574
1995-09-30;0,02932146;-0,010623323;0,003437843;0;0,013232713;-0,003183489;0,014853163;0,003834951;0,004204404
1995-10-31;-0,015558634;-0,009761265;-0,007419477;0;0,024551972;0,011504407;0,02711346;0,027009929;0,005010957
1995-11-30;0,034911854;0,005564802;-0,006192906;0;-0,002521455;-0,011966509;0,002362892;-0,005123025;0,004509149
1995-12-31;0,029423317;0,013071501;0,000415141;0;0,010136706;0,011257228;-0,01641433;-0,025758602;0,005115695
1996-01-31;0,018268276;-2,3724E-05;-0,015117713;0;0,004169656;0,005921512;0,022228495;0,022777752;0,00491932
1996-02-29;0,006273978;-0,002437368;0,00800092;0;0,000274629;-0,01039002;0,004529275;0,009397407;0,003502107
1996-03-31;0,016823771;0,004205849;-0,002273346;0;-0,0131462;-0,009712991;-0,003887141;-0,012811214;0,003521058
1996-04-30;0,023695248;0,004906049;-0,003196011;0;-0,011053507;-0,003597391;-0,009016516;0,002447463;0,004490447
1996-05-31;0,001044032;-0,010103575;-0,006870471;0;0,015160423;0,002901795;0,019384847;0,02401586;0,004217944
1996-06-30;0,005236041;-0,002255364;-0,002773647;0;0,002639396;0,003212562;0,019882775;0,004467688;0,004210253
1996-07-31;-0,03515892;0,003584837;0,012628485;0;0,016538192;0,007646957;-0,019299692;0,001505351;0,004569857
1996-08-31;0,011685293;0,006327322;-0,003663215;0;0,009121567;0,001665852;0,005224949;0,015222672;0,004358104
1996-09-30;0,039338321;-0,013057016;-0,012752426;0;-0,002099293;-0,018591679;0,020625647;0,016821951;0,005060861
1996-10-31;0,007161729;0,007641722;0,003406972;0;0,036940719;0,003544696;0,002563681;0,002007873;0,004749852
1996-11-30;0,05621642;0,010084468;0,00016828;0;0,007021244;-0,002407333;0,007322318;0,018454282;0,004247939
1996-12-31;-0,015845275;0,007120903;-0,003391718;0;0,024819405;0,012821547;0,00906125;0,011543374;0,004448124
1997-01-31;0,012223278;-0,006005715;-0,022603576;0;0,01034024;-0,011081218;0,057700318;0,061670512;0,004422181
1997-02-28;0,011672333;-0,000725348;-0,002157863;0;0,00845794;-0,002301623;-0,002084016;-0,002835219;0,003966793
1997-03-31;-0,019607983;0,007113451;-0,002414235;0;0,007620734;-0,002045247;-0,00384286;-0,015612983;0,003979332
1997-04-30;0,032861888;-0,027136279;-0,012216398;0;-0,012463809;-0,02186219;0,04107939;0,033037379;0,004778478
1997-05-31;0,061901811;0,006949163;0,011853067;0;-0,007794435;-0,002148509;-0,01999681;-0,015626289;0,005194357
1997-06-30;0,050037276;-0,010248508;0,000874421;0;-0,010562425;-0,013884977;0,010864927;-0,002299504;0,004281946
1997-07-31;0,046208001;-0,001170122;-0,021597139;0;0,010182442;-0,014491076;0,052324571;0,022815428;0,004686004
1997-08-31;-0,066749902;0,015135429;-0,003458852;0;0,017559253;0,008704692;-0,018582656;0,002522029;0,004115345
1997-09-30;0,054487014;-0,006412569;0,002438517;0;0,019572459;0,005483043;0,018734156;-0,000546658;0,005013419
1997-10-31;-0,052478645;0,02318135;0,008501366;0;0,009483745;0,016007984;-0,010059458;0,00728976;0,004361277
1997-11-30;0,017854582;-0,015479289;-0,01394236;0;0,006001965;0,004986365;0,01083467;0,025786194;0,003854622
1997-12-31;0,01234394;0,005818436;-0,012766252;0;0,016607013;0,021164954;0,023362276;0,01007283;0,004726238
1998-01-31;0,02802614;-0,022486072;-0,000473329;0;-0,019376839;-0,011837398;0,005625455;0,01187923;0,004660585
1998-02-28;0,067805373;-0,006263834;0,004559045;0;0,000959209;-0,016741762;-0,005596031;0,005135767;0,003491011
1998-03-31;0,042378862;0,015749899;-0,008734083;0;0,020088019;0,010748724;0,03311036;0,00403695;0,004763129
1998-04-30;0,009921008;0,007693209;0,006890455;0;-0,008681128;-0,013089032;0,004921732;-0,001488054;0,004619097
1998-05-31;-0,012385535;-0,003436345;-0,010176158;0;0,006172764;0,009673534;0,014566087;0,004739328;0,004059976
1998-06-30;0,023877768;-0,038245336;-0,005861592;0;-0,019384092;-0,022410479;0,021197783;0,031967786;0,004580555
1998-07-31;-0,00145962;-8,40813E-05;-0,00442141;0;-0,003010439;-0,006089647;0,036304166;0,008965971;0,004486601
1998-08-31;-0,133208533;-0,033810568;0,005682449;0;0,018028928;0,044289195;-0,025381127;0,014417985;0,005044024
1998-09-30;0,017859052;-0,009051801;0,014051775;0;0,00808855;0,012951911;-0,047381648;0,029398609;0,005572958
1998-10-31;0,09057428;0,007714194;0,01941675;0;-0,024950531;-0,016394159;-0,033026425;-0,02265407;0,003847504
1998-11-30;0,059626124;-0,010120258;-0,011422487;0;-0,013548741;-0,031407827;0,026108143;0,018574785;0,003089351
1998-12-31;0,049004712;-0,048692904;0,008299698;0;-0,022557558;-0,000646896;0,039927521;0,01596583;0,003908734
1999-01-31;0,022035482;-0,027325808;-0,014448209;0;-0,020526548;-0,033069004;0,034841454;0,019963977;0,003544385
1999-02-28;-0,026462851;0,028522417;-0,010918795;0;0,010301883;-0,005801052;-0,0005265;-0,003354611;0,002823004
1999-03-31;0,041783302;0,009501432;-0,00484548;0;-0,021488678;-0,023242173;-0,007252381;-0,006389823;0,00451551
1999-04-30;0,039560818;0,082497309;-0,005279019;0;0,032535405;0,002488229;-0,041155889;-0,025764148;0,003537601
1999-05-31;-0,036406675;-0,003053116;-0,004651132;0;-0,002659668;0,022610418;0,009153171;0,012229173;0,002727882
1999-06-30;0,046781982;-0,028300695;-0,004412032;0;-0,026639275;-0,039622727;0,02966919;0,0067349;0,004766793
1999-07-31;-0,002861634;0,014739549;0,016216615;0;-0,004068493;0,016127524;-0,012414004;-0,023719139;0,003783611
1999-08-31;-0,00163544;-0,02662345;-0,001382529;0;-0,013986397;-0,011391851;-0,003529239;0,011235096;0,003718214
1999-09-30;-0,00956175;-0,022612562;0,003979662;0;-0,013593018;0,00566895;0,008406388;-0,021821492;0,004463159
1999-10-31;0,052117565;-0,027083951;-0,008162429;0;-0,015762135;-0,020311185;0,015471969;0,003323301;0,003412046
1999-11-30;0,028262722;-0,061420926;-0,019620991;0;-0,019933925;-0,026915845;0,053775278;0,018667096;0,003823468
1999-12-31;0,08106795;-0,070400726;0,000737919;0;-0,052742192;-0,035062667;0,100438647;-0,007952052;0,004389172
2000-01-31;-0,057152788;0,011879515;-0,011784086;0;-0,017879146;0,007266288;0,008544434;0,002733329;0,003977277
2000-02-29;0,002821541;-0,068327185;-0,016791168;0;-0,041360112;-0,033930803;0,091456183;0,012669206;0,00452567
2000-03-31;0,06924319;0,019617231;0,025111862;0;0,009881899;-0,004063511;-0,044246776;0,00258193;0,004828988
2000-04-30;-0,042168343;0,050484734;-0,006832065;0;0,01345763;0,028029927;-0,008646204;0,020466486;0,004811082
2000-05-31;-0,025193991;0,067123443;0,010146063;0;0,030519052;0,017481837;-0,050494762;-0,005463705;0,005697124
2000-06-30;0,033810432;-0,051271678;0,004868318;0;-0,04367158;-0,014270658;0,007097668;0,015250538;0,004832607
2000-07-31;-0,0280283;0,044596236;-0,009655098;0;0,02739655;0,014942212;0,003868295;0,002194684;0,004646965
2000-08-31;0,032654665;-0,004781445;-0,020565808;0;-0,012415733;-0,006348392;0,037869262;0,000811657;0,005146212
2000-09-30;-0,053055093;0,072745077;-0,002698863;0;0,055921201;0,061218713;-0,05203596;-0,011583715;0,005141689
2000-10-31;-0,016629708;0,050195723;-0,005822812;0;0,037989746;0,016754856;-0,027303009;0,03657678;0,005263386
2000-11-30;-0,060584016;0,032382895;0,013432099;0;0,044815722;0,049272086;0,022602098;0,007250968;0,005455243
2000-12-31;0,016318262;0,068646349;0,021284469;0;0,048223895;0,008862278;-0,006165707;-0,036021477;0,005609383
2001-01-31;0,019422295;-0,020462737;0,018677856;0;-0,012227084;-0,050559471;-0,057727762;-0,007439754;0,006768821
2001-02-28;-0,08440011;0,078779679;0,069580666;0;0,05321932;0,063992679;0,042821477;-0,003950305;0,00392398
2001-03-31;-0,065493037;0,02983223;0,023506292;0;0,01876059;0,021284166;0,025836816;0,004948784;0,004844224
2001-04-30;0,074165334;-0,013107676;-0,000912334;0;-0,022833453;-0,034508653;-0,030875053;-0,001858338;0,004177092
2001-05-31;-0,012420306;0,015351433;0,023478492;0;0,012879659;0,022160421;0,019977839;0,013912848;0,003886297
2001-06-30;-0,031189346;0,006542744;0,0342374;0;0,009609677;0,009258135;0,021732308;0,003564249;0,002737332
2001-07-31;-0,013168482;0,002463817;-0,01573902;0;0,014603702;0,017511105;-0,00400235;0,016330982;0,003392474
2001-08-31;-0,047805024;0,025989957;0,042281617;0;0,034301086;0,035435678;0,020719084;-0,016144484;0,003193261
2001-09-30;-0,087983741;-0,009756763;-0,04383268;0;0,009425814;0,034950866;0,005736588;0,026899937;0,004216747
2001-10-31;0,019255721;-0,045099063;0,046035395;0;-0,0221167;-0,027350204;-0,039801997;0,015653068;0,002716835
2001-11-30;0,05931056;-0,032898783;0,00365037;0;-0,025590937;-0,028200615;-0,036340037;0,007072888;0,002066007
2001-12-31;0,006408361;0,001579797;0,024220137;0;0,017501294;-0,000891636;0,012521316;0,006458398;0,001616941
2002-01-31;-0,030187366;0,004398834;0,013613367;0;0,010540489;0,003743004;0,02708391;0,03193977;0,0013974
2002-02-28;-0,008498272;-0,022106851;0,002362722;0;0,020928417;0,024460956;0,005565548;0,008220702;0,00140405
2002-03-31;0,044416663;0,042048243;0,032740084;0;0,00879951;-0,012873703;-0,005387344;-0,022024085;0,001328542
2002-04-30;-0,033593587;0,014059112;0,05095671;0;0,0336257;0,032142167;0,025785437;-0,024516849;0,001773864
2002-05-31;0,002318107;0,014561694;-0,006971848;0;0,013595203;0,012144357;0,001237026;-0,027103626;0,001633196
2002-06-30;-0,060469408;-0,005435219;0,007306921;0;0,02160722;0,026077122;0,011864261;0,004215412;0,001514601
2002-07-31;-0,084166201;-0,027051651;-0,026853318;0;-0,0053075;0,013001983;0,022311357;0,01070592;0,001577924
2002-08-31;0,002079615;0,004205776;-0,01123246;0;0,008254091;0,009114035;-0,00014748;0,004527267;0,001374114
2002-09-30;-0,109754827;-0,021380831;0,037369089;0;-0,010317959;0,030943797;0,067343387;0,023407764;0,001682842
2002-10-31;0,073987241;-0,008038699;-0,067532421;0;-0,003889531;-0,0475171;-0,078858011;0,011765457;0,001582315
2002-11-30;0,054139441;0,03568325;0,004506413;0;-0,018139388;-0,034522424;-0,061683521;-0,02622676;0,001419183
2002-12-31;-0,048265042;-0,018720162;0,003142479;0;0,032900611;0,048947712;0,00547964;-0,001333163;0,001190064
2003-01-31;-0,030214838;0,011206185;0,014257938;0;-0,010128993;-2,2427E-05;-0,000185408;-0,011078199;0,001062805
2003-02-28;-0,01712255;-0,01178623;-0,005190438;0;-0,003727711;0,001410829;0,009523531;0,001371109;0,000873638
2003-03-31;-0,002747572;-0,023215182;0,00530903;0;-0,006053735;0,008053106;0,004581301;0,014452308;0,001153104
2003-04-30;0,089310761;0,034419922;0,013939582;0;0,008676974;-0,023914326;-0,025713647;-0,022738096;0,000960428
2003-05-31;0,05764006;0,030873953;0,049694306;0;0,001979027;-0,00408944;-0,019433411;-0,026046447;0,000988997
2003-06-30;0,017678289;0,006800138;0,013760469;0;0,004125504;-0,009669783;-0,008170725;-0,007627565;0,001235288
2003-07-31;0,020494764;0,002285756;0,024181946;0;-0,020622499;-0,021210062;-0,001766196;-0,019488106;0,000655766
2003-08-31;0,021844414;0,00331148;0,04313541;0;-0,017763083;-0,007399762;-0,009067258;-0,000298946;0,000764033
2003-09-30;0,006343254;0,000454561;0,009828037;0;0,003281209;0,017679399;-0,005614075;-0,016768976;0,001011637
2003-10-31;0,0595426;-0,000401288;0,031161495;0;-0,008703658;-0,022732998;-0,005834687;-0,021165598;0,000785218
2003-11-30;0,015466048;0,002080979;0,002891258;0;0,009167043;0,007740155;-0,007109405;-0,007595662;0,000813933
2003-12-31;0,062982074;0,029205933;-0,023364478;0;0,017037699;-0,008922762;-0,039714616;-0,022140346;0,000984927
2004-01-31;0,016266807;-0,008436455;0,028458818;0;-0,012960152;-0,005031353;-0,003914496;-0,012436287;0,000767508
2004-02-29;0,017102852;0,009570991;0,006465569;0;0,010294992;0,004280618;0,008708413;0,000866051;0,000699004
2004-03-31;-0,006244874;0,00673211;0,034332476;0;-0,007942231;0,020618803;0,034346607;-0,008587428;0,000905251
2004-04-30;-0,019925771;-0,000494916;-0,02267684;0;0,008973752;-0,0013662;0,003932453;0,034853009;0,000796986
2004-05-31;0,00980172;-0,002223829;-0,002266826;0;0,001379398;0,00133982;-0,004089199;-0,008391832;0,000647296
2004-06-30;0,020960725;0,015407873;0,025973306;0;-0,005020607;-0,001016666;0,008528673;-0,004860784;0,000794794
2004-07-31;-0,032384815;0,030649946;-0,019863773;0;0,027610553;0,013300452;-0,00203314;0,007535266;0,001141804
2004-08-31;0,004794738;0,014781504;-0,00795808;0;0,014707533;0,014580112;0,002590462;0,001699607;0,001280856
2004-09-30;0,019237467;-0,00168435;0,020014998;0;0,002954266;-0,002728872;0,008905421;-0,012308818;0,001201343
2004-10-31;0,024713791;0,000303533;0,003318603;0;0,001157324;0,000917556;-0,022704243;-0,017963629;0,001309313
2004-11-30;0,052972403;0,003907519;0,029722043;0;-0,001204604;0,001762412;-0,000106775;-0,024831802;0,001330905
2004-12-31;0,038477482;0,001290203;0,004049748;0;0,000263534;9,81839E-05;-0,01844059;-0,000936976;0,001840621
2005-01-31;-0,022326558;0,009297567;0,01196398;0;0,005800401;-0,000895665;0,021207329;0,015411806;0,001735543
2005-02-28;0,032131315;0,012224812;0,002077231;0;0,017724566;-0,001342718;0,042084385;0,00420376;0,001531558
2005-03-31;-0,018997194;0,000120072;-0,001616122;0;-0,00638552;0,008567073;0,003413237;0,009510798;0,002276329
2005-04-30;-0,021090573;0,000593635;-0,021828189;0;0,010184985;0,022272725;-0,019080394;0,003402072;0,002348165
2005-05-31;0,018533979;-0,016004047;0,01487611;0;-0,015192927;-0,008458685;0,023495996;0,012991947;0,002443561
2005-06-30;0,009094446;0,008613812;0,025001345;0;0,007344614;0,004973607;0,039620867;-0,000456058;0,002142803
2005-07-31;0,03515468;-0,012822407;0,018726522;0;-0,011475438;-0,010964757;0,009450915;-0,005369614;0,002301367
2005-08-31;0,008002138;-0,002634172;0,002745113;0;-0,001867961;-0,004087817;0,015858857;-0,012351154;0,002832717
2005-09-30;0,026262512;0,008519824;0,000180469;0;-0,005630061;-0,008361424;0,026707159;-0,009683654;0,00299362
2005-10-31;-0,024062746;-0,005896579;-0,009537644;0;0,000680805;-0,001445534;-0,011188645;0,00135224;0,002456221
2005-11-30;0,03386404;0,00266977;0,011554014;0;-0,014206726;-0,011844154;0,007018584;-0,003368698;0,00322557
2005-12-31;0,022409745;0,000890088;0,020687177;0;-0,001346897;-0,005141623;0,035925381;-0,01692667;0,003424384
2006-01-31;0,044848243;-0,003015683;0,035243988;0;-0,002358517;-0,016678134;0,017526196;-0,020805992;0,002886009
2006-02-28;-0,001069079;0,018382263;-0,008845572;0;0,011707612;0,008710506;-0,022504853;-0,003085644;0,00314104
2006-03-31;0,02244027;-0,005817729;0,029014441;0;-0,006153642;-0,01127788;0,022981045;-0,000797376;0,00403231
2006-04-30;0,030894488;0,014461941;-0,006366088;0;0,015120633;-0,011103756;-0,024780783;-0,027439176;0,003422257
2006-05-31;-0,03326322;0,009003672;-0,024541678;0;0,010968604;0,011148252;-0,038527014;-0,00256051;0,003923804
2006-06-30;0,000119127;0,003079547;-0,014861134;0;0,004928873;0,004890865;0,003479492;0,010487862;0,004081335
2006-07-31;0,006458015;0,028541547;-0,039993076;0;0,020891923;0,016165095;-0,011787707;0,002571126;0,003926916
2006-08-31;0,026469008;-0,000546935;0,003952729;0;0,002717383;0,002178235;-0,019765264;-0,009995322;0,004318053
2006-09-30;0,012211899;0,006146302;-0,007632412;0;0,000527686;-0,002301334;-0,009453544;-0,003155772;0,004388026
2006-10-31;0,036907012;0,002245871;0,007579659;0;-0,001848798;-0,006731956;0,016186818;-0,000513277;0,003755181
2006-11-30;0,025006377;-0,000889909;0,012982869;0;-0,001561667;0,003602659;-0,005503969;-0,01154831;0,004212092
2006-12-31;0,020599143;0,014967793;-0,003162817;0;0,011926453;0,004827298;0,019853699;-0,009639669;0,004654278
2007-01-31;0,012004797;-0,007834267;0,009771583;0;-0,006804892;0,002432102;0,012042137;-0,00647791;0,003821537
2007-02-28;-0,004791462;0,002432936;0,015013711;0;-0,002428434;0,003427137;-0,005133444;-0,013811136;0,003882747
2007-03-31;0,018730362;-0,00161224;0,006162417;0;0,010304766;-0,004533882;0,009244078;0,005607022;0,004585839
2007-04-30;0,044706484;0,001338656;-0,013971146;0;0,008753783;-0,007957503;-0,016839686;-0,002288128;0,004182213
2007-05-31;0,028995192;-0,001860153;-0,003617045;0;-0,007844724;-0,015450307;0,010665045;0,007478804;0,004419801
2007-06-30;-0,007362484;-0,006912;-0,00111199;0;-0,001458008;-0,022271402;-0,000446875;0,010022268;0,004110399
2007-07-31;-0,021942681;-0,019547817;-0,013993861;0;-0,006396746;-0,00496571;0,00575228;0,004216892;0,003763288
2007-08-31;-0,000323881;-0,005852802;-0,030461585;0;0,000819735;0,015234129;-0,012125414;0,014245528;0,005746232
2007-09-30;0,047895923;-0,013427801;-0,033019744;0;-0,00594637;-0,007154319;0,014927164;-0,002312537;0,003383494
2007-10-31;0,030888996;-0,017133237;0,015487804;0,002141004;0,003895864;-0,006149285;0,005967281;-0,008538625;0,00319754
2007-11-30;-0,040422667;-0,018279818;-0,038699447;-0,001279898;-0,005361067;0,019248026;-0,003220893;0,013235839;0,004500757
2007-12-31;-0,012612063;-0,010748362;-0,005821383;-0,001530066;-0,007235447;-0,004800948;0,025426196;0,017078196;0,002856811
2008-01-31;-0,076196531;0,018900211;-0,003115154;-0,001041033;-0,000329555;0,02583237;-0,034891657;-0,009708007;0,004836957
2008-02-29;-0,005303857;-0,030133874;0,014840191;-0,001225341;-0,020353276;-0,005808649;0,012880181;0,009686809;0,00158687
2008-03-31;-0,009093345;0,006051298;0,001772227;0,00186179;0,012024973;0,00161135;-0,013703847;-0,011098139;0,002091042
2008-04-30;0,053362299;-0,006175119;-0,013931445;-0,009229089;-0,010226795;-0,025089473;0,020184518;0,003683617;0,001100725
2008-05-31;0,016494669;-0,034376909;0,022295858;0,004078534;-0,022295772;-0,004789418;0,013200149;0,008237661;0,000569166
2008-06-30;-0,07940145;-0,029561242;-0,000504192;-0,002806685;-0,025738466;0,015330206;0,062480751;0,023133501;0,001669536
2008-07-31;-0,024180064;0,013138604;0,000982116;0,004495251;0,024118639;0,025827339;-0,053941375;-0,002801439;0,002053156
2008-08-31;-0,013594825;0,009307172;0,010053252;0,0032847;-0,009409844;0,014096182;0,007640842;0,038600332;0,0015757
2008-09-30;-0,118507407;0,038461075;-0,021187692;0,005575666;0,024122758;0,057270003;-0,040968409;0,022308358;0,002812592
2008-10-31;-0,189340777;0,010752408;-0,053320861;4,92821E-05;-9,18015E-05;0,031084047;0,064526923;0,073039526;0,002061019
2008-11-30;-0,064038815;0,023484473;-0,022500596;-0,002632251;-0,006957815;0,029880125;-0,0018527;0,032218948;0,001442336
2008-12-31;0,032598224;-0,005522485;0,034635665;-0,00134491;-0,000150956;-0,013032132;-0,020846998;-0,023364378;0,00090384
2009-01-31;-0,087313338;-0,050746972;0,007993538;-0,00288516;-0,049266934;0,015788116;0,011506647;0,047483039;-0,000137659
2009-02-28;-0,101684262;-0,0385193;0,000350362;-0,001017524;-0,013676791;0,00352929;0,009791045;0,024064462;6,86161E-05
2009-03-31;0,076003165;0,008548629;0,010289826;0,00275799;0,012651652;-0,037984775;-0,027278186;-0,013444098;0,000547555
2009-04-30;0,113189762;0,048837944;0,05848645;0,005776292;0,030382561;-0,040466875;-0,076290953;-0,049514638;0,000536568
2009-05-31;0,091866001;0,009841048;0,000295354;0,002049251;0,023215095;-0,022102351;-0,061784419;-0,038805614;0,000208727
2009-06-30;-0,004089708;-0,013229645;0,01573959;0,001704477;-0,003157082;0,017435674;-0,00176319;0,008008307;0,000128146
2009-07-31;0,084999529;0,012974791;0,003543136;0,0104306;0,018656581;-0,016048062;-0,01430186;-0,025364984;0,000378607
2009-08-31;0,041698382;0,037555692;0,021617016;-0,001945166;0,006238157;-0,013297844;-0,023364373;-0,01914706;0,000325541
2009-09-30;0,040203741;-0,010594019;0,021280024;0,002899707;0,007759705;-0,002330335;-0,001333273;-0,006862267;0,000317432
2009-10-31;-0,017577275;-0,017238687;-0,023585885;-0,000642109;0,008950839;-0,009298071;0,00096789;0,020648509;0,00022711
2009-11-30;0,041369253;-0,002422859;-0,018779101;-0,000947268;-0,0030353;0,001462715;-0,005961126;0,007083338;0,000237278
2009-12-31;0,018279308;-0,015127783;0,030233444;0,002367954;0,000130881;-0,016959273;0,020647836;0,012006507;-2,31002E-05
2010-01-31;-0,041139775;0,013447995;0,016868288;-0,001777299;-0,007355557;0,017013633;-0,018290821;0,009705916;0,000295868
2010-02-28;0,014495247;-0,012364112;0,008512902;-0,002784008;-0,015056605;0,000225686;0,017602348;0,009572196;3,8638E-05
2010-03-31;0,062487382;0,002707966;0,017000194;0,000946248;-0,007706947;-0,028013902;0,009113516;-0,015263836;6,75028E-05
2010-04-30;0,000698766;-0,004135453;0,040751556;0,004162701;-0,005919339;-0,002922656;0,013337026;-0,004160269;0,000201607
2010-05-31;-0,094837404;-0,001728708;-0,004780102;-0,004744717;-0,011444824;0,033315611;0,02391521;0,02435653;0,000218881
2010-06-30;-0,033913665;-0,000691729;-0,01046643;0,003098323;0,019363654;0,039930671;-0,007282916;0,006495822;0,00017045
2010-07-31;0,081335804;0,006680055;-0,00030076;0,00294763;0,005986211;-0,035143173;-0,017611725;-0,035943595;0,000228116
2010-08-31;-0,036926585;-0,000875515;-0,008994337;-0,004239525;0,023422746;0,040667406;-0,003597549;0,011417917;0,000179256
2010-09-30;0,093630296;-0,025156142;0,027912794;-0,000909254;-0,007345355;-0,035228011;0,005545622;-0,015928663;0,000137524
2010-10-31;0,037497957;-0,011091302;0,002796214;0,000412573;-0,003283035;-0,010509593;0,002650009;0,002184134;0,000191176
2010-11-30;-0,021119351;-0,019294667;0,026893178;-0,002908883;-0,028468275;-0,000740766;0,038833012;0,014994077;5,67652E-05
2010-12-31;0,07385518;0,012493456;0,023187088;-0,003562417;-0,008600893;-0,02725217;-0,029851753;-0,029561085;0,000225274
2011-01-31;0,022826101;0,022952534;-0,013517041;-0,004856555;-0,005242256;-0,025658503;-0,019430273;-0,015037803;0,000115715
2011-02-28;0,035455119;0,009073278;0,005802286;-0,005526843;0,0006442;-0,006277735;-0,002226699;-0,01156794;0,000162692
2011-03-31;-0,009402568;-0,011288895;0,025159343;0,001224663;0,0158224;0,013709766;0,018407781;0,007541304;0,000165768
2011-04-30;0,043116318;-0,001554067;-0,002335668;0,001437422;0,016951706;0,001057009;-0,004141084;-0,005456523;0,000247725
2011-05-31;-0,019732756;-0,007355597;0,000238369;0,000643135;0,007406614;0,028640843;0,010600429;0,018787689;5,80391E-05
2011-06-30;-0,015434437;-0,00052449;-0,006684413;-3,0208E-05;0,002753537;0,00582107;0,007409022;0,004588652;0,000104996
2011-07-31;-0,017866979;-0,021524218;-0,005547259;-0,000730592;-0,000444456;0,008083884;0,003149924;0,007690938;-7,84065E-05
2011-08-31;-0,070038103;-0,005794366;-0,01278599;0,001903543;0,030805861;0,061054578;0,01591528;0,030974321;0,000284855
2011-09-30;-0,085973099;0,018573822;-0,033715024;0,008623233;0,023196036;0,053729118;0,052775046;0,041289747;0
2011-10-31;0,103719589;-0,01550413;0,01858841;-0,000145546;-0,02371864;-0,059467774;-0,04634559;-0,026115982;5,75748E-05
2011-11-30;-0,023842047;-0,006672817;-0,002977399;0,002934431;0,006559797;0,015202529;0,030109933;0,025232012;4,25143E-05
2011-12-31;-0,000178135;0,022005283;-0,011875937;-0,005459826;0,018924312;0,022062181;0,018443582;0,009448947;2,70132E-05
2012-01-31;0,050477394;-0,016929654;0,027732572;-0,004850295;-0,045532567;-0,040643079;-0,039343803;-0,008896704;-2,52411E-05
2012-02-29;0,049400061;-0,005253473;-0,001958514;-0,003075967;-0,006705147;-0,02615129;-0,005586774;-0,007612694;-4,42838E-07
2012-03-31;0,013406786;-0,00625864;-0,003554121;-0,000105926;-0,007962168;0,002142806;0,020768377;0,009712323;0,000112038
2012-04-30;-0,010659017;-0,012006253;0,00332101;0,001450874;0,008171334;0,019780137;0,017142475;0,007585144;5,49058E-05
2012-05-31;-0,085368854;-0,000391179;-0,008915548;-0,002218102;0,011979185;0,041185493;0,050561125;0,030312649;0,000152754
2012-06-30;0,051453848;0,022277881;-0,015153361;-0,005332128;0,01611008;-0,008743881;-0,013335848;-0,017005848;7,03888E-05
2012-07-31;0,013132986;-0,003783122;-0,017533595;-0,001156383;0,013831439;0,009457639;0,007165284;0,007758349;0,000115536
2012-08-31;0,02585781;-0,005214421;0,009551759;-0,000295883;-0,011710577;-0,018754312;-0,014542559;-0,007472473;0,000138096
2012-09-30;0,027920243;0,006594207;0,008687266;-0,003957099;-0,003291884;-0,010462669;-0,008080347;-0,006840255;9,38213E-05
2012-10-31;-0,006473268;0,01729686;0,002384997;0,001417137;0,003019376;-0,002120217;-0,013816418;-0,012641677;6,81468E-05
2012-11-30;0,01334499;-0,01603325;-0,001543281;0,002515134;-0,004161654;-0,012309158;-0,000356581;-0,001939946;0,000176108
2012-12-31;0,019344517;0,017326451;0,016885777;0,003431376;-0,003853613;-0,027377886;-0,024577125;-0,02796087;0,000143339
2013-01-31;0,051248142;0,015054313;0,009115508;0,007603351;0,002328054;-0,004592573;-0,011609388;-0,00318013;7,78519E-05
2013-02-28;0,002151015;-0,009113076;0,005783123;0,003006967;0,00125722;0,023645641;0,024479322;0,015207234;2,03461E-05
2013-03-31;0,023939399;-0,005275653;0,011665966;0,004983678;0,004266903;0,027811797;0,021474593;0,00148483;0,000149939
2013-04-30;0,032202825;0,016047038;-0,017949397;-0,000156985;0,01335358;-0,001744831;-0,005615934;-0,013298551;0,000118518
2013-05-31;0,001265432;-0,001029386;0,009008246;-0,00220948;-0,031567086;-0,048403012;-0,003901081;0,018458293;7,38437E-05
2013-06-30;-0,024241176;0,004316742;0,003822919;0,003162447;0,000456954;0,01972831;0,023647887;-0,002407766;4,68674E-05
2013-07-31;0,052937768;-0,00134743;0,012843739;-0,004004364;-0,004781651;-0,020757927;-0,025851941;-0,010433481;9,72674E-05
2013-08-31;-0,020859122;-0,00952753;0,002343526;-0,001682609;-0,002835825;-0,00600075;-0,008602386;0,002534071;7,60381E-05
2013-09-30;0,050404562;-0,007846352;0,02263062;9,0414E-05;-0,001457181;-0,017019802;0,004913922;-0,020890619;7,60323E-05
2013-10-31;0,039381439;0,009238676;-0,01040642;0,000229902;0,001491232;-0,002933218;-0,009891159;0,004842633;4,42015E-07
2013-11-30;0,018235667;-0,003810019;-0,001488575;-0,00266708;-0,0124778;-0,018073362;0,020105577;0,013681041;3,0057E-05
2013-12-31;0,02153434;-0,004567502;0,004430293;-0,001405414;-0,005044137;-0,016105332;0,009295265;4,7598E-05;0,00010166
2014-01-31;-0,036813382;0,000623255;0,019350654;-0,000557476;-0,001920359;0,009785865;0,009711621;-0,002909587;9,19269E-05
2014-02-28;0,050592333;-0,00693142;0,005367513;0,001931589;0,006902178;-0,010448958;0,002246519;-0,002766497;2,6073E-05
2014-03-31;0,002015929;0,022053292;-0,007241794;0,000919531;0,00884346;0,009323309;-0,028570364;-0,001155636;7,24723E-05
2014-04-30;0,010795761;0,012320971;-0,028971849;-0,000993589;0,018446384;0,004918133;-0,024526153;0,004074026;7,68857E-05
2014-05-31;0,020617384;-0,013548477;-0,009457764;0,000498803;-0,009468687;-0,00533135;0,017188481;-0,000205574;3,09287E-05
2014-06-30;0,018319474;0,002172585;0,022587869;-0,000462752;-0,00306751;-0,00136817;0,000381193;-0,009599093;4,15315E-05
2014-07-31;-0,015718585;-0,000171396;-0,027296583;0,000832529;-0,002253686;0,00489467;0,001834151;0,009259374;4,02043E-05
2014-08-31;0,022446104;-0,010060072;0,00880132;0,000122374;-0,007696815;0,007761756;0,012531288;0,01481908;7,46622E-05
2014-09-30;-0,02672941;-0,003155297;-0,033761587;-0,002449814;-0,003923114;0,003803522;0,018287017;0,016276464;4,81513E-05
2014-10-31;0,006708114;-0,010165834;0,011834218;0,000266829;-0,009929185;0,023763359;0,005452375;0,015658195;2,03198E-05
2014-11-30;0,020511608;-0,015955829;-0,014913817;-0,00124569;-0,006274766;0,000469324;0,016144678;0,007833182;1,72273E-05
2014-12-31;-0,015709945;0,000684551;0,022834254;0,000525429;-0,010180135;0,012312314;0,010150282;0,005286737;1,10429E-05
2015-01-31;-0,017884193;-0,016810596;0,001394914;0,001895071;0,006142484;0,032626485;0,019468057;0,01091653;0,000171384
2015-02-28;0,05908599;-0,01030708;0,002555618;-0,005891797;-0,016959345;-0,029010287;-0,004820271;-0,006142028;2,07569E-05
2015-03-31;-0,01500673;-0,011012666;0,017822289;0,003424243;-0,009870218;0,009761248;0,011280997;0,004090607;1,85484E-05
2015-04-30;0,023968206;0,015241842;-0,013618468;-0,004338673;0,012846024;-0,012899698;-0,026791305;-0,016297125;0,000162958
2015-05-31;0,004294092;-0,008548564;0,011497935;-0,001405973;-0,010961088;-0,008381276;0,021901107;0,007963787;4,81287E-05
2015-06-30;-0,022845847;-0,009883165;0,014327803;-0,001557862;-0,011689157;0,001528171;-0,000907066;-0,005861424;6,93196E-05
2015-07-31;0,018283069;-0,01960157;-0,02472424;0,000185034;-0,000806777;0,014229891;0,022552911;0,015670233;-2,11918E-05
2015-08-31;-0,06576351;0,003263101;0,01515583;0,001640249;0,006218138;0,022760234;-0,005470752;0,003554823;5,73957E-05
2015-09-30;-0,036432784;-0,001420149;-0,007002658;0,002768099;0,011528617;0,02448982;-0,000680885;0,024922022;0,000362896
2015-10-31;0,079534982;-0,005855733;-0,024641725;-0,001100841;-0,001857152;-0,019663111;-0,008673201;0,005904801;-0,000155344
2015-11-30;-0,004490602;-0,007730778;0,016220507;0,000402591;-0,009731391;-0,005426454;0,017936275;0,011386861;-5,73805E-05
2015-12-31;-0,017173495;-0,002680616;-0,007995467;0,000924394;0,003421068;0,025231334;0,012201268;0,003694804;0,000227328
2016-01-31;-0,059570243;0,005422231;-0,020190132;0,0015547;0,025163804;0,04326456;0,020104722;0,022775362;0,00024537
2016-02-29;-0,006833204;0,002663291;0,014355028;0,002487047;0,014933842;0,028474557;-0,015173174;0,002292884;0,000236927
2016-03-31;0,068592614;0,002320744;0,01876183;0,002489452;-4,63947E-05;-0,011358254;-0,024691075;-0,016832996;0,000518293
2016-04-30;0,016458277;0,017730054;0,00570832;0,000430153;0,00504615;-0,005712115;-0,02180289;-0,028625387;0,000312137
2016-05-31;0,006534551;-0,008420925;0,006702729;0,000288631;-0,005030463;-0,007771497;0,025195722;0,013974317;5,4651E-05
2016-06-30;-0,010725729;0,001279498;-0,012668486;-0,001238973;0,020735682;0,053627715;0,039170257;0,006347658;0,000545158
2016-07-31;0,042517369;-0,00900332;0,015237844;-0,000605508;-0,01788859;-0,022882346;-0,015276304;0,005295527;0,000219354
2016-08-31;0,001336724;0,017146308;-0,000689581;0,00079332;-0,006142543;-0,029770428;-0,025651327;-0,00397361;0,00019993
2016-09-30;0,005763319;-0,004413043;0,010145951;-0,002052922;0,001979162;-0,003863562;0,002077635;-0,001213667;0,000412547
2016-10-31;-0,019095394;0,025040981;-0,017990929;-0,004331672;-0,010320427;-0,014300164;-0,000155132;-0,003624;0,000267583
2016-11-30;0,01492446;0,026242161;0,030768521;-0,000357245;-0,015617969;-0,029349219;-0,00982161;-0,00583462;0,000115276
2016-12-31;0,024291928;0,021969688;-0,001743274;-0,001473936;0,005168042;-0,00149573;-0,005804846;-0,004426849;0,000389783
2017-01-31;0,024368375;-0,022066355;-0,000687949;-0,002991395;-0,010605361;-0,005872584;0,002241336;-0,011577483;0,000526837
2017-02-28;0,028235101;-0,00862232;-0,008526297;-0,002679071;0,002913507;0,005131152;0,000232932;0,018399301;0,000382833
2017-03-31;0,011368299;-0,01076097;-0,003760276;0,000177247;0,004293186;-0,006584316;0,00938178;0,003107129;0,000167398
2017-04-30;0,015300619;-0,018949557;0,006232698;-0,000409809;-0,007772437;-0,004364837;-0,002195066;0,001585072;0,000602268
2017-05-31;0,022123017;-0,024042487;-0,015438184;-0,001424677;0,006718419;0,007725094;0,017326017;0,006698287;0,000522002
2017-06-30;0,004228085;0,019287308;0,012530673;2,39878E-05;-0,005582424;-0,00959491;-0,004737734;-0,017612389;0,000793784
2017-07-31;0,024241408;-0,002942315;-0,003038135;0,00199529;-0,007350181;-0,004897186;-0,000828215;-0,014391049;0,000807185
2017-08-31;0,001912646;-0,018356707;-0,00248625;-0,003386614;0,0004388;0,006868243;0,012790743;0,011570877;0,001033467
2017-09-30;0,022837889;0,014879183;0,017866058;0,001753755;0,00332513;-0,020386574;0,003140934;-0,005985949;0,0008394
2017-10-31;0,019150232;-0,017227765;-0,004266172;-0,000660024;-0,015342602;-0,004656359;0,031178924;0,016258412;0,00078666
2017-11-30;0,022179908;-0,001632583;-3,84232E-05;-0,002332853;0,000980269;0,006412645;-0,007748934;0,000631334;0,000740601
2017-12-31;0,013836156;0,001690901;0,001875309;-0,001510368;-0,004467101;-0,011706125;-0,011173729;-0,003168974;0,00093871
2018-01-31;0,053025597;-0,020357165;-0,021218681;-0,002641479;-0,015506415;-0,022641048;0,020521612;-0,013288912;0,001128012
2018-02-28;-0,0410059;-0,017962769;0,001483125;-0,002495641;-0,007958116;0,001134433;0,026269048;0,015126739;0,00081521
2018-03-31;-0,021149283;-0,000191685;0,02472995;0,007178344;0,004946634;0,020997108;-0,011794905;0,004023033;0,00139879
2018-04-30;0,012108432;0,004090801;-0,001186072;-0,00122508;-0,003199105;-0,010741885;0,002554366;-0,010340887;0,001341189
2018-05-31;0,007215167;-0,037465732;0,020046179;-0,00619949;-0,018196836;-0,004915948;0,024036363;0,02676418;0,001552132
2018-06-30;-0,00011405;-0,001507115;-0,002131562;0,000740744;0,003501435;0,007319027;-0,000947949;0,003051678;0,001629056
2018-07-31;0,031486032;0,011197517;-0,021137099;0,002918773;0,005989345;0,000530024;-0,008595832;0,004069953;0,001571875
2018-08-31;0,012841545;-0,034773245;0,009347402;-0,00171243;-0,011634066;0,003114756;0,033073551;0,019806561;0,001838178
2018-09-30;0,005986917;0,007900553;-0,021650782;-0,000956948;0,004498809;0,006644584;0,005408422;-0,002977411;0,001430234
2018-10-31;-0,073190956;0,039894345;-0,029507524;-0,001387296;0,027893975;0,027792265;-0,023431156;0,004138746;0,001811942
2018-11-30;0,011882741;0,010124377;-0,006434781;0,01377212;0,014046634;0,017483354;0,002924425;-0,006979468;0,002012446
2018-12-31;-0,075659696;-0,002655266;-0,017594424;0,002694705;0,009472381;0,0206318;0,000357247;0,00191747;0,002021705
2019-01-31;0,078144836;-0,013040241;0,026385674;-0,005789015;-0,020680582;-0,0262954;-0,015830163;-0,006654732;0,002107117
2019-02-28;0,030573232;-0,009106197;0,008994056;0,002862935;0,000866583;0,000308047;0,00853841;0,016254535;0,00183905
2019-03-31;0,01381392;-0,020821857;-0,02079627;-0,001250418;0,000320241;0,007860618;0,013614239;0,019288266;0,002223366
2019-04-30;0,036034313;-0,013292612;-0,004455963;-0,001253903;-0,01861513;-0,025627139;-0,001464328;0,002847715;0,001975015
2019-05-31;-0,056800638;-0,008035948;-0,007785924;0,00437864;0,011770284;0,047914441;0,020675414;-0,002931053;0,00236611
2019-06-30;0,06631597;-0,004881946;-0,008508542;-0,002993596;-0,001511615;-0,018088215;-0,009340273;-0,001690046;0,002332984
2019-07-31;0,005231915;-0,012215852;0,001325531;0,001305294;-0,011084602;-0,000406603;0,009771539;0,01705313;0,001786881
2019-08-31;-0,019975537;-0,020920784;-0,014887687;0,006191989;0,004431259;0,037524015;0,022449764;0,006230462;0,002144484
2019-09-30;0,021757177;0,034583354;5,2035E-05;0,001575342;0,013125155;-0,011098067;-0,028139163;-0,005847125;0,00163587
2019-10-31;0,025725188;-0,009993444;0,001209126;-0,000195328;-0,001070247;-0,016896206;-0,017409427;0,003576139;0,002106132
2019-11-30;0,028326949;-0,014843262;0,004652132;-0,00114162;-0,012893004;-0,022318646;0,000783596;0,013225056;0,001226624
2019-12-31;0,030341114;0,001427355;0,001655115;-0,0006971;0,000718368;-0,013884993;-0,013392779;0,000553555;0,00143713
2020-01-31;-0,00580467;-0,045849774;-0,021577392;0,005974762;-0,021186181;0,025638766;0,03672799;0,014145358;0,001384861
2020-02-29;-0,084095538;-0,021403738;-0,00762129;0,004871225;-0,006590204;0,004018189;0,016429658;0,010227223;0,001805768
2020-03-31;-0,131686466;-0,067500875;-0,082024199;0,005066987;0,017907385;0,0332918;0,034694731;0,048160296;0,003069109
2020-04-30;0,109792665;-0,040098152;0,024366636;-0,005008428;-0,028014149;-0,036502985;-0,01099476;-0,000673817;0,000116418
2020-05-31;0,048967706;-0,035483944;0,025747308;0,002094926;-0,026870572;-0,020990727;0,007459913;0,007580612;3,61686E-05
2020-06-30;0,026875483;-0,037490929;-0,002001201;-0,00322193;-0,019723842;-0,029160579;0,016958121;-0,01090892;0,000152983
2020-07-31;0,04817439;-0,043920168;-0,012592433;-0,010976112;-0,0226158;-0,009030371;0,007106433;-0,014360352;0,000228609
2020-08-31;0,06721079;-0,038995909;-0,015340274;-0,001001527;-0,033802839;-0,042393372;0,006931125;0,001241476;7,77092E-05
2020-09-30;-0,034109938;0,00620643;0,018275399;0,003661948;0,009456937;0,018267332;0,006560181;0,014038231;0,000103881
2020-10-31;-0,030419056;0,00500444;0,034019381;-0,003234908;-0,000996122;-0,001467665;-0,004967854;-0,006355864;9,47298E-05
2020-11-30;0,128277932;0,039863521;0,02511082;-0,003255838;-0,010141462;-0,05792197;-0,035683853;-0,028558977;0,000103861
2020-12-31;0,042749673;-0,013564584;0,029883661;-0,002739617;-0,01002017;-0,02163152;-0,003953661;-0,011712759;8,88954E-05
2021-01-31;-0,009700823;-0,000310444;0,03242514;0,001154626;-0,002722478;-0,009357231;0,019896426;-0,009563906;0,000115055
2021-02-28;0,02596195;0,042350826;0,026671828;0,000428765;-0,012553695;-0,041959957;-0,031081545;-0,012830005;8,88773E-05
2021-03-31;0,033849421;0,048985504;-0,012844544;0,004773949;0,029180639;0,016490087;-0,025036669;0,012414408;7,9318E-05
2021-04-30;0,04699464;-0,030439566;-0,00922785;-0,003477672;-0,024667204;-0,01683201;0,016812561;0,000414467;3,5711E-05
2021-05-31;0,014986735;0,031043711;-0,006684763;0,001900001;0,014629703;0,00299634;-0,027382268;-0,003013193;1,95158E-05
2021-06-30;0,015233061;-0,058623926;-0,013281352;-0,000131518;-0,023324549;-0,004802713;0,004296133;0,029304942;-3,3633E-05
2021-07-31;0,018156554;-0,022748334;-0,026069495;0,004826025;-0,006703317;0,00895141;-0,001326183;0,015962642;4,69216E-05
2021-08-31;0,025199408;-0,016592824;-0,000360659;0,003289216;-0,013893554;-0,006891248;0,008498703;0,009541603;4,44281E-05
2021-09-30;-0,041081744;0,022734176;0,012232592;-0,001762941;0,000331096;-0,00371372;0,008185263;-0,018712399;3,9859E-05
2021-10-31;0,056911498;-0,021145822;-0,023754316;0,016425249;-0,030830186;-0,025813212;0,017059287;0,008501343;-5,39736E-06
2021-11-30;-0,021579908;-0,030477025;-0,026424208;-0,004498295;-0,008396241;0,001850351;-0,001557645;0,022462993;3,65361E-05
2021-12-31;0,043040039;0,044967863;-0,006901992;0,002337731;0,033738789;0,015578577;-0,030827511;-0,007182202;2,65708E-05
2022-01-31;-0,052710032;0,080745264;-0,025347135;-0,006917417;0,046188895;-0,002348118;-0,020999173;-0,023907255;-0,000261964
2022-02-28;-0,024967724;0,019042389;0,030113474;-0,005626391;0,012280451;0,007678498;0,00263955;-0,014350148;1,95175E-05
2022-03-31;0,028066229;-0,008752558;-0,019483252;0,00178903;-0,003885665;0,018588609;0,019767448;0,008545624;-2,5746E-05
2022-04-30;-0,082672398;0,070513571;0,011828959;0,002807439;0,049788327;0,034534659;-0,017084245;0,006134757;0,000176074
2022-05-31;0,001525604;0,044207174;-0,003669515;-0,006012216;0,010316155;-0,008223817;-0,005750502;-0,01409929;0,000658085
2022-06-30;-0,086263559;-0,002799735;-0,010570757;0,006863188;0,021498339;0,043059741;0,02406402;0,014245024;-0,000159745
2022-07-31;0,079682307;-0,069604984;0,010011005;-0,005866266;-0,053205067;-0,043550832;-0,036285989;0,005649786;0,000773539
2022-08-31;-0,041415996;0,023090671;0,013618156;-0,009320741;0,001739366;0,012212128;0,027558909;-0,011150833;0,001632133
2022-09-30;-0,092550119;0,017674409;-0,005803922;0,000663027;0,017489235;0,024235805;0,034752541;0,008789716;0,001887391
2022-10-31;0,072084828;0,050090908;0,008619056;-0,004789792;0,003326328;-0,01386694;0,026318461;-0,007509841;0,001512771
2022-11-30;0,070023706;0,007751417;-0,011457782;0,009563142;0,010548669;-0,008724088;-0,032653607;0,002070765;0,003245006
2022-12-31;-0,042088378;0,037402621;0,007385928;-0,000632263;0,028301827;0,022368929;0,006984288;-0,008161309;0,003933642
2023-01-31;0,071027568;-0,049692741;0,022404213;0,000961454;-0,04275507;-0,052183062;-0,066806365;-0,013280898;0,003248464
2023-02-28;-0,023651212;-0,010183775;0,006804671;-0,000219273;-0,008821987;-0,011764163;0,003572226;0,00461083;0,003286535
