"MKT","HML","value","fevals","gevals","niter","convcode","kkt1","kkt2","xtime","Factor","Type","max.quarter","SMB","HDY","QLT","MOM","ESG","LOV"
2.32107757888081,2.87637152844964,89392672254.0394,9,9,NA,0,TRUE,TRUE,35.2599999999948,"HML","BO",40,NA,NA,NA,NA,NA,NA
1.43781611852365,-2.18714690458855,4873646458.5105,6,6,NA,0,TRUE,TRUE,18.0599999999977,"HML","DD",40,NA,NA,NA,NA,NA,NA
2.54648357104643,3.39960483394838,899972327.014471,10,10,NA,0,TRUE,TRUE,36.1399999999994,"HML","FOF",40,NA,NA,NA,NA,NA,NA
1.58642008172555,0.587434318083179,2054611602.85126,8,8,NA,0,TRUE,TRUE,26.1399999999994,"HML","INF",40,NA,NA,NA,NA,NA,NA
1.75810695784244,4.28619149343771,230929876.781852,8,8,NA,0,TRUE,TRUE,25.679999999993,"HML","MEZZ",40,NA,NA,NA,NA,NA,NA
-0.450912920985361,1.32578420159405,2364436654.03272,11,11,NA,0,TRUE,TRUE,40.1900000000023,"HML","NATRES",40,NA,NA,NA,NA,NA,NA
1.42526749855103,-2.0229910952218,5379532268.55136,7,7,NA,0,TRUE,TRUE,22.6699999999983,"HML","PD",40,NA,NA,NA,NA,NA,NA
2.23540444172581,2.44919326465527,100453308887.86,9,9,NA,0,TRUE,TRUE,33.7299999999959,"HML","PE",40,NA,NA,NA,NA,NA,NA
0.994888476265908,2.73828280495432,16879852222.5962,8,8,NA,0,TRUE,TRUE,26,"HML","RE",40,NA,NA,NA,NA,NA,NA
1.63915801299756,7.5993102158493,827584110.665566,10,10,NA,0,TRUE,TRUE,35.2999999999884,"HML","SEC",40,NA,NA,NA,NA,NA,NA
2.35895554569579,-0.808817294140625,4727207601.38367,8,8,NA,0,TRUE,TRUE,28.6399999999994,"HML","VC",40,NA,NA,NA,NA,NA,NA
2.34593112811373,2.84247381378301,100522277298.205,9,9,NA,0,TRUE,TRUE,32.2700000000041,"HML","BO",45,NA,NA,NA,NA,NA,NA
1.40128351647801,-2.28100908020597,5469746486.21594,6,6,NA,0,TRUE,TRUE,19.8300000000017,"HML","DD",45,NA,NA,NA,NA,NA,NA
2.52413070222956,3.43521321077879,951633609.756763,9,9,NA,0,TRUE,TRUE,28.679999999993,"HML","FOF",45,NA,NA,NA,NA,NA,NA
1.5235445609236,0.661241795187801,2128290209.8249,7,7,NA,0,TRUE,TRUE,23.6399999999994,"HML","INF",45,NA,NA,NA,NA,NA,NA
1.70445784238692,4.36052216368025,255991013.047463,8,8,NA,0,TRUE,TRUE,24.2799999999988,"HML","MEZZ",45,NA,NA,NA,NA,NA,NA
-0.463080295945598,1.27417552474389,2522829104.95787,11,11,NA,0,TRUE,TRUE,36.5500000000029,"HML","NATRES",45,NA,NA,NA,NA,NA,NA
1.38724406975276,-2.1073399894139,6024587416.4016,7,7,NA,0,TRUE,TRUE,23.4900000000052,"HML","PD",45,NA,NA,NA,NA,NA,NA
2.25887300730848,2.43163556259014,112278447453.53,9,9,NA,0,TRUE,TRUE,33.4599999999919,"HML","PE",45,NA,NA,NA,NA,NA,NA
0.984852252187525,2.76432260910965,18296770182.7169,8,8,NA,0,TRUE,TRUE,27.3800000000047,"HML","RE",45,NA,NA,NA,NA,NA,NA
1.62654095488178,7.55286516076365,868096225.036789,11,11,NA,0,TRUE,TRUE,40.6499999999942,"HML","SEC",45,NA,NA,NA,NA,NA,NA
2.29550864928922,-1.19220255686268,5323794380.44916,8,8,NA,0,TRUE,TRUE,28.8899999999994,"HML","VC",45,NA,NA,NA,NA,NA,NA
2.33997001312131,2.77163675670777,110328153227.111,9,9,NA,0,TRUE,TRUE,31.5800000000017,"HML","BO",50,NA,NA,NA,NA,NA,NA
1.32881454266733,-2.31623018961022,5922499075.02408,7,7,NA,0,TRUE,TRUE,23.8300000000017,"HML","DD",50,NA,NA,NA,NA,NA,NA
2.50381588768443,3.45290861025184,985494595.830724,9,9,NA,0,TRUE,TRUE,30.4200000000128,"HML","FOF",50,NA,NA,NA,NA,NA,NA
1.46659788538579,0.800219660579813,2170030701.59334,8,8,NA,0,TRUE,TRUE,24.859999999986,"HML","INF",50,NA,NA,NA,NA,NA,NA
1.61084373575343,4.45922073716054,282913993.090796,8,8,NA,0,TRUE,TRUE,28.6199999999953,"HML","MEZZ",50,NA,NA,NA,NA,NA,NA
-0.45651250463241,1.17934776944816,2628487973.5171,10,10,NA,0,TRUE,TRUE,31.6199999999953,"HML","NATRES",50,NA,NA,NA,NA,NA,NA
1.31549838353746,-2.12860756119309,6514701659.33023,6,6,NA,0,TRUE,TRUE,21.0400000000081,"HML","PD",50,NA,NA,NA,NA,NA,NA
2.24512889375055,2.40534905495579,122729261853.402,9,9,NA,0,TRUE,TRUE,33.9799999999959,"HML","PE",50,NA,NA,NA,NA,NA,NA
0.958229176995972,2.77002679070061,19182729881.3987,9,9,NA,0,TRUE,TRUE,33.070000000007,"HML","RE",50,NA,NA,NA,NA,NA,NA
1.63760347706366,7.50194628822075,904963419.948399,11,11,NA,0,TRUE,TRUE,38.3899999999994,"HML","SEC",50,NA,NA,NA,NA,NA,NA
2.18071293810686,-1.54740245450107,5854367101.95563,8,8,NA,0,TRUE,TRUE,27.4800000000105,"HML","VC",50,NA,NA,NA,NA,NA,NA
2.3104087016396,2.7206646272921,118732442390.63,9,9,NA,0,TRUE,TRUE,31.7299999999959,"HML","BO",55,NA,NA,NA,NA,NA,NA
1.29810651352561,-2.27706805987721,6116093097.18708,7,7,NA,0,TRUE,TRUE,24.3600000000006,"HML","DD",55,NA,NA,NA,NA,NA,NA
2.4971329216313,3.44696699643922,1008446207.91216,9,9,NA,0,TRUE,TRUE,29.8800000000047,"HML","FOF",55,NA,NA,NA,NA,NA,NA
1.45439135688421,0.821440950453952,2191151451.20773,8,8,NA,0,TRUE,TRUE,25.3099999999977,"HML","INF",55,NA,NA,NA,NA,NA,NA
1.51835543721565,4.57404247858803,308033830.370073,8,8,NA,0,TRUE,TRUE,28,"HML","MEZZ",55,NA,NA,NA,NA,NA,NA
-0.45798250734946,1.07948501258089,2706967083.42029,11,11,NA,0,TRUE,TRUE,35.9099999999889,"HML","NATRES",55,NA,NA,NA,NA,NA,NA
1.2815519548613,-2.08192025142084,6742323636.14329,7,7,NA,0,TRUE,TRUE,22.2900000000081,"HML","PD",55,NA,NA,NA,NA,NA,NA
2.21126980417541,2.39064779510075,131677528007.206,8,8,NA,0,TRUE,TRUE,31.0500000000029,"HML","PE",55,NA,NA,NA,NA,NA,NA
0.922243975880372,2.72046450368753,19664462744.7237,7,7,NA,0,TRUE,TRUE,24.179999999993,"HML","RE",55,NA,NA,NA,NA,NA,NA
1.64289029205586,7.42704719368447,952861889.395674,11,11,NA,0,TRUE,TRUE,39.6399999999994,"HML","SEC",55,NA,NA,NA,NA,NA,NA
2.0463440500316,-1.92791916438287,6334660249.14859,8,8,NA,0,TRUE,TRUE,27.6999999999971,"HML","VC",55,NA,NA,NA,NA,NA,NA
2.28509292041506,2.68631460449118,125239004114.076,9,9,NA,0,TRUE,TRUE,31.7100000000064,"HML","BO",60,NA,NA,NA,NA,NA,NA
1.27950187293063,-2.22276331330129,6256364716.84744,8,8,NA,0,TRUE,TRUE,28.0299999999988,"HML","DD",60,NA,NA,NA,NA,NA,NA
2.4825498847845,3.42392384385449,1037351675.86685,10,10,NA,0,TRUE,TRUE,35.7600000000093,"HML","FOF",60,NA,NA,NA,NA,NA,NA
1.46099298782793,0.804641779462876,2203041451.16078,8,8,NA,0,TRUE,TRUE,24.2400000000052,"HML","INF",60,NA,NA,NA,NA,NA,NA
1.40232039245389,4.74591333515404,333207001.996148,8,8,NA,0,TRUE,TRUE,27.5900000000111,"HML","MEZZ",60,NA,NA,NA,NA,NA,NA
-0.478632777642558,1.11005307506677,2767293514.5217,11,11,NA,0,TRUE,TRUE,39.1000000000058,"HML","NATRES",60,NA,NA,NA,NA,NA,NA
1.25987838864649,-2.03058705358283,6911964524.91505,7,7,NA,0,TRUE,TRUE,21.8300000000017,"HML","PD",60,NA,NA,NA,NA,NA,NA
2.18640848276169,2.37249856585008,138587927005.812,8,8,NA,0,TRUE,TRUE,30.1399999999994,"HML","PE",60,NA,NA,NA,NA,NA,NA
0.899645148068231,2.71247151613411,19867591592.4456,7,7,NA,0,TRUE,TRUE,24.8000000000029,"HML","RE",60,NA,NA,NA,NA,NA,NA
1.63993444060499,7.36640153888669,1001238669.89881,11,11,NA,0,TRUE,TRUE,38.9300000000076,"HML","SEC",60,NA,NA,NA,NA,NA,NA
1.94626415946416,-2.24013437508608,6755165426.32286,8,8,NA,0,TRUE,TRUE,27.5200000000041,"HML","VC",60,NA,NA,NA,NA,NA,NA
1.61700876212518,NA,68775395219.2869,10,10,NA,0,TRUE,TRUE,35.6199999999953,"SMB","BO",40,3.23839546060204,NA,NA,NA,NA,NA
-0.227619288395837,NA,3088214208.32194,8,8,NA,0,TRUE,TRUE,27.0299999999988,"SMB","DD",40,4.12174024361952,NA,NA,NA,NA,NA
1.91614994080876,NA,937491584.299305,10,10,NA,0,TRUE,TRUE,33.1900000000023,"SMB","FOF",40,2.18538396078167,NA,NA,NA,NA,NA
1.27690201863456,NA,1992036650.83281,9,9,NA,0,TRUE,TRUE,28.179999999993,"SMB","INF",40,1.49007965845421,NA,NA,NA,NA,NA
1.30749703184476,NA,211081946.265126,8,8,NA,0,TRUE,TRUE,26.9499999999971,"SMB","MEZZ",40,2.5913939481306,NA,NA,NA,NA,NA
-0.714676641211774,NA,2364506686.56666,9,9,NA,0,TRUE,TRUE,31,"SMB","NATRES",40,0.922726092810299,NA,NA,NA,NA,NA
-0.146739076909609,NA,3427542723.73639,8,8,NA,0,TRUE,TRUE,24.9600000000064,"SMB","PD",40,3.93074730594245,NA,NA,NA,NA,NA
1.49154617456061,NA,74951978123.2307,9,9,NA,0,TRUE,TRUE,33.8600000000006,"SMB","PE",40,3.27544943423931,NA,NA,NA,NA,NA
-0.126869674244163,NA,16755267220.8559,9,9,NA,0,TRUE,TRUE,29.1499999999942,"SMB","RE",40,2.65437854824067,NA,NA,NA,NA,NA
0.879364358103042,NA,996074588.871276,10,10,NA,0,TRUE,TRUE,33.6800000000076,"SMB","SEC",40,4.05952961684659,NA,NA,NA,NA,NA
2.50460972490047,NA,4517420100.03751,7,7,NA,0,TRUE,TRUE,25.1999999999971,"SMB","VC",40,-1.13523928642421,NA,NA,NA,NA,NA
1.61206131816603,NA,79642085306.1568,11,11,NA,0,TRUE,TRUE,40.0899999999965,"SMB","BO",45,3.06648472991767,NA,NA,NA,NA,NA
-0.228179705060223,NA,3603138834.28037,8,8,NA,0,TRUE,TRUE,24.5899999999965,"SMB","DD",45,4.01706718339029,NA,NA,NA,NA,NA
1.89346957434289,NA,1000455621.41577,10,10,NA,0,TRUE,TRUE,35.6100000000006,"SMB","FOF",45,2.07923927682906,NA,NA,NA,NA,NA
1.19758292933407,NA,2068070275.62192,9,9,NA,0,TRUE,TRUE,33.9100000000035,"SMB","INF",45,1.47907044648793,NA,NA,NA,NA,NA
1.24200293447661,NA,240868028.534889,8,8,NA,0,TRUE,TRUE,24.3300000000017,"SMB","MEZZ",45,2.46985038841008,NA,NA,NA,NA,NA
-0.661889830806665,NA,2526999636.71286,10,10,NA,0,TRUE,TRUE,33.8800000000047,"SMB","NATRES",45,0.779219326167883,NA,NA,NA,NA,NA
-0.148722953430964,NA,3987277656.12477,9,9,NA,0,TRUE,TRUE,33.2200000000012,"SMB","PD",45,3.82251292941883,NA,NA,NA,NA,NA
1.49058530136415,NA,86337651760.63,9,9,NA,0,TRUE,TRUE,34.1000000000058,"SMB","PE",45,3.11055738223539,NA,NA,NA,NA,NA
-0.0235996513721219,NA,18423034641.4513,9,9,NA,0,TRUE,TRUE,28.5,"SMB","RE",45,2.39667027667368,NA,NA,NA,NA,NA
0.932135065112649,NA,1048738493.40365,10,10,NA,0,TRUE,TRUE,32.4500000000116,"SMB","SEC",45,3.82709403554852,NA,NA,NA,NA,NA
2.5220667726867,NA,4946715230.9577,6,6,NA,0,TRUE,TRUE,21.1399999999994,"SMB","VC",45,-1.4161370375152,NA,NA,NA,NA,NA
1.59121881109097,NA,89262598851.4066,9,9,NA,0,TRUE,TRUE,31.6999999999971,"SMB","BO",50,2.93072072558698,NA,NA,NA,NA,NA
-0.23816547447442,NA,4002113245.76279,8,8,NA,0,TRUE,TRUE,26.0699999999924,"SMB","DD",50,3.92322349019706,NA,NA,NA,NA,NA
1.88820207759373,NA,1047549559.60998,10,10,NA,0,TRUE,TRUE,37.7200000000012,"SMB","FOF",50,1.9525141455923,NA,NA,NA,NA,NA
1.1452643550541,NA,2116032881.38652,9,9,NA,0,TRUE,TRUE,30.1900000000023,"SMB","INF",50,1.47566883709491,NA,NA,NA,NA,NA
1.14761186926064,NA,277355042.748869,8,8,NA,0,TRUE,TRUE,24.9199999999983,"SMB","MEZZ",50,2.29461271197126,NA,NA,NA,NA,NA
-0.711418549304543,NA,2626660957.85731,10,10,NA,0,TRUE,TRUE,35.8299999999872,"SMB","NATRES",50,0.86385132020696,NA,NA,NA,NA,NA
-0.153886407674731,NA,4435608293.98957,9,9,NA,0,TRUE,TRUE,30.8899999999994,"SMB","PD",50,3.70665955968804,NA,NA,NA,NA,NA
1.46547335277611,NA,96565527498.2411,9,9,NA,0,TRUE,TRUE,33.8799999999901,"SMB","PE",50,2.98384662937149,NA,NA,NA,NA,NA
-0.012386022730331,NA,19339853806.1439,9,9,NA,0,TRUE,TRUE,29.5299999999988,"SMB","RE",50,2.30977446003108,NA,NA,NA,NA,NA
1.01917134998033,NA,1102808620.21492,10,10,NA,0,TRUE,TRUE,32.0399999999936,"SMB","SEC",50,3.55147321663064,NA,NA,NA,NA,NA
2.52063671531627,NA,5295760176.96623,7,7,NA,0,TRUE,TRUE,25.9500000000116,"SMB","VC",50,-1.6223546887945,NA,NA,NA,NA,NA
1.55767972042443,NA,97410284942.8676,9,9,NA,0,TRUE,TRUE,33.1700000000128,"SMB","BO",55,2.87583921492871,NA,NA,NA,NA,NA
-0.210017650214168,NA,4147344820.87238,9,9,NA,0,TRUE,TRUE,28.3600000000006,"SMB","DD",55,3.82345490377542,NA,NA,NA,NA,NA
1.93097642664287,NA,1084715108.93724,10,10,NA,0,TRUE,TRUE,33.3000000000029,"SMB","FOF",55,1.79761212127996,NA,NA,NA,NA,NA
1.13666768479006,NA,2138676178.55919,9,9,NA,0,TRUE,TRUE,32.2399999999907,"SMB","INF",55,1.46446426953325,NA,NA,NA,NA,NA
1.03870186637628,NA,314027088.904653,8,8,NA,0,TRUE,TRUE,25.2899999999936,"SMB","MEZZ",55,2.14432395883411,NA,NA,NA,NA,NA
-0.724464064232742,NA,2702761345.24077,10,10,NA,0,TRUE,TRUE,31.429999999993,"SMB","NATRES",55,0.858358974802158,NA,NA,NA,NA,NA
-0.1256369017567,NA,4630081109.35509,9,9,NA,0,TRUE,TRUE,33.0800000000017,"SMB","PD",55,3.59257805500058,NA,NA,NA,NA,NA
1.43567138676343,NA,105340738740.388,9,9,NA,0,TRUE,TRUE,33.9400000000023,"SMB","PE",55,2.92465258143843,NA,NA,NA,NA,NA
0.0109178847748354,NA,19833064758.1186,8,8,NA,0,TRUE,TRUE,29.1899999999878,"SMB","RE",55,2.19130131342451,NA,NA,NA,NA,NA
1.09416877569322,NA,1155334927.15122,10,10,NA,0,TRUE,TRUE,32.2300000000105,"SMB","SEC",55,3.38177162895153,NA,NA,NA,NA,NA
2.52473742739327,NA,5571768515.67719,6,6,NA,0,TRUE,TRUE,21.6500000000087,"SMB","VC",55,-1.80431959372192,NA,NA,NA,NA,NA
1.56668976112865,NA,104499527437.912,9,9,NA,0,TRUE,TRUE,33.7799999999988,"SMB","BO",60,2.79509269372598,NA,NA,NA,NA,NA
-0.175243256185106,NA,4262204886.87627,9,9,NA,0,TRUE,TRUE,28.2799999999988,"SMB","DD",60,3.72248330873208,NA,NA,NA,NA,NA
1.96848137045744,NA,1122413397.18304,9,9,NA,0,TRUE,TRUE,31.0399999999936,"SMB","FOF",60,1.66717689594753,NA,NA,NA,NA,NA
1.14572630406075,NA,2150766922.73452,9,9,NA,0,TRUE,TRUE,32.5599999999977,"SMB","INF",60,1.45228110741701,NA,NA,NA,NA,NA
0.885670392693291,NA,353421872.485054,8,8,NA,0,TRUE,TRUE,24.6100000000006,"SMB","MEZZ",60,1.9914888702682,NA,NA,NA,NA,NA
-0.708783463567926,NA,2767011437.06695,9,9,NA,0,TRUE,TRUE,29.3300000000017,"SMB","NATRES",60,0.793505386000982,NA,NA,NA,NA,NA
-0.094203200055757,NA,4796575550.0517,9,9,NA,0,TRUE,TRUE,32.8299999999872,"SMB","PD",60,3.48160576050749,NA,NA,NA,NA,NA
1.45147413117595,NA,113076045522.55,9,9,NA,0,TRUE,TRUE,34.4300000000076,"SMB","PE",60,2.83317735090079,NA,NA,NA,NA,NA
0.0148750625746268,NA,20032126030.6358,9,9,NA,0,TRUE,TRUE,29.1100000000006,"SMB","RE",60,2.15141435773995,NA,NA,NA,NA,NA
1.15206132153602,NA,1195391489.6788,10,10,NA,0,TRUE,TRUE,33.5600000000122,"SMB","SEC",60,3.30521510481049,NA,NA,NA,NA,NA
2.5305010215332,NA,5788570302.34798,7,7,NA,0,TRUE,TRUE,25.6699999999983,"SMB","VC",60,-1.9565638818416,NA,NA,NA,NA,NA
1.75856019743101,NA,70791162401.2291,11,11,NA,0,TRUE,TRUE,39.5800000000017,"HDY","BO",40,NA,5.00420562274326,NA,NA,NA,NA
1.08483490344058,NA,5670675207.55197,7,7,NA,0,TRUE,TRUE,21.929999999993,"HDY","DD",40,NA,0.721488761006883,NA,NA,NA,NA
1.36505912361564,NA,683551961.420776,12,12,NA,0,TRUE,TRUE,41.8600000000006,"HDY","FOF",40,NA,6.49530699947533,NA,NA,NA,NA
1.03281965454729,NA,1715506896.39119,7,7,NA,0,TRUE,TRUE,22.5599999999977,"HDY","INF",40,NA,4.42940187399125,NA,NA,NA,NA
1.38735039603956,NA,215310991.37214,9,9,NA,0,TRUE,TRUE,28.8600000000006,"HDY","MEZZ",40,NA,4.92044160450028,NA,NA,NA,NA
-1.19275341857661,NA,2263326419.68541,12,12,NA,0,TRUE,TRUE,41.4799999999959,"HDY","NATRES",40,NA,4.33780637281911,NA,NA,NA,NA
1.07334524554209,NA,6055314169.22809,7,7,NA,0,TRUE,TRUE,23.6499999999942,"HDY","PD",40,NA,0.873322095286829,NA,NA,NA,NA
1.72394219593585,NA,80577831083.6519,11,11,NA,0,TRUE,TRUE,41.6899999999878,"HDY","PE",40,NA,4.58141675112104,NA,NA,NA,NA
0.322555698981919,NA,16300994323.6138,9,9,NA,0,TRUE,TRUE,31.4199999999983,"HDY","RE",40,NA,4.85171090675095,NA,NA,NA,NA
1.03876512135673,NA,969988520.54959,11,11,NA,0,TRUE,TRUE,40.6299999999901,"HDY","SEC",40,NA,6.87214516658552,NA,NA,NA,NA
2.3309853312383,NA,4641581667.58369,8,8,NA,0,TRUE,TRUE,28.3199999999924,"HDY","VC",40,NA,-1.25216120936555,NA,NA,NA,NA
1.76522371559645,NA,82093120861.8101,11,11,NA,0,TRUE,TRUE,39.8899999999994,"HDY","BO",45,NA,4.75741437863254,NA,NA,NA,NA
1.05731105194807,NA,6331090930.37299,7,7,NA,0,TRUE,TRUE,21.9400000000023,"HDY","DD",45,NA,0.855213519744683,NA,NA,NA,NA
1.28973169675635,NA,736292745.189265,12,12,NA,0,TRUE,TRUE,43.5899999999965,"HDY","FOF",45,NA,6.36758712713559,NA,NA,NA,NA
0.985544038869283,NA,1788564670.56354,8,8,NA,0,TRUE,TRUE,28.2200000000012,"HDY","INF",45,NA,4.41299815541596,NA,NA,NA,NA
1.30622617579447,NA,254139335.439056,8,8,NA,0,TRUE,TRUE,24.3600000000006,"HDY","MEZZ",45,NA,4.44283885040292,NA,NA,NA,NA
-1.12984999088878,NA,2443952228.64563,11,11,NA,0,TRUE,TRUE,36.3600000000006,"HDY","NATRES",45,NA,3.81423476460299,NA,NA,NA,NA
1.044867603884,NA,6745866967.74595,7,7,NA,0,TRUE,TRUE,24.5299999999988,"HDY","PD",45,NA,1.00027553984172,NA,NA,NA,NA
1.7256870751856,NA,92324994191.9936,11,11,NA,0,TRUE,TRUE,41.6899999999878,"HDY","PE",45,NA,4.41482394842817,NA,NA,NA,NA
0.329830782142111,NA,17817675428.2822,9,9,NA,0,TRUE,TRUE,32.2600000000093,"HDY","RE",45,NA,4.67036666073854,NA,NA,NA,NA
1.05497405935143,NA,1033464687.54545,11,11,NA,0,TRUE,TRUE,37.2900000000081,"HDY","SEC",45,NA,6.45771137781787,NA,NA,NA,NA
2.29996418243674,NA,5143506896.67954,7,7,NA,0,TRUE,TRUE,22.9399999999878,"HDY","VC",45,NA,-1.69386791438805,NA,NA,NA,NA
1.72671309415497,NA,92373599576.4744,11,11,NA,0,TRUE,TRUE,40.5,"HDY","BO",50,NA,4.54411334961617,NA,NA,NA,NA
1.00139451146241,NA,6759396749.83657,7,7,NA,0,TRUE,TRUE,24.179999999993,"HDY","DD",50,NA,0.927411918660489,NA,NA,NA,NA
1.25273760440296,NA,771023264.061883,11,11,NA,0,TRUE,TRUE,38.3699999999953,"HDY","FOF",50,NA,6.20713127819874,NA,NA,NA,NA
0.954798208335125,NA,1830562393.66444,8,8,NA,0,TRUE,TRUE,29.0500000000029,"HDY","INF",50,NA,4.41994680329936,NA,NA,NA,NA
1.12360628712058,NA,289555415.551506,9,9,NA,0,TRUE,TRUE,31.1800000000076,"HDY","MEZZ",50,NA,4.31338837761448,NA,NA,NA,NA
-1.09481771684333,NA,2556054290.3425,11,11,NA,0,TRUE,TRUE,38.2899999999936,"HDY","NATRES",50,NA,3.58354166052971,NA,NA,NA,NA
0.988775594041915,NA,7202713211.00882,7,7,NA,0,TRUE,TRUE,21.5899999999965,"HDY","PD",50,NA,1.07043489143269,NA,NA,NA,NA
1.68001164698751,NA,102883765355.712,11,11,NA,0,TRUE,TRUE,43.7700000000041,"HDY","PE",50,NA,4.29360567887014,NA,NA,NA,NA
0.330654184702314,NA,18833348688.1792,9,9,NA,0,TRUE,TRUE,28.7699999999895,"HDY","RE",50,NA,4.46147442332489,NA,NA,NA,NA
1.08965778401263,NA,1090825622.17867,11,11,NA,0,TRUE,TRUE,37.5500000000029,"HDY","SEC",50,NA,6.080111366035,NA,NA,NA,NA
2.25192927697823,NA,5559801559.86671,7,7,NA,0,TRUE,TRUE,26.0299999999988,"HDY","VC",50,NA,-2.04552439286591,NA,NA,NA,NA
1.67788037258776,NA,100939549176.209,11,11,NA,0,TRUE,TRUE,40.75,"HDY","BO",55,NA,4.47621257723114,NA,NA,NA,NA
0.971247367813099,NA,6906899504.08217,7,7,NA,0,TRUE,TRUE,21.1300000000047,"HDY","DD",55,NA,0.970346078939044,NA,NA,NA,NA
1.24596109976552,NA,801990345.642042,12,12,NA,0,TRUE,TRUE,41.6399999999994,"HDY","FOF",55,NA,6.01925728380766,NA,NA,NA,NA
0.950062284499862,NA,1854218614.24342,8,8,NA,0,TRUE,TRUE,28.1800000000076,"HDY","INF",55,NA,4.40735843258208,NA,NA,NA,NA
0.983024234631362,NA,321869578.279817,8,8,NA,0,TRUE,TRUE,24.4899999999907,"HDY","MEZZ",55,NA,4.23100097552963,NA,NA,NA,NA
-1.09659682345165,NA,2635385926.26495,11,11,NA,0,TRUE,TRUE,36.3899999999994,"HDY","NATRES",55,NA,3.51230136446181,NA,NA,NA,NA
0.956433500943666,NA,7379317239.58094,7,7,NA,0,TRUE,TRUE,24.6300000000047,"HDY","PD",55,NA,1.11588375630681,NA,NA,NA,NA
1.62798713106566,NA,111817695859.39,11,11,NA,0,TRUE,TRUE,41.5,"HDY","PE",55,NA,4.27041056774129,NA,NA,NA,NA
0.3231845698095,NA,19358932304.1292,8,8,NA,0,TRUE,TRUE,29.1899999999878,"HDY","RE",55,NA,4.27741601563045,NA,NA,NA,NA
1.12828336887723,NA,1143780480.11586,11,11,NA,0,TRUE,TRUE,38.0899999999965,"HDY","SEC",55,NA,5.86529622797638,NA,NA,NA,NA
2.21135218181483,NA,5911018143.23653,7,7,NA,0,TRUE,TRUE,22.8600000000006,"HDY","VC",55,NA,-2.35405799417929,NA,NA,NA,NA
1.67035723189002,NA,108300354675.756,11,11,NA,0,TRUE,TRUE,40.5599999999977,"HDY","BO",60,NA,4.35100812748461,NA,NA,NA,NA
0.944881175375373,NA,7004703380.4165,7,7,NA,0,TRUE,TRUE,24.1200000000099,"HDY","DD",60,NA,1.01515595858306,NA,NA,NA,NA
1.23765647995691,NA,833059995.306248,12,12,NA,0,TRUE,TRUE,40.4400000000023,"HDY","FOF",60,NA,5.87616093700309,NA,NA,NA,NA
0.961187747180648,NA,1872675700.68931,8,8,NA,0,TRUE,TRUE,24.3899999999994,"HDY","INF",60,NA,4.35181026191467,NA,NA,NA,NA
0.818448980714171,NA,356601751.02449,8,8,NA,0,TRUE,TRUE,26.6100000000006,"HDY","MEZZ",60,NA,4.09389433733371,NA,NA,NA,NA
-1.07987180089698,NA,2706084223.54632,11,11,NA,0,TRUE,TRUE,40.5299999999988,"HDY","NATRES",60,NA,3.33100554738907,NA,NA,NA,NA
0.927663659924382,NA,7506251246.85926,7,7,NA,0,TRUE,TRUE,22.2700000000041,"HDY","PD",60,NA,1.16017957866764,NA,NA,NA,NA
1.61493928786901,NA,119585230524.871,10,10,NA,0,TRUE,TRUE,37.8300000000017,"HDY","PE",60,NA,4.17607076942483,NA,NA,NA,NA
0.323257586132202,NA,19594821199.0269,8,8,NA,0,TRUE,TRUE,28.6000000000058,"HDY","RE",60,NA,4.16400544967028,NA,NA,NA,NA
1.22579219217853,NA,1203345599.91797,11,11,NA,0,TRUE,TRUE,36.1100000000006,"HDY","SEC",60,NA,5.46751039123199,NA,NA,NA,NA
2.18458465353202,NA,6186338404.30246,7,7,NA,0,TRUE,TRUE,23.0600000000122,"HDY","VC",60,NA,-2.61098901727433,NA,NA,NA,NA
3.05505225855176,NA,95522161282.1803,11,11,NA,0,TRUE,TRUE,41.7600000000093,"QLT","BO",40,NA,NA,2.54172732199206,NA,NA,NA
2.24905231574278,NA,2692657058.57387,8,8,NA,0,TRUE,TRUE,28.3899999999994,"QLT","DD",40,NA,NA,3.69076220534597,NA,NA,NA
3.3311129519067,NA,1080275356.3634,12,12,NA,0,TRUE,TRUE,40.8500000000058,"QLT","FOF",40,NA,NA,2.72830390994962,NA,NA,NA
2.42827430313217,NA,1809005101.49992,8,8,NA,0,TRUE,TRUE,24.6399999999994,"QLT","INF",40,NA,NA,3.20411847111856,NA,NA,NA
1.84219181856521,NA,293661214.840714,8,8,NA,0,TRUE,TRUE,28,"QLT","MEZZ",40,NA,NA,-1.08301681371654,NA,NA,NA
0.038206697248264,NA,2365203043.14644,12,12,NA,0,TRUE,TRUE,42.7599999999948,"QLT","NATRES",40,NA,NA,1.6742735184965,NA,NA,NA
2.23524063839166,NA,3107981904.05757,8,8,NA,0,TRUE,TRUE,25.9900000000052,"QLT","PD",40,NA,NA,3.66560121131682,NA,NA,NA
3.06984331597823,NA,102503207931.185,11,11,NA,0,TRUE,TRUE,42.7700000000041,"QLT","PE",40,NA,NA,2.79476643710499,NA,NA,NA
1.76597448362164,NA,17360805083.0212,8,8,NA,0,TRUE,TRUE,25.2799999999988,"QLT","RE",40,NA,NA,3.57461288173015,NA,NA,NA
3.01684611387714,NA,1370264102.62846,11,11,NA,0,TRUE,TRUE,36.1500000000087,"QLT","SEC",40,NA,NA,1.36986308666081,NA,NA,NA
2.662821558336,NA,4552355401.08163,9,9,NA,0,TRUE,TRUE,32.8899999999994,"QLT","VC",40,NA,NA,2.57903197066153,NA,NA,NA
3.05456918640095,NA,106837084942.219,11,11,NA,0,TRUE,TRUE,44.1100000000006,"QLT","BO",45,NA,NA,2.47454099671568,NA,NA,NA
2.23703304251166,NA,3034736278.31296,10,10,NA,0,TRUE,TRUE,36.8700000000099,"QLT","DD",45,NA,NA,3.72130620209715,NA,NA,NA
3.28105764081161,NA,1143798576.68311,12,12,NA,0,TRUE,TRUE,43.6900000000023,"QLT","FOF",45,NA,NA,2.67682911995126,NA,NA,NA
2.35000211362355,NA,1877742760.46096,8,8,NA,0,TRUE,TRUE,25.570000000007,"QLT","INF",45,NA,NA,3.34629346157708,NA,NA,NA
1.74200176610136,NA,321057828.091735,7,7,NA,0,TRUE,TRUE,22.6999999999971,"QLT","MEZZ",45,NA,NA,-1.40801973994991,NA,NA,NA
-0.012447742600726,NA,2525990885.59195,12,12,NA,0,TRUE,TRUE,42.7200000000012,"QLT","NATRES",45,NA,NA,1.47933241193126,NA,NA,NA
2.21883725289284,NA,3497777059.74477,9,9,NA,0,TRUE,TRUE,30.5800000000017,"QLT","PD",45,NA,NA,3.6951560655092,NA,NA,NA
3.05909610708654,NA,114626385419.067,11,11,NA,0,TRUE,TRUE,41.390000000014,"QLT","PE",45,NA,NA,2.70959910956878,NA,NA,NA
1.76096212973654,NA,18729642952.0466,9,9,NA,0,TRUE,TRUE,33.3600000000006,"QLT","RE",45,NA,NA,3.65989445120298,NA,NA,NA
3.00751415806325,NA,1408718739.20812,11,11,NA,0,TRUE,TRUE,37.1100000000006,"QLT","SEC",45,NA,NA,1.2599752695872,NA,NA,NA
2.49659935290226,NA,5210251315.96653,9,9,NA,0,TRUE,TRUE,31.0299999999988,"QLT","VC",45,NA,NA,2.40888056617462,NA,NA,NA
3.00001644692146,NA,116787453717.719,11,11,NA,0,TRUE,TRUE,39.8500000000058,"QLT","BO",50,NA,NA,2.33028524301529,NA,NA,NA
2.20116293075888,NA,3317836081.24215,10,10,NA,0,TRUE,TRUE,32.5500000000029,"QLT","DD",50,NA,NA,3.69003422703452,NA,NA,NA
3.22812526441929,NA,1186620533.25928,12,12,NA,0,TRUE,TRUE,42.2700000000041,"QLT","FOF",50,NA,NA,2.595839964746,NA,NA,NA
2.29753668906454,NA,1921543889.0027,10,10,NA,0,TRUE,TRUE,33.3899999999994,"QLT","INF",50,NA,NA,3.47765933201452,NA,NA,NA
1.58206384716807,NA,349234570.700334,9,9,NA,0,TRUE,TRUE,32.2100000000064,"QLT","MEZZ",50,NA,NA,-1.82438909401648,NA,NA,NA
-0.0540983763693496,NA,2633008525.03738,11,11,NA,0,TRUE,TRUE,36.9700000000012,"QLT","NATRES",50,NA,NA,1.30609553116247,NA,NA,NA
2.17773555127623,NA,3828290105.09522,10,10,NA,0,TRUE,TRUE,31.9700000000012,"QLT","PD",50,NA,NA,3.65797381279625,NA,NA,NA
2.97890469749022,NA,125904543639.919,11,11,NA,0,TRUE,TRUE,42.6900000000023,"QLT","PE",50,NA,NA,2.54657620081404,NA,NA,NA
1.72308042180552,NA,19632207709.6601,9,9,NA,0,TRUE,TRUE,29.25,"QLT","RE",50,NA,NA,3.62437143767568,NA,NA,NA
2.99077234730499,NA,1445608591.95827,11,11,NA,0,TRUE,TRUE,35.9300000000076,"QLT","SEC",50,NA,NA,1.12241238053444,NA,NA,NA
2.31940754341225,NA,5789047088.47563,9,9,NA,0,TRUE,TRUE,32.8899999999994,"QLT","VC",50,NA,NA,2.65338658091475,NA,NA,NA
2.91780293712213,NA,125670358423.203,10,10,NA,0,TRUE,TRUE,39.8299999999872,"QLT","BO",55,NA,NA,2.12208323389102,NA,NA,NA
2.15288390890246,NA,3565248977.3764,9,9,NA,0,TRUE,TRUE,32.4700000000012,"QLT","DD",55,NA,NA,3.60622681539484,NA,NA,NA
3.21944904394417,NA,1209442919.98448,12,12,NA,0,TRUE,TRUE,42.8899999999994,"QLT","FOF",55,NA,NA,2.58491609684409,NA,NA,NA
2.29915948643009,NA,1940730455.06746,10,10,NA,0,TRUE,TRUE,31.7999999999884,"QLT","INF",55,NA,NA,3.51496717284391,NA,NA,NA
1.41027086327617,NA,376014002.374716,9,9,NA,0,TRUE,TRUE,27.320000000007,"QLT","MEZZ",55,NA,NA,-2.21857570184613,NA,NA,NA
-0.112129353583068,NA,2712913658.22415,12,12,NA,0,TRUE,TRUE,40.9499999999971,"QLT","NATRES",55,NA,NA,1.07267327390555,NA,NA,NA
2.12347313329536,NA,4123066666.053,10,10,NA,0,TRUE,TRUE,35.5,"QLT","PD",55,NA,NA,3.56623660368301,NA,NA,NA
2.89143516903102,NA,135788472623.953,11,11,NA,0,TRUE,TRUE,41.8399999999965,"QLT","PE",55,NA,NA,2.35441656075786,NA,NA,NA
1.67764656880746,NA,20076929475.6035,7,7,NA,0,TRUE,TRUE,24.4300000000076,"QLT","RE",55,NA,NA,3.5954396115499,NA,NA,NA
2.9704115118346,NA,1486176628.71396,11,11,NA,0,TRUE,TRUE,37.7699999999895,"QLT","SEC",55,NA,NA,0.987490331048742,NA,NA,NA
2.1413429319453,NA,6356136443.02018,10,10,NA,0,TRUE,TRUE,35.7600000000093,"QLT","VC",55,NA,NA,2.85843461664047,NA,NA,NA
2.8516666370303,NA,132575925878.757,10,10,NA,0,TRUE,TRUE,36.109999999986,"QLT","BO",60,NA,NA,1.90209557912641,NA,NA,NA
2.09628202918144,NA,3827421264.05234,9,9,NA,0,TRUE,TRUE,29.0899999999965,"QLT","DD",60,NA,NA,3.49133499362922,NA,NA,NA
3.20846995243824,NA,1233620206.7753,12,12,NA,0,TRUE,TRUE,42.5300000000134,"QLT","FOF",60,NA,NA,2.60607732166128,NA,NA,NA
2.30258011755653,NA,1956671328.45424,10,10,NA,0,TRUE,TRUE,36.1900000000023,"QLT","INF",60,NA,NA,3.48118989582342,NA,NA,NA
1.25443142250891,NA,400991930.68094,9,9,NA,0,TRUE,TRUE,30.1700000000128,"QLT","MEZZ",60,NA,NA,-2.55977662941313,NA,NA,NA
-0.187223625649283,NA,2779126776.35822,9,9,NA,0,TRUE,TRUE,27.9700000000012,"QLT","NATRES",60,NA,NA,0.725532797756481,NA,NA,NA
2.06171230985964,NA,4429773151.75753,9,9,NA,0,TRUE,TRUE,32.3899999999994,"QLT","PD",60,NA,NA,3.44411048465069,NA,NA,NA
2.82547541400643,NA,143426076693.633,11,11,NA,0,TRUE,TRUE,42.9499999999971,"QLT","PE",60,NA,NA,2.14103842958509,NA,NA,NA
1.63706071158643,NA,20318742330.7984,7,7,NA,0,TRUE,TRUE,21.6100000000006,"QLT","RE",60,NA,NA,3.52130678322583,NA,NA,NA
2.95540853277767,NA,1525598672.89828,11,11,NA,0,TRUE,TRUE,38.179999999993,"QLT","SEC",60,NA,NA,0.861520996787072,NA,NA,NA
2.01777375992205,NA,6897929255.2401,10,10,NA,0,TRUE,TRUE,38.1499999999942,"QLT","VC",60,NA,NA,2.97105777894151,NA,NA,NA
1.58761354218905,NA,58034603618.145,10,10,NA,0,TRUE,TRUE,40.1999999999971,"MOM","BO",40,NA,NA,NA,4.14494382885059,NA,NA
1.2070488977166,NA,2490033047.17835,10,10,NA,0,TRUE,TRUE,35.3199999999924,"MOM","DD",40,NA,NA,NA,3.68262829599096,NA,NA
1.96842043172616,NA,868135448.855806,9,9,NA,0,TRUE,TRUE,29.6100000000006,"MOM","FOF",40,NA,NA,NA,2.14975450832767,NA,NA
1.13202758098185,NA,1679400307.3359,9,9,NA,0,TRUE,TRUE,28.2599999999948,"MOM","INF",40,NA,NA,NA,2.91694620725839,NA,NA
1.11618766064421,NA,198649635.034628,8,8,NA,0,TRUE,TRUE,28.3500000000058,"MOM","MEZZ",40,NA,NA,NA,2.85611460809482,NA,NA
-0.959010450168639,NA,2105111135.83912,11,11,NA,0,TRUE,TRUE,36.4900000000052,"MOM","NATRES",40,NA,NA,NA,3.50664499693754,NA,NA
1.1973252358959,NA,2769958469.22233,10,10,NA,0,TRUE,TRUE,31.5500000000029,"MOM","PD",40,NA,NA,NA,3.55861529013739,NA,NA
1.49759481578807,NA,63164791757.3334,10,10,NA,0,TRUE,TRUE,37.7600000000093,"MOM","PE",40,NA,NA,NA,4.11955607439772,NA,NA
0.223345162258911,NA,12045449513.4388,9,9,NA,0,TRUE,TRUE,29.7899999999936,"MOM","RE",40,NA,NA,NA,5.25986298068622,NA,NA
0.903718331913068,NA,546789427.603961,10,10,NA,0,TRUE,TRUE,31,"MOM","SEC",40,NA,NA,NA,5.52783979373308,NA,NA
2.43060885369496,NA,4729797447.69666,8,8,NA,0,TRUE,TRUE,29.9600000000064,"MOM","VC",40,NA,NA,NA,-0.356300034907374,NA,NA
1.57605593863367,NA,69313091696.1877,10,10,NA,0,TRUE,TRUE,38.6900000000023,"MOM","BO",45,NA,NA,NA,3.87053771737024,NA,NA
1.18022859274413,NA,2991959218.01583,10,10,NA,0,TRUE,TRUE,33.5099999999948,"MOM","DD",45,NA,NA,NA,3.6190688083834,NA,NA
1.95466370205323,NA,941580265.715124,9,9,NA,0,TRUE,TRUE,28.7400000000052,"MOM","FOF",45,NA,NA,NA,1.96041504209777,NA,NA
1.02359582140429,NA,1754044786.08268,9,9,NA,0,TRUE,TRUE,29.3899999999994,"MOM","INF",45,NA,NA,NA,2.92533601953354,NA,NA
1.0515039125889,NA,234429804.17773,8,8,NA,0,TRUE,TRUE,27.8399999999965,"MOM","MEZZ",45,NA,NA,NA,2.66551780237344,NA,NA
-0.955254612454026,NA,2260200261.63217,12,12,NA,0,TRUE,TRUE,39.3999999999942,"MOM","NATRES",45,NA,NA,NA,3.489581692179,NA,NA
1.16812332575357,NA,3329096756.06463,9,9,NA,0,TRUE,TRUE,28.4199999999983,"MOM","PD",45,NA,NA,NA,3.47799405177542,NA,NA
1.48079065894036,NA,75005407703.5299,10,10,NA,0,TRUE,TRUE,38.0299999999988,"MOM","PE",45,NA,NA,NA,3.86936128161136,NA,NA
0.254967088772206,NA,13612091880.5026,8,8,NA,0,TRUE,TRUE,29.2799999999988,"MOM","RE",45,NA,NA,NA,4.76456648432171,NA,NA
0.94246659276459,NA,603794013.22726,11,11,NA,0,TRUE,TRUE,39,"MOM","SEC",45,NA,NA,NA,5.21846090789193,NA,NA
2.43937148473427,NA,5266602356.71836,8,8,NA,0,TRUE,TRUE,26.8399999999965,"MOM","VC",45,NA,NA,NA,-0.6494757387841,NA,NA
1.54988501611023,NA,79754872575.6394,10,10,NA,0,TRUE,TRUE,36.7699999999895,"MOM","BO",50,NA,NA,NA,3.65306533536689,NA,NA
1.11264341950102,NA,3408438519.20698,9,9,NA,0,TRUE,TRUE,31.2199999999866,"MOM","DD",50,NA,NA,NA,3.57906907613308,NA,NA
1.96668938825273,NA,999246904.865573,9,9,NA,0,TRUE,TRUE,30.2300000000105,"MOM","FOF",50,NA,NA,NA,1.7680523157082,NA,NA
0.950086672946323,NA,1806503333.59723,8,8,NA,0,TRUE,TRUE,24.8799999999901,"MOM","INF",50,NA,NA,NA,2.92912791910096,NA,NA
0.927720057911125,NA,273800978.205497,8,8,NA,0,TRUE,TRUE,27.7799999999988,"MOM","MEZZ",50,NA,NA,NA,2.51745611825972,NA,NA
-0.948361656793727,NA,2379317507.5352,12,12,NA,0,TRUE,TRUE,40.3499999999913,"MOM","NATRES",50,NA,NA,NA,3.35918791276713,NA,NA
1.09887025740517,NA,3803355241.17418,9,9,NA,0,TRUE,TRUE,28.3099999999977,"MOM","PD",50,NA,NA,NA,3.41445175233844,NA,NA
1.44523392462243,NA,86062609226.992,10,10,NA,0,TRUE,TRUE,38.1600000000035,"MOM","PE",50,NA,NA,NA,3.68861179115659,NA,NA
0.239313216489095,NA,14677199252.4447,8,8,NA,0,TRUE,TRUE,26.9700000000012,"MOM","RE",50,NA,NA,NA,4.44989904630283,NA,NA
1.02274476999369,NA,678903590.123251,12,12,NA,0,TRUE,TRUE,41.8699999999953,"MOM","SEC",50,NA,NA,NA,4.78266982993425,NA,NA
2.43540045348366,NA,5702902508.70372,7,7,NA,0,TRUE,TRUE,25.3099999999977,"MOM","VC",50,NA,NA,NA,-0.862091085200048,NA,NA
1.53255618645591,NA,89451434103.9115,10,10,NA,0,TRUE,TRUE,35.8899999999994,"MOM","BO",55,NA,NA,NA,3.46765294065638,NA,NA
1.06945209977138,NA,3719509188.88405,9,9,NA,0,TRUE,TRUE,29.1100000000006,"MOM","DD",55,NA,NA,NA,3.43169035345022,NA,NA
2.01820614312859,NA,1044337807.65096,8,8,NA,0,TRUE,TRUE,27.2699999999895,"MOM","FOF",55,NA,NA,NA,1.57692583793403,NA,NA
0.946827969671914,NA,1829392141.13695,8,8,NA,0,TRUE,TRUE,24.6100000000006,"MOM","INF",55,NA,NA,NA,2.89545714066764,NA,NA
0.802952024018218,NA,314226513.48703,8,8,NA,0,TRUE,TRUE,27.1100000000006,"MOM","MEZZ",55,NA,NA,NA,2.36197384832016,NA,NA
-0.940449169782569,NA,2479483777.46904,11,11,NA,0,TRUE,TRUE,39.9600000000064,"MOM","NATRES",55,NA,NA,NA,3.14586176159291,NA,NA
1.05437596968759,NA,4169047917.04178,9,9,NA,0,TRUE,TRUE,30.2400000000052,"MOM","PD",55,NA,NA,NA,3.2516288279658,NA,NA
1.43062969335481,NA,96344864186.9609,10,10,NA,0,TRUE,TRUE,38.1900000000023,"MOM","PE",55,NA,NA,NA,3.51593489217067,NA,NA
0.209897454406719,NA,15380486593.244,8,8,NA,0,TRUE,TRUE,24.8999999999942,"MOM","RE",55,NA,NA,NA,4.2034047538639,NA,NA
1.12079128415986,NA,763308073.214945,12,12,NA,0,TRUE,TRUE,39.8000000000029,"MOM","SEC",55,NA,NA,NA,4.33593486426309,NA,NA
2.43443059657924,NA,6063287180.98474,8,8,NA,0,TRUE,TRUE,30.7699999999895,"MOM","VC",55,NA,NA,NA,-1.04405672811919,NA,NA
1.52202368769134,NA,97649003888.7679,10,10,NA,0,TRUE,TRUE,39.1999999999971,"MOM","BO",60,NA,NA,NA,3.31213033596271,NA,NA
1.03529916894438,NA,4006314265.1285,9,9,NA,0,TRUE,TRUE,30,"MOM","DD",60,NA,NA,NA,3.25949441607122,NA,NA
2.05670430879843,NA,1086028417.96153,9,9,NA,0,TRUE,TRUE,29.2600000000093,"MOM","FOF",60,NA,NA,NA,1.43710599781445,NA,NA
0.96301204522249,NA,1843614581.8285,7,7,NA,0,TRUE,TRUE,23.9600000000064,"MOM","INF",60,NA,NA,NA,2.85124878118326,NA,NA
0.653199658931336,NA,354312304.52394,8,8,NA,0,TRUE,TRUE,25.0899999999965,"MOM","MEZZ",60,NA,NA,NA,2.2366890832581,NA,NA
-0.91912197158136,NA,2577764966.20132,11,11,NA,0,TRUE,TRUE,35.8700000000099,"MOM","NATRES",60,NA,NA,NA,2.82667536073633,NA,NA
1.0191283581767,NA,4504424403.04872,9,9,NA,0,TRUE,TRUE,29.8000000000029,"MOM","PD",60,NA,NA,NA,3.07939844944542,NA,NA
1.4211377552108,NA,105100455160.081,10,10,NA,0,TRUE,TRUE,37.7299999999959,"MOM","PE",60,NA,NA,NA,3.36929326138043,NA,NA
0.213190190295587,NA,15827462973.916,7,7,NA,0,TRUE,TRUE,23.1600000000035,"MOM","RE",60,NA,NA,NA,3.94757659540401,NA,NA
1.21216277425208,NA,828922301.069849,11,11,NA,0,TRUE,TRUE,40.1999999999971,"MOM","SEC",60,NA,NA,NA,4.0273341996611,NA,NA
2.44696272702556,NA,6357709699.41298,9,9,NA,0,TRUE,TRUE,33.4500000000116,"MOM","VC",60,NA,NA,NA,-1.18839032581208,NA,NA
1.93875423316029,NA,79063425692.5586,16,16,NA,0,TRUE,TRUE,59.9100000000035,"ESG","BO",40,NA,NA,NA,NA,19.0932581191411,NA
1.37186190677111,NA,5619574964.84447,14,14,NA,0,TRUE,TRUE,47.8899999999994,"ESG","DD",40,NA,NA,NA,NA,-4.63027644367068,NA
1.62429017384643,NA,685240743.235526,17,17,NA,0,TRUE,TRUE,60.4100000000035,"ESG","FOF",40,NA,NA,NA,NA,30.7333870443555,NA
1.26592033775373,NA,1891841214.10704,12,12,NA,0,TRUE,TRUE,42.8999999999942,"ESG","INF",40,NA,NA,NA,NA,12.146130176515,NA
1.51868067705559,NA,257706625.777741,11,11,NA,0,TRUE,TRUE,37.8800000000047,"ESG","MEZZ",40,NA,NA,NA,NA,18.2293858183232,NA
-0.14122113849491,NA,2384728860.04043,15,15,NA,0,TRUE,TRUE,52.8499999999913,"ESG","NATRES",40,NA,NA,NA,NA,-1.99129141156711,NA
1.35483797238717,NA,6063839178.48736,14,14,NA,0,TRUE,TRUE,48.4700000000012,"ESG","PD",40,NA,NA,NA,NA,-4.00668664089068,NA
1.88134743252612,NA,89022437107.9441,15,15,NA,0,TRUE,TRUE,59.5,"ESG","PE",40,NA,NA,NA,NA,17.6231320887577,NA
0.471504592586747,NA,15530178249.4854,14,14,NA,0,TRUE,TRUE,49.7899999999936,"ESG","RE",40,NA,NA,NA,NA,25.1221138267116,NA
2.071301429605,NA,1135827959.14818,14,14,NA,0,TRUE,TRUE,47.9499999999971,"ESG","SEC",40,NA,NA,NA,NA,18.8171708582292,NA
2.39812995633371,NA,4766088859.92705,11,11,NA,0,TRUE,TRUE,39.1000000000058,"ESG","VC",40,NA,NA,NA,NA,0.578698201795507,NA
1.96241005353767,NA,90692477712.8864,16,16,NA,0,TRUE,TRUE,60.7799999999988,"ESG","BO",45,NA,NA,NA,NA,17.9617223676484,NA
1.35227763107022,NA,6300489407.80072,14,14,NA,0,TRUE,TRUE,48.4799999999959,"ESG","DD",45,NA,NA,NA,NA,-4.72237921178369,NA
1.54653391234874,NA,741590659.630218,16,16,NA,0,TRUE,TRUE,56.9200000000128,"ESG","FOF",45,NA,NA,NA,NA,30.1545478383822,NA
1.21429194386546,NA,1967574626.8422,11,11,NA,0,TRUE,TRUE,35.9300000000076,"ESG","INF",45,NA,NA,NA,NA,12.159569642407,NA
1.46969135551243,NA,298298462.359044,12,12,NA,0,TRUE,TRUE,39.4199999999983,"ESG","MEZZ",45,NA,NA,NA,NA,14.907571743649,NA
-0.0712077815128522,NA,2536376875.75152,14,14,NA,0,TRUE,TRUE,47.7400000000052,"ESG","NATRES",45,NA,NA,NA,NA,-3.56349967952178,NA
1.33662625728109,NA,6779877254.72034,12,12,NA,0,TRUE,TRUE,39.6100000000006,"ESG","PD",45,NA,NA,NA,NA,-4.14726532412932,NA
1.9002170458835,NA,101191255369.371,15,15,NA,0,TRUE,TRUE,57.1100000000006,"ESG","PE",45,NA,NA,NA,NA,16.7985553025038,NA
NA,NA,8.98846567431158e+307,NA,NA,NA,9999,NA,NA,121.759999999995,"ESG","RE",45,NA,NA,NA,NA,NA,NA
2.06581032270904,NA,1194746217.45145,15,15,NA,0,TRUE,TRUE,52.2799999999988,"ESG","SEC",45,NA,NA,NA,NA,17.2935719704515,NA
2.53774480195365,NA,5408364857.37477,12,12,NA,0,TRUE,TRUE,44.5300000000134,"ESG","VC",45,NA,NA,NA,NA,-2.52713257401208,NA
1.94239001982786,NA,101562514678.318,16,16,NA,0,TRUE,TRUE,60.3800000000047,"ESG","BO",50,NA,NA,NA,NA,16.72806153657,NA
1.31541105501155,NA,6719044641.29926,13,13,NA,0,TRUE,TRUE,44.3500000000058,"ESG","DD",50,NA,NA,NA,NA,-5.17458887264121,NA
1.49106444179333,NA,778242735.552077,17,17,NA,0,TRUE,TRUE,62.2899999999936,"ESG","FOF",50,NA,NA,NA,NA,29.7295371404885,NA
1.17927628687959,NA,2018017586.155,11,11,NA,0,TRUE,TRUE,37.0599999999977,"ESG","INF",50,NA,NA,NA,NA,12.0923472167193,NA
1.36380940817675,NA,340323575.826314,13,13,NA,0,TRUE,TRUE,44.7899999999936,"ESG","MEZZ",50,NA,NA,NA,NA,12.0384702374481,NA
-0.0515969922403873,NA,2637336564.36507,14,14,NA,0,TRUE,TRUE,49.6499999999942,"ESG","NATRES",50,NA,NA,NA,NA,-4.06716898686172,NA
1.3004676446582,NA,7230835661.87526,14,14,NA,0,TRUE,TRUE,46.2299999999959,"ESG","PD",50,NA,NA,NA,NA,-4.61675922679313,NA
1.8691196182892,NA,112677812939.209,14,14,NA,0,TRUE,TRUE,55.6900000000023,"ESG","PE",50,NA,NA,NA,NA,15.954714434243,NA
0.473722585365421,NA,18357121482.0271,14,14,NA,0,TRUE,TRUE,49.0499999999884,"ESG","RE",50,NA,NA,NA,NA,22.0730441481512,NA
2.07396302598638,NA,1249691622.10687,15,15,NA,0,TRUE,TRUE,52.5599999999977,"ESG","SEC",50,NA,NA,NA,NA,15.8794470398032,NA
2.66193732244004,NA,5967168631.22796,12,12,NA,0,TRUE,TRUE,44.7400000000052,"ESG","VC",50,NA,NA,NA,NA,-5.10944919663728,NA
1.90223993431091,NA,110917777044.262,16,16,NA,0,TRUE,TRUE,60.9700000000012,"ESG","BO",55,NA,NA,NA,NA,16.1461426702957,NA
1.3021819476146,NA,6859236003.95627,12,12,NA,0,TRUE,TRUE,39.820000000007,"ESG","DD",55,NA,NA,NA,NA,-5.43665491258237,NA
1.46769445283642,NA,806498034.564122,16,16,NA,0,TRUE,TRUE,58.6900000000023,"ESG","FOF",55,NA,NA,NA,NA,29.1986171105479,NA
1.17166913871282,NA,2039556084.68506,10,10,NA,0,TRUE,TRUE,32.9500000000116,"ESG","INF",55,NA,NA,NA,NA,12.1146553013095,NA
1.26614427156372,NA,380124908.972754,14,14,NA,0,TRUE,TRUE,48.0899999999965,"ESG","MEZZ",55,NA,NA,NA,NA,9.68394765585707,NA
-0.0320373275627905,NA,2709912626.01439,14,14,NA,0,TRUE,TRUE,49.3600000000006,"ESG","NATRES",55,NA,NA,NA,NA,-4.68158747821241,NA
1.28620949911549,NA,7401428682.88506,12,12,NA,0,TRUE,TRUE,43.3300000000017,"ESG","PD",55,NA,NA,NA,NA,-4.90783905951945,NA
1.82763884730546,NA,122592758707.136,15,15,NA,0,TRUE,TRUE,56.6900000000023,"ESG","PE",55,NA,NA,NA,NA,15.5393252532275,NA
0.446503051502065,NA,18958979329.3792,13,13,NA,0,TRUE,TRUE,45.2000000000116,"ESG","RE",55,NA,NA,NA,NA,21.0967970926215,NA
2.09606966709057,NA,1303085916.89364,15,15,NA,0,TRUE,TRUE,52.5399999999936,"ESG","SEC",55,NA,NA,NA,NA,14.9997031423808,NA
2.78657028567347,NA,6460976171.45596,12,12,NA,0,TRUE,TRUE,45.4100000000035,"ESG","VC",55,NA,NA,NA,NA,-7.46155897052146,NA
1.91144094407373,NA,119194338037.961,15,15,NA,0,TRUE,TRUE,57.1600000000035,"ESG","BO",60,NA,NA,NA,NA,15.0109810573509,NA
1.28889093792942,NA,6958458946.48821,14,14,NA,0,TRUE,TRUE,47.8899999999994,"ESG","DD",60,NA,NA,NA,NA,-5.56136738504648,NA
1.43715441250837,NA,835172119.900977,16,16,NA,0,TRUE,TRUE,58.359999999986,"ESG","FOF",60,NA,NA,NA,NA,28.9318002555407,NA
1.17989110602542,NA,2054444675.07571,10,10,NA,0,TRUE,TRUE,33.2899999999936,"ESG","INF",60,NA,NA,NA,NA,11.9705625066743,NA
1.175500276425,NA,418195406.536926,14,14,NA,0,TRUE,TRUE,48.1600000000035,"ESG","MEZZ",60,NA,NA,NA,NA,7.26011893930679,NA
0.0146659269057148,NA,2764262602.1843,14,14,NA,0,TRUE,TRUE,49.4900000000052,"ESG","NATRES",60,NA,NA,NA,NA,-5.69381560295049,NA
1.27233287250075,NA,7528500815.00387,14,14,NA,0,TRUE,TRUE,46.1399999999994,"ESG","PD",60,NA,NA,NA,NA,-5.07997500175593,NA
1.83306248486842,NA,131321456545.253,15,15,NA,0,TRUE,TRUE,60.7299999999959,"ESG","PE",60,NA,NA,NA,NA,14.5487769603078,NA
0.430374668556455,NA,19251720245.81,13,13,NA,0,TRUE,TRUE,47.0199999999895,"ESG","RE",60,NA,NA,NA,NA,20.5762069014552,NA
2.14071234522573,NA,1357941135.1346,14,14,NA,0,TRUE,TRUE,47,"ESG","SEC",60,NA,NA,NA,NA,13.951303063314,NA
2.9124910248078,NA,6842780469.93836,11,11,NA,0,TRUE,TRUE,38.8799999999901,"ESG","VC",60,NA,NA,NA,NA,-9.52624324450164,NA
2.0655302761683,NA,52582740826.5579,10,10,NA,0,TRUE,TRUE,36.3300000000017,"LOV","BO",40,NA,NA,NA,NA,NA,4.68868410542453
1.88889873007864,NA,2639194792.75346,9,9,NA,0,TRUE,TRUE,31.3600000000006,"LOV","DD",40,NA,NA,NA,NA,NA,3.84716034420581
1.6264763798211,NA,357027871.086319,12,12,NA,0,TRUE,TRUE,43.7599999999948,"LOV","FOF",40,NA,NA,NA,NA,NA,6.30940676437588
1.21268741840602,NA,964664740.320342,9,9,NA,0,TRUE,TRUE,31.2200000000012,"LOV","INF",40,NA,NA,NA,NA,NA,5.49769256251358
1.84447404908386,NA,128530775.206023,8,8,NA,0,TRUE,TRUE,24.6999999999971,"LOV","MEZZ",40,NA,NA,NA,NA,NA,3.8469082568696
-0.519324364706869,NA,2172886296.88765,10,10,NA,0,TRUE,TRUE,32.8600000000006,"LOV","NATRES",40,NA,NA,NA,NA,NA,2.71690271020001
1.88373728271019,NA,2801513178.13738,9,9,NA,0,TRUE,TRUE,32.3000000000029,"LOV","PD",40,NA,NA,NA,NA,NA,3.84805711851411
1.97586006982071,NA,56389815973.8705,10,10,NA,0,TRUE,TRUE,38.6100000000006,"LOV","PE",40,NA,NA,NA,NA,NA,4.76396726443638
0.930724254185672,NA,10766238064.9449,9,9,NA,0,TRUE,TRUE,29.3999999999942,"LOV","RE",40,NA,NA,NA,NA,NA,5.925897557849
1.82251242297924,NA,534723866.594277,11,11,NA,0,TRUE,TRUE,35.8299999999872,"LOV","SEC",40,NA,NA,NA,NA,NA,5.36697131970184
2.47190288687869,NA,4760554843.47144,7,7,NA,0,TRUE,TRUE,25.4799999999959,"LOV","VC",40,NA,NA,NA,NA,NA,0.19068146606269
2.03774740941502,NA,65262534615.5119,9,9,NA,0,TRUE,TRUE,32.9499999999971,"LOV","BO",45,NA,NA,NA,NA,NA,4.21234171812771
1.87466563940249,NA,3144228105.18215,10,10,NA,0,TRUE,TRUE,32.1499999999942,"LOV","DD",45,NA,NA,NA,NA,NA,3.75256649201741
1.58070263996584,NA,396355898.631733,12,12,NA,0,TRUE,TRUE,41.1299999999901,"LOV","FOF",45,NA,NA,NA,NA,NA,6.15275811773627
1.14652497321763,NA,1042652019.89887,9,9,NA,0,TRUE,TRUE,29.6100000000006,"LOV","INF",45,NA,NA,NA,NA,NA,5.38536848244503
1.73972525437665,NA,156126319.398142,8,8,NA,0,TRUE,TRUE,27.2400000000052,"LOV","MEZZ",45,NA,NA,NA,NA,NA,3.85368999115037
-0.528264216674225,NA,2342039277.89813,11,11,NA,0,TRUE,TRUE,35.8299999999872,"LOV","NATRES",45,NA,NA,NA,NA,NA,2.61897553862993
1.86873125406254,NA,3338969342.34674,9,9,NA,0,TRUE,TRUE,27.6100000000006,"LOV","PD",45,NA,NA,NA,NA,NA,3.75715704931109
1.94580837323976,NA,69751268842.3551,10,10,NA,0,TRUE,TRUE,38.5599999999977,"LOV","PE",45,NA,NA,NA,NA,NA,4.3163637897671
0.906515116041408,NA,12671858157.0316,8,8,NA,0,TRUE,TRUE,26.4600000000064,"LOV","RE",45,NA,NA,NA,NA,NA,5.4729950467016
1.78541997965796,NA,600999079.579081,11,11,NA,0,TRUE,TRUE,40.1900000000023,"LOV","SEC",45,NA,NA,NA,NA,NA,5.1945166095957
2.35156571698328,NA,5406717901.36543,7,7,NA,0,TRUE,TRUE,24.7700000000041,"LOV","VC",45,NA,NA,NA,NA,NA,-0.262609218782404
2.0313721535319,NA,77693212144.3176,10,10,NA,0,TRUE,TRUE,35.9000000000087,"LOV","BO",50,NA,NA,NA,NA,NA,3.75239427670804
1.81414207716102,NA,3546732874.87997,9,9,NA,0,TRUE,TRUE,29.3999999999942,"LOV","DD",50,NA,NA,NA,NA,NA,3.70045498930027
1.55890951389994,NA,430507154.11523,12,12,NA,0,TRUE,TRUE,42.5,"LOV","FOF",50,NA,NA,NA,NA,NA,5.99313946719487
1.13657637310639,NA,1092958615.62325,10,10,NA,0,TRUE,TRUE,34.3699999999953,"LOV","INF",50,NA,NA,NA,NA,NA,5.24686818461056
1.61646591981198,NA,188415957.334309,8,8,NA,0,TRUE,TRUE,27.3000000000029,"LOV","MEZZ",50,NA,NA,NA,NA,NA,3.86097430900896
-0.525751161411607,NA,2461922929.26951,10,10,NA,0,TRUE,TRUE,31.4600000000064,"LOV","NATRES",50,NA,NA,NA,NA,NA,2.45509524898194
1.80779056960045,NA,3775586150.27081,9,9,NA,0,TRUE,TRUE,30.5800000000017,"LOV","PD",50,NA,NA,NA,NA,NA,3.70556536170411
1.93423043873386,NA,82737414982.515,10,10,NA,0,TRUE,TRUE,37.5400000000081,"LOV","PE",50,NA,NA,NA,NA,NA,3.90021333500929
0.862166463787764,NA,13865527115.8997,8,8,NA,0,TRUE,TRUE,29.2600000000093,"LOV","RE",50,NA,NA,NA,NA,NA,5.25988570510474
1.77731074403487,NA,690437509.311981,11,11,NA,0,TRUE,TRUE,35.8999999999942,"LOV","SEC",50,NA,NA,NA,NA,NA,4.84758787919298
2.25452421965483,NA,5935225905.95032,6,6,NA,0,TRUE,TRUE,19.6199999999953,"LOV","VC",50,NA,NA,NA,NA,NA,-0.613565571434263
2.03967132087669,NA,88200556334.4201,10,10,NA,0,TRUE,TRUE,39.6599999999889,"LOV","BO",55,NA,NA,NA,NA,NA,3.47548927255356
1.78418736638951,NA,3736485603.01296,9,9,NA,0,TRUE,TRUE,31.4700000000012,"LOV","DD",55,NA,NA,NA,NA,NA,3.69600761428265
1.56653520427782,NA,471809211.45068,11,11,NA,0,TRUE,TRUE,37.6100000000006,"LOV","FOF",55,NA,NA,NA,NA,NA,5.74999759334084
1.15626166729356,NA,1132588596.97971,10,10,NA,0,TRUE,TRUE,31.6300000000047,"LOV","INF",55,NA,NA,NA,NA,NA,5.09379500436846
1.48403632423432,NA,231625326.460196,8,8,NA,0,TRUE,TRUE,27.5099999999948,"LOV","MEZZ",55,NA,NA,NA,NA,NA,3.65698821935723
-0.534312984988537,NA,2550725615.49315,10,10,NA,0,TRUE,TRUE,35.3500000000058,"LOV","NATRES",55,NA,NA,NA,NA,NA,2.34301921241437
1.7741142685055,NA,4012242974.03284,9,9,NA,0,TRUE,TRUE,29.2300000000105,"LOV","PD",55,NA,NA,NA,NA,NA,3.68803623161996
1.93995136423785,NA,93809829209.5984,10,10,NA,0,TRUE,TRUE,38.2300000000105,"LOV","PE",55,NA,NA,NA,NA,NA,3.64605040438609
0.817325668119749,NA,14515361509.3733,8,8,NA,0,TRUE,TRUE,29.1699999999983,"LOV","RE",55,NA,NA,NA,NA,NA,5.12744650975941
1.8034952737226,NA,775460926.745009,11,11,NA,0,TRUE,TRUE,38.0200000000041,"LOV","SEC",55,NA,NA,NA,NA,NA,4.55118529787162
2.1878762871932,NA,6381266203.76638,7,7,NA,0,TRUE,TRUE,23.0199999999895,"LOV","VC",55,NA,NA,NA,NA,NA,-0.906760003294582
2.06708329386228,NA,97648576289.0968,9,9,NA,0,TRUE,TRUE,33.4399999999878,"LOV","BO",60,NA,NA,NA,NA,NA,3.18462320626425
1.76232918662436,NA,3872342990.88338,10,10,NA,0,TRUE,TRUE,37.0500000000029,"LOV","DD",60,NA,NA,NA,NA,NA,3.70164203099179
1.5533791841304,NA,512405392.38811,12,12,NA,0,TRUE,TRUE,44.1100000000006,"LOV","FOF",60,NA,NA,NA,NA,NA,5.60826577330807
1.18252597194566,NA,1175275837.46589,10,10,NA,0,TRUE,TRUE,35.0399999999936,"LOV","INF",60,NA,NA,NA,NA,NA,4.90178287661384
1.29151133513704,NA,278079841.034475,8,8,NA,0,TRUE,TRUE,24.8099999999977,"LOV","MEZZ",60,NA,NA,NA,NA,NA,3.45026920851191
-0.549334452964502,NA,2633347403.59107,10,10,NA,0,TRUE,TRUE,32.9400000000023,"LOV","NATRES",60,NA,NA,NA,NA,NA,2.17978865603331
1.7461598561444,NA,4203108882.92118,10,10,NA,0,TRUE,TRUE,36.1000000000058,"LOV","PD",60,NA,NA,NA,NA,NA,3.67414634814295
1.96044254603333,NA,103874256863.012,9,9,NA,0,TRUE,TRUE,35.9400000000023,"LOV","PE",60,NA,NA,NA,NA,NA,3.36939121043153
0.794385487763811,NA,14794001629.9263,8,8,NA,0,TRUE,TRUE,25.3099999999977,"LOV","RE",60,NA,NA,NA,NA,NA,5.05342329156639
1.83848670211608,NA,866231093.706472,11,11,NA,0,TRUE,TRUE,48.5300000000134,"LOV","SEC",60,NA,NA,NA,NA,NA,4.20524418779314
2.15703547427166,NA,6733230245.12791,8,8,NA,0,TRUE,TRUE,34.320000000007,"LOV","VC",60,NA,NA,NA,NA,NA,-1.14337294423566
