"Date","RF","MKT","HML","SMB","HDY","QLT","MOM","ESG","LOV"
"1969-12-31",0,NA,NA,NA,NA,NA,NA,NA,NA
"1970-01-31",-0.0035060381768602,-0.0512139618231398,0,0,0,0,0,0,0
"1970-02-28",0.00233190827827413,0.0297220863053412,0,0,0,0,0,0,0
"1970-03-31",-0.0110019646365421,0.0149893362513763,0,0,0,0,0,0,0
"1970-04-30",0.00741029641185647,-0.100011397007076,0,0,0,0,0,0,0
"1970-05-31",-0.00706991358994501,-0.0550383933961143,0,0,0,0,0,0,0
"1970-06-30",-0.00991669972233225,-0.0136925952378991,0,0,0,0,0,0,0
"1970-07-31",0.0240030971738289,0.0391012535369553,0,0,0,0,0,0,0
"1970-08-31",0.00730207532667135,0.0266649862162353,0,0,0,0,0,0,0
"1970-09-30",0,0.0332424215326836,0,0,0,0,0,0,0
"1970-10-31",0.0023006134969327,-0.0160828242760495,0,0,0,0,0,0,0
"1970-11-30",0.0147336607480165,0.00865276371778147,0,0,0,0,0,0,0
"1970-12-31",0.0257637099742371,0.02483867383643,0,0,0,0,0,0,0
"1971-01-31",0.0209009009009004,0.0260093289571855,0,0,0,0,0,0,0
"1971-02-28",-0.00108225108225117,0.0125133284101272,0,0,0,0,0,0,0
"1971-03-31",0.00395256916996072,0.0408213931378207,0,0,0,0,0,0,0
"1971-04-30",0.00500536288880875,0.0284985795651959,0,0,0,0,0,0,0
"1971-05-31",0.00178443968593889,-0.0246990986430007,0,0,0,0,0,0,0
"1971-06-30",-0.00936599423631109,0.0203431631860828,0,0,0,0,0,0,0
"1971-07-31",0.0078627591136533,-0.0230657364763025,0,0,0,0,0,0,0
"1971-08-31",0.0130511463844796,0.00959628204542714,0,0,0,0,0,0,0
"1971-09-30",0.0111614928496685,-0.0198888895201622,0,0,0,0,0,0,0
"1971-10-31",0.0110382890651947,-0.0479744515770709,0,0,0,0,0,0,0
"1971-11-30",0.00617072334590284,0.00315908977596714,0,0,0,0,0,0,0
"1971-12-31",0.0108511359782976,0.0800672636642471,0,0,0,0,0,0,0
"1972-01-31",0.023833167825224,0.0136178744725241,0,0,0,0,0,0,0
"1972-02-29",0.0146771037181989,0.024572127253491,0,0,0,0,0,0,0
"1972-03-31",-0.00425810678021564,0.0188441111805513,0,0,0,0,0,0,0
"1972-04-30",-0.0105925190334325,0.0245866062585626,0,0,0,0,0,0,0
"1972-05-31",0.0117762512266928,0.00930982396312795,0,0,0,0,0,0,0
"1972-06-30",-0.0059230009871673,-0.0165885259995428,0,0,0,0,0,0,0
"1972-07-31",0.00815926892950444,0.00804957309787272,0,0,0,0,0,0,0
"1972-08-31",0.00873503720478786,0.0204123836694072,0,0,0,0,0,0,0
"1972-09-30",0.00674807197943407,-0.0212517200006588,0,0,0,0,0,0,0
"1972-10-31",-0.0140110785272069,0.0229475287747353,0,0,0,0,0,0,0
"1972-11-30",-0.00294117647058828,0.0561368449185971,0,0,0,0,0,0,0
"1972-12-31",0.00293255131964814,0.0160408043463196,0,0,0,0,0,0,0
"1973-01-31",0.00743855109961169,-0.00443419997038999,0,0,0,0,0,0,0
"1973-02-28",0.0108765195137554,-0.00333649541322173,0,0,0,0,0,0,0
"1973-03-31",-0.00256574727389293,0.00459554497755611,0,0,0,0,0,0,0
"1973-04-30",-0.00613101000322795,-0.043563090953687,0,0,0,0,0,0,0
"1973-05-31",-0.0153997378768014,0.0131174030051649,0,0,0,0,0,0,0
"1973-06-30",-0.00692840646651326,0.0139133647078288,0,0,0,0,-0.00213029473018001,0,0
"1973-07-31",-0.0029781601588345,0.0275238225202471,0,0,0,0,-0.0250891734429998,0,0
"1973-08-31",0.0261037705446334,-0.0669697585518848,0,0,0,0,0.0108357765268888,0,0
"1973-09-30",0,0.0296454612202763,0,0,0,0,-0.0417927234142588,0,0
"1973-10-31",0.0130407124681942,-0.00223845034742069,0,0,0,0,0.00281862323677484,0,0
"1973-11-30",0.00537804492249253,-0.13428344910083,0,0,0,0,0.0169855335798551,0,0
"1973-12-31",0.00283911671924313,-0.0102562056922369,0,0,0,0,-0.0220750301163233,0,0
"1974-01-31",0.0084454175789799,6.92083510449321e-05,0,0,0,0,0.0529838582622661,0,0
"1974-02-28",-0.0220588235294115,0.0385037414650256,0,0,0,0,-0.0218848744159622,0,0
"1974-03-31",0.00382165605095572,-0.0282042115697353,0,0,0,0,-0.00645294290867837,0,0
"1974-04-30",0.00789889415481793,-0.023650105786482,0,0,0,0,0.0442520934658792,0,0
"1974-05-31",-0.00508097808828228,-0.0342378565444628,0,0,0,0,0.0301961238844084,0,0
"1974-06-30",0.00631113916061893,-0.0368000379210731,0,0,0,0,-0.00253062221421019,0,0
"1974-07-31",0.00564794477565064,-0.0638292823384314,0,0,0,0,0.0179493954051461,0,0
"1974-08-31",0.00778331257783363,-0.103145704636737,0,0,0,0,0.0198794353944742,0,0
"1974-09-30",0.00433973961562246,-0.0963619953915754,0,0,0,0,0.0365160032547751,0,0
"1974-10-31",0.0107329040171734,0.0863330215375214,0,0,0,0,-0.1425088229665,0,0
"1974-11-30",0.0303300624442457,-0.0446991315694351,0,0,0,0,0.0916845053668001,0,0
"1974-12-31",0.0198192946662786,-0.0350930638111583,0,0,0,0,-0.00997749757162502,0,0
"1975-01-31",0.0351518560179971,0.111985622053117,0.00970999999999991,0,0,0,-0.0997578444963374,0,0
"1975-02-28",0.045600675361027,0.0439469705513742,-0.0368290774423026,0,0,0,-0.0158351733715176,0,0
"1975-03-31",-0.0171615421014294,0.0256174055751802,-0.0155872451108258,0,0,0,0.0170802432171639,0,0
"1975-04-30",0.0138686316630864,0.0286417646706146,-6.38037226534938e-05,0,0,0,-0.0187923528875653,0,0
"1975-05-31",0.0280603072823004,-0.00337759250930485,0.00338441121078906,0,0,0,-0.0147224116333349,0,0
"1975-06-30",-0.00151373012747754,0.0151070121384252,0.0274943433484938,0,0,0,-0.0212399624940465,0,0
"1975-07-31",-0.0683211996518166,0.0139953543131325,0.0274708017663966,0,0,0,0.0251597787968435,0,0
"1975-08-31",0.000353893825039236,-0.0147093488150518,0.00694561934198079,0,0,0,0.0461038416082161,0,0
"1975-09-30",-0.0228770110771956,-0.0180247792170382,0.0169990139639528,0,0,0,0.0196925013446329,0,0
"1975-10-31",0.02654328434081,0.0434843339135409,-0.0112245009190654,0,0,0,-0.0187568675565399,0,0
"1975-11-30",-0.0123760091441348,0.0407269047374551,-0.0101785270477266,0,0,0,0.00469829389801579,0,0
"1975-12-31",0.00748085848304819,-0.00564821836575918,0.024751134867052,0,0,-0.0105568964101952,0.019472736954067,0,0
"1976-01-31",0.00335320898868787,0.0870136029605375,0.00447200415396028,0,0,-0.000384606399280507,-0.0161284013531988,0,0
"1976-02-29",0.0107154549408421,-0.0172219395426481,0.0174134904867755,0,0,-0.00761282355209447,-0.00298738137439769,0,0
"1976-03-31",-0.00779291070768263,0.0205680535102848,0.00790510767172229,0,0,0.00423165991848617,0.0153570536248577,0,0
"1976-04-30",-0.00495340351350193,-0.00141159046947648,0.0216596033070408,0,0,-0.00652886273238861,0.00454890342059589,0,0
"1976-05-31",-0.0151928439518399,-0.00053703406135102,0.00796772052118014,0,0,0.0118067359330339,-0.00325247385775352,0,0
"1976-06-30",0.00511253882333303,0.0266201975599801,0.00620521521329737,0,0,-0.00371501271146957,-0.00787022401931692,0,0
"1976-07-31",0.00153347332755163,-0.00991057209254023,0.0126929245417724,0,0,-0.00198469321550687,-0.00502707947435454,0,0
"1976-08-31",0.0160089126775573,-0.0173565141642661,0.00314107498007999,0,0,-0.00758293390548703,-0.0134014805206352,0,0
"1976-09-30",0.0271040837264556,-0.0177161835254936,0.0240474141014474,0,0,0.00170940093540151,-0.00578519195821414,0,0
"1976-10-31",0.0160735872907224,-0.0501062615329834,0.0076849163477684,0,0,0.00532075923655373,0.00939938835998088,0,0
"1976-11-30",0.0229422646738749,-0.025806933265202,0.0111430847141522,0,0,-0.00866127608413847,0.00978135112194456,0,0
"1976-12-31",0.0144374236750467,0.0618025864733742,0.0111880792158165,0,0,-0.0144173387871331,-0.00521656674030391,0,0
"1977-01-31",-0.00254743611996771,-0.0300398562227121,0.0354791086077699,0,0,-0.0209418407695893,-0.00195227811922083,0,0
"1977-02-28",0.0109003397508493,-0.0142545052230125,-0.000871887478334219,0,0,-0.00861234649434883,-0.00865217289936304,0,0
"1977-03-31",0.0207648339169981,-0.0259424550877157,0.0162897290547697,0,0,-0.00458521557807356,-0.0103056926285543,0,0
"1977-04-30",0.0263976472904073,-0.0143693113065995,0.0318237056099111,0,0,-0.0158417573668707,0.00908695223674361,0,0
"1977-05-31",0.00536468916872293,-0.0178857599952707,0.0138831541753076,0,0,-0.00619887688831144,0.00546455735781104,0,0
"1977-06-30",0.0100252216169331,0.0287231418668753,-0.0138630680342169,0,0,0.00958655564083499,-0.0145239165674813,0,0
"1977-07-31",0.0126071557284958,-0.0249323743792674,0.00963797446202,0,0,-0.00169728997148288,0.00780005876178869,0,0
"1977-08-31",0.00510740015239474,-0.000313198316497446,-0.0293386149690892,0,0,0.00675824442911855,0.0214498129528777,0,0
"1977-09-30",0.00793577885427072,0.00561338686514728,-0.00265292212072859,0,0,-0.00285665502690735,0.0188155874107498,0,0
"1977-10-31",0.0213938455265677,-0.037330265993307,0.00474924133582484,0,0,-0.0166571058466808,-0.00997891134104102,0,0
"1977-11-30",0.00978075707441666,0.0039163311511527,-9.28805646194242e-06,0,0,0.00622007869704233,-0.0121113714228445,0,0
"1977-12-31",0.0543665522066254,-0.0334010713399688,0.0192794852839244,0,0,-0.0178628664577505,0.00413127062859386,0,0
"1978-01-31",0.00943474612085071,-0.0377459312481322,0.002459035398002,0,0,-0.0145362108245038,0.0104642568582048,0,0
"1978-02-28",0.0343012181270762,-0.0407510257521199,0.0172696122740979,0,0,-0.0144122367602626,0.00371247506825856,0,0
"1978-03-31",0.0195546144988853,0.0269643817553745,0.0175432371344139,0,0,-0.0173984371395248,0.0137508162785906,0,0
"1978-04-30",-0.0211895260775648,0.0673630383727846,-0.0278241966977779,0,0,0.0288123394308697,-0.0431440438292325,0,0
"1978-05-31",-0.00822622871899397,0.0219948945539245,-3.9238907265449e-05,0,0,0.00338497108706637,0.00210173504370736,0,0
"1978-06-30",0.00721981188129907,0.00389418909561644,-0.00798374474444552,0,0,-0.0173249132046489,-0.0182495218158797,0,0
"1978-07-31",0.00549461313322988,0.0678156741477333,-0.0138299695106623,0,0,-0.00894676139232996,-0.0146180675390348,0,0
"1978-08-31",0.0246648340327514,-0.000605351697415008,-0.000240618007620881,0,0,0.00423932699429974,-0.0067799760355165,0,0
"1978-09-30",0.0295806720355461,-0.0168803204213171,0.0220778099702524,0,0,-0.0197984561427403,-0.00602728149643905,0,0
"1978-10-31",0.084354727781299,-0.10265060698115,0.00330714474342526,0,0,-0.0517548416755832,-0.0193679584941175,0,0
"1978-11-30",-0.0960595487947657,0.0618747533925462,0.0121876469693811,0,0,0.0410991179274504,0.0490572057763782,0,0
"1978-12-31",0.0507224339604709,-0.0168554645102966,-0.00690524413487451,0,0,-0.0127972773918275,-0.0108311817085043,0,0
"1979-01-31",-0.0272569402100475,0.0540805426802339,0.0155684694497604,0,0,0.0100602738873741,0.00604732635972915,0,0
"1979-02-28",0.0023498405137122,-0.020291479788207,0.00643235960791604,0,0,-0.00840489418237988,-0.0119367062242888,0,0
"1979-03-31",-0.0029156074855111,0.0460061277991247,-0.00590365645305876,0,0,0.0144625435284982,-0.00852992641313199,0,0
"1979-04-30",-0.0221032013902034,0.0218517418314603,0.00407966447364871,0,0,0.00670685861977605,-0.00328793438065089,0,0
"1979-05-31",-0.0241963069587545,0.00808244367780351,-0.00260753670707253,0,0,0.00581259991846317,0.0124159263405073,0,0
"1979-06-30",0.0328828196949273,-0.00283374750935334,0.0131344337819044,0,0,-0.00954632277473344,-0.00411627281069604,0,0
"1979-07-31",0.0191434385294468,-0.0104246099601765,0.00381540197645247,0,0,-0.00398478192159102,-0.00895684446873246,0,0
"1979-08-31",0.0160206434419223,0.025340702713981,-0.00815220100228959,0,0,0.0193166848726354,0.00611032320891924,0,0
"1979-09-30",0.0390901629144349,-0.0154069661194478,-0.00375593986704372,0,0,-0.00768406356518469,0.0408197351564652,0,0
"1979-10-31",-0.0493798469615091,-0.0238944147265485,-0.0144490065284482,0,0,0.00413591389906287,0.0484215842604379,0,0
"1979-11-30",0.0446484637579341,-0.0126130770268753,-0.015786977624592,0,0,0.00767897535700013,0.0209073352868079,0,0
"1979-12-31",0.0143329435681467,0.0136285922703585,-0.00128355995264844,0,0,0.000649769116135339,-0.0183961376268189,0,0
"1980-01-31",-0.0150417412094264,0.0764863007631878,-0.000816948405220064,0,0,0.0112541478660773,0.0457027113010275,0,0
"1980-02-29",-0.0411318934446041,0.0428146747455382,-0.00705732336789145,0,0,0.0125306532240641,0.0755236482272694,0,0
"1980-03-31",-0.121840459664103,0.0154033547533565,0.0289266068679807,0,0,0.000788740999886198,-0.0306220640298773,0,0
"1980-04-30",0.102808026922691,-0.0359583674826272,0.0125633231271162,0,0,-0.0250514943024491,-0.0308251627823366,0,0
"1980-05-31",0.0436895940810679,0.00690227234995997,0.00315258051467085,0,0,-0.00416543365777055,-0.0243584313578138,0,0
"1980-06-30",0.0278073628978227,0.0214553026250209,-0.00795315397308553,0,0,0.00173541573746539,-0.00781247351922953,0,0
"1980-07-31",0.00716668180452593,0.0247695918096809,-0.0106559689262755,0,0,0.0334022697206211,-0.00261913519827228,0,0
"1980-08-31",-0.0112973604095685,0.0320827433634298,-0.00101855712714346,0,0,-0.00611398616473257,-0.00673747960343651,0,0
"1980-09-30",-0.0162707804414218,0.0475121083170983,-0.026113965229035,0,0,0.0104179313835828,0.0296092643526258,0,0
"1980-10-31",-0.0493049022682135,0.0796418250152293,-0.0195365323348667,0,0,0.00638511616526105,0.0422039672010761,0,0
"1980-11-30",-0.0160705043665604,0.0589934080083553,-0.02255053955257,0,0,0.0522563978096275,0.0615120033682192,0,0
"1980-12-31",-0.0241866930120562,0.00347547616448104,0.0268108973371297,0,0,-0.0314984233969382,-0.050532306468487,0,0
"1981-01-31",-0.0760040006521822,0.04809403177869,0.0232956183955655,0,0,-0.0175277558040295,-0.0190943932737524,0,0
"1981-02-28",-0.0653614225002597,0.0694348510857812,-0.00584981617117155,0,0,0.0138702482067694,0.0102189581496488,0,0
"1981-03-31",0.0316949731203747,0.00510371688064884,0.0361431529950484,0,0,-0.0260808096386831,-0.0237207750995683,0,0
"1981-04-30",-0.0570189964355546,0.0585549431156985,0.0542768720171958,0,0,-0.0139972574054837,-0.00932382546802257,0,0
"1981-05-31",-0.0820940137014671,0.0635529359298657,0.00958765841229892,0,0,0.0145075009701187,0.0186632412874673,0,0
"1981-06-30",-0.00220304388254696,0.00166478318762838,0.0168434676931371,0,0,0.00510809432013748,-0.00969168403284282,0,0
"1981-07-31",-0.033702840948404,0.0177914847655218,-0.0155345192805946,0,0,0.0332086240317558,0.0266789731148828,0,0
"1981-08-31",-0.00100166931120697,-0.0175193449951024,0.00195519580847676,0,0,-0.0233844106387985,-0.0038836741952627,0,0
"1981-09-30",0.0716714533921938,-0.145709618853533,0.0238043160651909,0,0,-0.00287416231038297,-0.0189458792509347,0,0
"1981-10-31",0.0315532222660218,0.000334756379458179,-0.0184813470293268,0,0,0.0129816813502812,-0.0172919512435041,0,0
"1981-11-30",0.049998876225127,0.0255111945424288,0.00415033602039334,0,0,-0.026540177110461,-0.064109806118555,0,0
"1981-12-31",-0.0171481285230583,-0.00296006538374599,-0.00250837284488769,0,0,-0.00331657336481806,0.0177263629161638,0,0
"1982-01-31",-0.0232796082853236,0.0097423063241504,0.00439323953597293,0,0,0.00273199548081782,0.0391610829820893,0,0
"1982-02-28",-0.0294614449282509,-0.0301350731974351,0.0263994075527148,0,0,0.00383603086481286,0.0455309443551942,0,0
"1982-03-31",0.00235765410571808,-0.0286522263679065,0.00431531407006477,0,0,0.0106075851933535,0.0154535626516001,0,0
"1982-04-30",0.0583955748899531,-0.00815585888936747,-0.0135112138902038,0,0,-0.00470545762443586,-0.028084731969656,0,0
"1982-05-31",-0.00203243770709852,-0.0224259068789609,0.00338995244174234,0,0,0.00942141435623877,0.0104470302853096,0,0
"1982-06-30",-0.0830988509533006,0.0390327495686722,0.000443854164772661,0,0,0.014339762952506,0.0374279000369734,0,0
"1982-07-31",0.0121146159433831,-0.0239087212262081,-0.0204944965952199,0,0,0.00147911313453563,0.0321104355827007,0,0
"1982-08-31",0.00490006295833673,0.0686943406528466,0.00511873066754376,0,0,0.0225726052868316,-0.0215604383663175,0,0
"1982-09-30",0.00757850513913931,-0.0019430900776121,-0.0210885732435113,0,0,0.0243081037986324,0.0166702317396614,0,0
"1982-10-31",0.00325338373467575,0.0664180476511791,0.0101120390556584,0,0,0.0145988508010939,0.0255608349707155,0,0
"1982-11-30",0.0319130068624388,0.0219651656017384,-0.00772066762134883,0,0,-0.0166698158332616,-0.000343665618689475,0,0
"1982-12-31",0.0555203037979038,-0.00975595292234594,0.00755355980479664,0,0,-0.0224122312970232,-0.0323977779163471,0,0
"1983-01-31",-0.0230981759456674,0.0452686546720349,0.0208948059341363,0,0,0.012668972462484,-0.00120738006109655,0,0
"1983-02-28",0.0167078926336129,0.00510160937730813,-0.00071206019016647,0,0,-0.00420109810514103,0.0170256983171915,0,0
"1983-03-31",-0.00592424596523719,0.0419171348541262,0.0114278442590274,0,0,0.00304847176051191,0.00311780548015795,0,0
"1983-04-30",-0.0129081192174735,0.0850870788328119,0.010751621169016,0,0,-0.00797202684222897,-0.00122362727936909,0,0
"1983-05-31",-0.0467964117635814,0.0377408298888294,0.00727898400050044,0,0,-0.00182247693668136,-0.0158008450970212,0,0
"1983-06-30",0.00115846514949004,0.0309856033314921,-0.0193856986052448,0,0,0.0124911781874861,0.0148112273487508,0,0
"1983-07-31",-0.0401681457262962,0.0230521676838208,0.0157030690050293,0,0,-0.00994977581837476,0.00530093558216671,0,0
"1983-08-31",-0.0261978328906846,0.0323050045187649,0.0156295146190877,0,0,0.0108294999477667,-0.0103490230973434,0,0
"1983-09-30",0.027918110551227,-0.00691961383471456,-0.00325366084065391,0,0,-0.0192083285613913,-0.0128538801094404,0,0
"1983-10-31",0.0124805964279302,-0.023506293089534,0.011514353786741,0,0,-0.00142285268083164,-0.00283308823166373,0,0
"1983-11-30",-0.022533450481049,0.0491215095182622,-0.00131730793831201,0,0,0.00425467756947584,0.0312024476010355,0,0
"1983-12-31",-0.00675941574921974,0.0202785403645292,0.00441091981346498,0,0,-0.0125724163986711,0.0102399267017228,0,0
"1984-01-31",-0.0244610628014519,0.0334801130599139,0.0353642397398004,0,0,-0.0147530404062451,-0.0126478097147631,0,0
"1984-02-29",0.0883142655173567,-0.104080421274198,-0.00026750254401868,0,0,-0.0113053280220684,-0.0302832269592083,0,0
"1984-03-31",0.00592932273966784,0.0417749453773072,-0.0187454435008156,0,0,-0.0277014163865858,-0.0118128052810318,0,0
"1984-04-30",-0.0388524266683893,0.035850145281955,0.00657170100343807,0,0,0.0169413727493899,0.0127261809408423,0,0
"1984-05-31",-0.0064183031331609,-0.067889049197347,-0.00166650985987113,0,0,0.0271169164689279,0.00310119886505922,0,0
"1984-06-30",-0.0104004651902373,0.0197361157056429,-0.0203223441068117,0,0,0.0217948453814047,0.0117345093424983,0,0
"1984-07-31",-0.0337322480169684,-0.000741293881500779,-0.00312087357131688,0,0,0.0202201890528102,-0.00947174936683327,0,0
"1984-08-31",0.0204479777476864,0.0806104072495134,0.00175776126398743,0,0,-0.00653304537302327,-0.0270500152737645,0,0
"1984-09-30",-0.0450160712372307,0.0418587027284732,0.0167815780690848,0,0,0.0114999920687723,0.0185527350751883,0,0
"1984-10-31",0.0259343796782688,-0.0146139680376008,-0.0249240805493263,0,0,0.00238907259526777,0.0643016034169976,0,0
"1984-11-30",-0.00186449164214707,-0.00126452293575498,0.00452271458772569,0,0,-0.00357849092079821,0.0510010456006843,0,0
"1984-12-31",-0.00860650624531791,0.0300576433824901,0.0012894172540758,0,0,0.00634697427487674,0.0281195830167764,0,0
"1985-01-31",-0.0077935722030743,0.0635446857444207,-0.00855090045194729,0,0,0.0144018341288279,-0.0266976431677766,0,0
"1985-02-28",-0.0701181898857506,0.0725783472063371,-0.00319798226598291,0,0,0.00732304817664331,0.0517619735320629,0,0
"1985-03-31",0.0847354647594753,-0.0495086201332441,-0.00117115124115988,0,0,-0.0274167904172051,-0.0108346189372037,0,0
"1985-04-30",0.00781714906834359,-0.0100577920444998,0.0245596855145539,0,0,-0.00137253449461949,-0.018112482965751,0,0
"1985-05-31",0.0296273587677844,0.0222706532108843,-0.000410593860732646,0,0,0.00316893472650315,-0.00569857550491792,0,0
"1985-06-30",0.0211316454483299,-0.00280933324088494,0.0048626054867551,0,0,-0.0146053604189536,0.00144334786034949,0,0
"1985-07-31",0.0792671146924772,-0.0581565224284878,-0.0120507492402996,0,0,-0.0290747689633494,-0.0435743163851721,0,0
"1985-08-31",0.0181288482713316,-0.00947095303305484,0.0139294380958828,0,0,0.000635349587962963,0.0192596254126145,0,0
"1985-09-30",0.0485463663464523,-0.0406192476663636,0.0110015839910236,0,0,-0.0392022656933974,-0.00467948265700779,0,0
"1985-10-31",0.0126983738682889,0.0415748901182167,0.00644703312118966,0,0,-0.00340983166330533,-0.00939017682508614,0,0
"1985-11-30",0.0473459511033221,0.00897996455113589,-0.013131754785702,0,0,0.00666908305341485,-0.0307055807744903,0,0
"1985-12-31",0.036960424202703,0.0102571172875157,-0.00532842741701954,0,0,-0.00348622168527935,0.022876310369959,0,0
"1986-01-31",0.0281955299572491,-0.0130146734652582,0.00594852230642262,0,0,-0.00326059890481534,-0.0124499433429066,0,0
"1986-02-28",0.0850640442296597,0.00542679884105306,-0.00397252375809916,0,0,-0.02798999681792,-0.0308231594652502,0,0
"1986-03-31",-0.0273367754858276,0.125412389955465,-0.0135145171269433,0,0,-0.0198811222368378,0.0506578589024127,0,0
"1986-04-30",0.0732380010450761,-0.0454358484604377,0.00578058887203503,0,0,-0.0178384379983747,-0.0134422184144489,0,0
"1986-05-31",-0.0857797608903335,0.0831734713880046,-0.0104729104967238,0,0,0.0343558506491983,0.013072663492276,0,0
"1986-06-30",0.0613219873850086,-0.0209164652163776,0.00154851767475165,0,0,-0.0158827631881062,-0.0361343051341361,0,0
"1986-07-31",0.0501396986445124,-0.0418363337597354,-0.0268586291990034,0,0,-0.0505175912894269,0.00814455352351584,0,0
"1986-08-31",0.0337586157357105,0.0538850624252091,0.0345735480807576,0,0,-0.022600678345865,-0.0211380752000887,0,0
"1986-09-30",-0.00236631639641777,-0.0371013260706807,0.0166967380465965,0,0,-0.0407915311727283,-0.0312000909793393,0,0
"1986-10-31",-0.0216842013764955,0.00475277431798347,0.0144787163023445,0,0,0.0662328525281618,0.0359858623750834,0,0
"1986-11-30",0.0530650428718268,-0.0105034470588609,-0.00452074517749732,0,0,-0.0189903760923118,-0.0125040865249615,0,0
"1986-12-31",0.0281119272629946,-0.00793669638447224,-0.00928310626047301,0,0,-0.0242733213661183,0.00641620373480988,0,0
"1987-01-31",0.0577132877841521,0.0599959995087201,-0.0607304777295269,0,0,-0.032244010664266,-0.0404248779713847,0,0
"1987-02-28",0.00444755488005611,0.0287357101317057,-0.0188258548856825,0,0,0.00947264197254594,0.015575647763663,0,0
"1987-03-31",0.027498656098332,0.0346337559607452,-0.023779649611442,0,0,-0.0411360089359354,-0.0300472150409727,0,0
"1987-04-30",0.0144552513134032,0.0443820412077233,-0.0194457034353804,0,0,-0.0635726925001227,-0.00263006292916334,0,0
"1987-05-31",-0.00726672122874166,0.00883951833791468,0.0415981819748325,0,0,0.0105906224616539,-0.00999796318967328,0,0
"1987-06-30",-0.0130647766314979,0.0126635428647023,0.0423001526541733,0,0,0.0322166154660801,-0.0585715892359158,0,0
"1987-07-31",-0.00206148598641396,0.0222177811230452,0.0130729421360066,0,0,0.0328325357840831,-0.0191009303657124,0,0
"1987-08-31",0.00469652522555063,0.0545860975569719,-0.0279506310316609,0,0,-0.0301743630848577,0.00685914903045659,0,0
"1987-09-30",-0.0181099088284323,0.00085829314769378,0.0393027701178638,0,0,0.00400338295938374,-0.00490328814202234,0,0
"1987-10-31",0.0663994253700151,-0.236030039057827,0.00802068393478009,0,0,-0.0619117133319023,-0.000548682930111483,0,0
"1987-11-30",0.0683698790178529,-0.0925015782973004,0.0127967383904542,0,0,-0.0628792553371409,-0.0120115972367915,0,0
"1987-12-31",0.0424030115480415,0.00111597261087236,0.0205413375124419,0,0,-0.0181994288427867,-0.0801145068015782,0,0
"1988-01-31",-0.0548264540188338,0.079418780663533,0.00807765975073151,0,0,0.0149209519185411,0.0415466172153154,0,0
"1988-02-29",0.00793495020031449,0.0502887421330663,-0.00835151024321876,0,0,0.00256686054819721,0.0111002623364123,0,0
"1988-03-31",0.020555198632419,0.00982675931598204,0.0116610269133981,0,0,-0.0436582587768162,0.00563251362008299,0,0
"1988-04-30",-0.0176593896955156,0.0304569792150154,0.0259127851481915,0,0,-0.0100539246417026,0.00131200676967636,0,0
"1988-05-31",-0.0265939874463165,0.00679205996074709,0.0156901920965762,0,0,0.0087259608010265,-0.00578982193615963,0,0
"1988-06-30",-0.0575707395374715,0.0563660301993991,0.0211054840234832,0,0,0.0467352161056721,0.0551603561186712,0,-0.00682014523622699
"1988-07-31",-0.0341571391396091,0.0531435929242291,0.0244750879493154,0,0,-0.0103171266895326,0.0396667328945783,0,-0.00689177544309035
"1988-08-31",-0.00322907165664117,-0.0515333261181528,-0.0160169526881491,0,0,0.0204251115957614,0.00686912586770117,0,0.00846957642123427
"1988-09-30",0.0163213894943339,0.0262895105220393,-0.0120492691902181,0,0,0.00578180575858388,0.00239918062878797,0,-0.0159039618044298
"1988-10-31",0.0689498069869347,-0.0022077610684072,-0.0111653830073004,0,0,-0.0362976636689396,-0.0853838247252607,0,-0.0248138392730865
"1988-11-30",0.0219625972761489,0.0130288135076831,-0.00380495938743008,0,0,-0.0460166803798404,0.00354920635752732,0,-0.00483084700361355
"1988-12-31",-0.0214672063109111,0.0306763554259479,0.000801489583496479,0,0,0.0116224889352521,-0.0193839345769248,0,-0.00302600398026986
"1989-01-31",-0.0584953084347519,0.0948460790831427,0.0126183648649332,0,0,0.0454447654217567,0.0245605079784759,0,0.00405965306802344
"1989-02-28",0.0149517391441362,-0.0210828187562565,0.0100870856926584,0,0,-0.00997849125985983,0.0368285514083018,0,-0.00231570534344649
"1989-03-31",-0.0282453679430126,0.0219971963424198,-0.00160016261675634,0,0,0.0325728299042812,0.0314695233950909,0,0.0186023073995227
"1989-04-30",0.0160190007830965,0.0072258814588506,0.00434528379832598,0,0,0.012018544494772,0.0101557404212886,0,0.0117794559471009
"1989-05-31",-0.056409355880131,0.0320554417786746,0.00863053603024634,0,0,0.0483014726487434,0.0342036234937597,0,0.0171742556032233
"1989-06-30",0.028868502908289,-0.0399853741658453,0.00661523240549501,0,0,0.00548081426024105,-0.00603373119311356,0,0.0209214184789245
"1989-07-31",0.0590081085822365,0.0541644831310988,-0.0246697554266413,0,0,-0.0176559381710504,-0.03618661121451,0,-0.0288305008131234
"1989-08-31",-0.0520141708242625,0.0279658218043429,0.00661102020544613,0,0,0.0515683136325943,0.0158634421940163,0,0.0146862388098152
"1989-09-30",0.0328267379480958,-0.00442725573507,0.00238873671687889,0,0,-0.0361945053905356,-0.0142820793999257,0,0.0066912396845795
"1989-10-31",0.0161740532010464,-0.0493639796494145,-0.00466024451271344,0,0,-0.00349587726902333,0.01230861215388,0,0.0244369198629447
"1989-11-30",0.0208701074004223,0.0192199413730283,-0.0122967170213943,0,0,-0.00885161037365667,-0.0215011093557516,0,-0.0154679036990524
"1989-12-31",0.0565972815007711,-0.0242898341949417,0.00911590903336659,0,0,-0.00418347095305505,-0.0128261364066871,0,0.0122558733598098
"1990-01-31",0.00615883370751488,-0.0526969443486363,0.015140335531987,0,0,-0.00804982478793557,-0.0100780096634152,0,0.00642560470533756
"1990-02-28",0.00596600002370971,-0.0486830058405711,0.0163176620539189,0,0,0.0300713724118482,0.0279836600334398,0,0.020617572319387
"1990-03-31",0.00612484952978672,-0.0663430084819549,0.00484779018360051,0,0,0.0781374126010321,0.0590538175835253,0,0.017010268161377
"1990-04-30",0.00663528002676348,-0.0208683248637554,-0.004420554777025,0,0,0.00134753744019967,-0.0388672391326185,0,-0.0245704485891091
"1990-05-31",0.00752432118484097,0.0979683109372038,-0.0235156914540658,0,0,-0.00797801342143106,-0.030798252093988,0,-0.0179232378270457
"1990-06-30",0.00635020179829416,-0.0133082388545883,-0.00508706990894519,0,0,0.0235387297607893,0.0299547337369911,0,0.00858173790108562
"1990-07-31",0.00742484693473282,0.00185767629614626,0.00418993020162613,0,0,-0.0115152162355909,0.00635498856886718,0,0.0186407738053618
"1990-08-31",0.0076381513437819,-0.101073020132341,-0.0011594474650244,0,0,-0.00565552513190094,-0.00704780186083478,0,-0.00401114429123949
"1990-09-30",0.00585846807652945,-0.111120341078328,0.0106213854947725,0,0,0.0280621278343433,0.0379424638904834,0,0.019644163304841
"1990-10-31",0.00673954430427118,0.0868208587721716,-0.0243769419283142,0,0,-0.0631837535964113,-0.0751853534141465,0,0.00635320924128083
"1990-11-30",0.00581768464521895,-0.0220495779602417,0.00188576249832484,0,0,0.0580363816362277,0.0524989521120727,0,-0.0166523997101435
"1990-12-31",0.00716757838904002,0.0139663407802119,-0.00839909980888564,0,0,0.000985183692310487,-0.0141835922866906,0,-0.0166773584403617
"1991-01-31",0.00607224280160246,0.0306920978246579,-0.00188959631424464,0,0,-0.000205783215785127,-0.0141807035174837,0,-0.0150717903159996
"1991-02-28",0.00491356509286432,0.0878351362164153,0.0035752095957737,0,0,0.00319265505530673,-0.012382518386566,0,-0.00370750965666411
"1991-03-31",0.00462719700950378,-0.0339430408068306,-0.0133736408365473,0,0,0.0747136618975598,0.0637894012706109,0,0.00801477360855457
"1991-04-30",0.00610602326035218,0.00188017976085372,0.000288479086632432,0,0,-0.000306947741298913,-0.00569618911754999,0,0.000597938354775174
"1991-05-31",0.00484550403941884,0.0179813145371608,-0.00153335358090057,0,0,0.0152701943620286,0.000686347164248431,0,-0.0165475552324947
"1991-06-30",0.00429111927216598,-0.0658665588463755,0.00161253293060308,0,0,0.0282489450751968,0.0244972909059196,0,0.0321405623337002
"1991-07-31",0.00566533905683318,0.0417356994632804,-0.00027030961418565,0,0,0.00640134120052793,0.0170068206016265,0,-0.00858537695731297
"1991-08-31",0.00579711684155345,-0.00880680472016034,-0.00876497077641136,0,0,0.0344410285882982,0.0312096304376038,0,-0.012596363792884
"1991-09-30",0.00562020245402023,0.0207779698288825,0.0161777959721016,0,0,-0.0451008815823901,-0.0415691733827567,0,0.00240736171335734
"1991-10-31",0.00566711063117034,0.0107164632809111,-0.015827753036227,0,0,-0.00464337554750105,0.0130076831639199,0,-0.00079931613893925
"1991-11-30",0.00529760972127928,-0.0487077461531366,-0.0239617205737453,0,0,0.0229802734299458,0.0145136448815267,0,0.0173987198254311
"1991-12-31",0.00540920534548621,0.0675663201388698,-0.0248068305018258,0,0,0.0325339832966001,0.02904369732766,0,-0.0113199277006919
"1992-01-31",0.00319734753916411,-0.0215445157117961,0.0238699088431395,0,0,0.0109746547641925,-0.0124199170536958,0,-0.0111013234841108
"1992-02-29",0.00272218091185746,-0.0198086725025984,0.0110988659601959,0,0,0.0233244844550717,0.0187079905641605,0,0.00277239109646594
"1992-03-31",0.00338712651762381,-0.050323914916497,0.000632813346734408,0,0,0.0222133713282941,0.0226260529991274,0,0.000692265950675272
"1992-04-30",0.00426432130418364,0.00985243045348605,0.0486000648792613,0,0,0.00892037332098527,-0.0029553043370909,0,0.00828248733399591
"1992-05-31",0.00320522916324377,0.0367546891331226,-0.007726321728831,0,0,-0.0251356116729824,-0.0224868978719734,0,-0.00513578327919476
"1992-06-30",0.00369465962227259,-0.0370129815995009,0.00600961249244402,0,0,-0.00447777551257223,0.000188825772341694,0,0.0308411026559164
"1992-07-31",0.00411110716922362,-0.00137383131541694,-0.0130783599540771,0,0,0.0076209459847778,-0.00764442708742574,0,0.00888099595016723
"1992-08-31",0.00290907253309958,0.0215969778061493,-0.0225743964784537,0,0,-0.0419506628287142,-0.0625895743667089,0,-0.0176141577785336
"1992-09-30",0.00368545420369996,-0.0126683026857632,-0.000325450797395988,0,0,0.0223132834690206,0.0266761214699366,0,-0.00632376300084469
"1992-10-31",0.00164366485321837,-0.028551252155889,-0.00945266456821249,0,0,0.051803083038433,0.0717596776730584,0,0.0130602622973669
"1992-11-30",0.00194565054711493,0.0161330137158964,-0.0140222307223545,0,0,0.016258770328984,0.00409781915636187,0,-0.0144771082288233
"1992-12-31",0.00350273494944588,0.0047618446415114,0.00841136309267187,0,0,0.00026723697498654,0.00910264920340453,0,0.0102485215615406
"1993-01-31",0.00312715433108831,0.0004019173715201,0.0271200408677013,0,0,-0.0233766897173043,0.0132889047619056,0,0.00316861146850323
"1993-02-28",0.00241613540964105,0.0214568353529305,0.0236101452225412,0,0,-0.0186335450523167,-0.00827466547163058,0,0.0103518728091099
"1993-03-31",0.00301354608792512,0.0551473009420144,0.0233020470990857,0,0,-0.0487603230663087,-0.0358961497256607,0,-0.0103453170899408
"1993-04-30",0.00256992731859926,0.0439559958323797,0.0317059545533079,0,0,-0.0777963702611207,-0.0779499384757905,0,-0.00593781201994532
"1993-05-31",0.00175113630568626,0.0214618187310492,-0.0176715010785449,0,0,-0.00054107256128999,0.00945674488173487,0,-0.0144797496624553
"1993-06-30",0.00312808247314508,-0.0113572781366043,0.00328311994836439,0,0,8.35874121781766e-05,0.0241567854885461,0,0.00639345648113076
"1993-07-31",0.00265773232464876,0.0181034083546852,0.0224679501848936,0,0,-0.0327303104950519,0.0124797732201811,0,0.0135820092118137
"1993-08-31",0.00290929253148395,0.0430947205481831,0.00220671046488531,0,0,0.00218869033948187,0.00457269630441615,0,-0.0102901013455748
"1993-09-30",0.00211795107964254,-0.0204354964063665,0.0100944605202968,0,0,0.00276328759647759,0.0202620641853237,0,0.00673713355178872
"1993-10-31",0.00227711286442929,0.0254426655857788,-0.0158083167909473,0,0,0.0241541262163205,0.0122153149222168,0,0.00329195400481068
"1993-11-30",0.00247796754834242,-0.0588883611901311,0.0042648345588863,0,0,0.051536257093526,0.000592316599366524,0,0.00274294254312087
"1993-12-31",0.00299935895262223,0.0461043921724467,0.0197182956325022,0,0,-0.00960249542502267,0.0444886769728474,0,-0.00330219239595533
"1994-01-31",0.00296791798983323,0.0631536872026918,0.0171622217402778,0,0,-0.048479548369796,-0.0457165960267993,0,-0.0205957025237653
"1994-02-28",0.00145808331973571,-0.0142381583333646,-0.000192795250415899,0,0,-0.0216465815603191,-0.036242585134634,0,-0.00461663203825062
"1994-03-31",0.00266949060828348,-0.0456134963182898,0.00981159728280558,0,0,-0.0101655476973435,-0.00324816007036299,0,0.00556544261745874
"1994-04-30",0.00204881639053101,0.0290400751977207,0.00554523064841271,0,0,-0.023438765250958,-0.0233938365539972,0,-0.0136029361049601
"1994-05-31",0.00318584353082349,-0.000440624889364333,0.00771891027786897,0,0,-0.00432978485978786,-0.0124068097890666,0,-0.00226302974296177
"1994-06-30",0.00374592833876242,-0.00634701945823568,0.00929605423960772,0.021860796564383,0,-0.0250472501937963,-0.0254905459945803,0,-0.000420099034274866
"1994-07-31",0.0039463886231322,0.0152421706974507,0.0009660717334097,-0.000961835584277062,0,0.016159480380014,-0.0114366213360868,0,0.000180082097866359
"1994-08-31",0.00376675745881838,0.0265219379689835,-0.00535167606307052,0.00303838945294728,0,0.0274944611483099,-0.000876651580224323,0,-0.0113253033772589
"1994-09-30",0.00329702882385788,-0.0293978004988465,-0.00733613373143122,0.00994607930267811,0,-0.00258248806005767,-0.0127277797337738,0,0.013363645346081
"1994-10-31",0.00407865257345613,0.0245491623934487,0.00845977938429041,0.0137866204302122,0,-0.00383498158879725,-0.0121006333645453,0,-0.0132271062927565
"1994-11-30",0.00311887857670535,-0.0463130619744151,-0.00658969470945432,-0.0154959422944551,0,0.0316698567843796,0.00381243950407406,0,0.0121040727233617
"1994-12-31",0.00465189593294928,0.00521902747162446,-0.0109687939434314,-0.00222178206545376,0,-0.000986658549440246,-0.00298009611237915,0,0.00648775578355126
"1995-01-31",0.00555957938693298,-0.0203873256732585,0.00089808844813043,0.00627775308235335,0,0.0178254360936747,-0.0242879912250765,0,0.00083438938072165
"1995-02-28",0.00524697498181458,0.0095262729989264,-0.00189349535138628,0.0170879814990402,0,0.0216660802856945,-0.0158291498630891,0,0.00163749071983512
"1995-03-31",0.00528495350738482,0.0431180682527116,-0.00240001771858678,0.0419579330201208,0,-0.0211566421294762,-0.033879188037157,0,0.000261734731453529
"1995-04-30",0.00475187805261984,0.0302965601605341,-0.0045941444555242,0.00613269894447345,0,-0.00719452451105451,0.000736332221332521,0,-0.00562898626653175
"1995-05-31",0.00589556853418881,0.00284979125777586,0.00096705412591637,-0.00465414699740733,0,0.0365318717155725,-0.000451601147595238,0,0.0119301134282374
"1995-06-30",0.00497116513610369,-0.00508506792592162,-0.00298916476670008,0.000785679438096598,0,0.0320093909815699,0.0258408916673557,0,0.00329300889998218
"1995-07-31",0.00483484863682611,0.0453958461816076,0.00222743409427512,-0.00722043219791082,-0.017607156756432,-0.0163022835101019,-0.0132767855035048,0,-0.0186353460139428
"1995-08-31",0.0048241882833902,-0.0269228033016068,0.0127033965209708,-0.0428861275016921,0.0104744603475092,0.0242584779102853,0.0218596222150566,0,0.0100732618778843
"1995-09-30",0.00418680074715507,0.0251346597079947,-0.010623322794782,0.00343784342184092,0.0132327126290077,0.00383495077335993,0.0148531632667224,0,-0.00318348896051602
"1995-10-31",0.00498597210955711,-0.0205446057503624,-0.0097612648447828,-0.00741947693792166,0.0245519720347354,0.0270099287419965,0.0271134596704807,0,0.0115044068866083
"1995-11-30",0.00448890815704206,0.0304229453887854,0.00556480228435529,-0.00619290634757581,-0.00252145494926519,-0.0051230253422665,0.00236289237611275,0,-0.0119665087156216
"1995-12-31",0.00508965751181401,0.0243336594263179,0.0130715013819997,0.000415141373009142,0.0101367060672011,-0.0257586019779001,-0.0164143300335711,0,0.0112572284620962
"1996-01-31",0.00489523869108224,0.0133730377773137,-2.37240201128794e-05,-0.0151177128810818,0.0041696561486504,0.0227777524675665,0.0222284947624378,0,0.0059215115458273
"1996-02-29",0.00348988520495972,0.00278409286693351,-0.00243736825474872,0.00800092037997169,0.000274629196138413,0.00939740662468447,0.00452927462110852,0,-0.010390020105695
"1996-03-31",0.00350870349179941,0.0133150677885991,0.00420584896822635,-0.00227334617378853,-0.0131462001878178,-0.0128112139968131,-0.00388714067761642,0,-0.00971299050951702
"1996-04-30",0.00447037299135283,0.0192248745262219,0.00490604905777968,-0.00319601054129052,-0.0110535072545146,0.00244746278496777,-0.00901651641911139,0,-0.00359739070225968
"1996-05-31",0.004200227306419,-0.00315619573032189,-0.0101035752046883,-0.00687047065601364,0.0151604234469234,0.0240158599886486,0.0193848470536568,0,0.00290179541293556
"1996-06-30",0.00419260150959301,0.00104343905333602,-0.00225536428655481,-0.00277364734530284,0.00263939564692484,0.00446768819735133,0.0198827746012016,0,0.00321256151303917
"1996-07-31",0.00454906860517965,-0.039707988787264,0.00358483663503558,0.0126284853404153,0.0165381920781651,0.00150535060260992,-0.0192996922787418,0,0.00764695667135263
"1996-08-31",0.00433919361257124,0.00734609937249869,0.00632732249955392,-0.00366321500584017,0.00912156708961827,0.0152226722488866,0.00522494856265987,0,0.00166585212350707
"1996-09-30",0.00503537774827188,0.0343029436908642,-0.0130570163159633,-0.0127524264358716,-0.00209929339124137,0.016821951365638,0.0206256471043558,0,-0.0185916789637384
"1996-10-31",0.00472739769845582,0.00243433160337641,0.00764172222718807,0.00340697191960726,0.036940718951634,0.00200787282138282,0.00256368124237483,0,0.00354469559342947
"1996-11-30",0.00422996984865791,0.0519864505826091,0.010084468323728,0.000168279900942862,0.00702124414027904,0.0184542817401632,0.00732231780407843,0,-0.00240733285070576
"1996-12-31",0.00442842630576806,-0.020273701012496,0.00712090349964212,-0.00339171783226792,0.024819405401409,0.0115433735343481,0.00906125032889793,0,0.01282154674457
"1997-01-31",0.00440271167799773,0.00782056667843449,-0.00600571516791227,-0.022603575699927,0.010340239838083,0.0616705124004156,0.0577003181298657,0,-0.0110812177768367
"1997-02-28",0.0039511195182689,0.00772121381249733,-0.00072534761098323,-0.00215786259700937,0.00845794023385777,-0.00283521856242719,-0.00208401606036213,0,-0.00230162340477547
"1997-03-31",0.00396355965078492,-0.023571542717526,0.007113450780224,-0.00241423479998195,0.00762073401955805,-0.0156129828189854,-0.00384285953531683,0,-0.00204524670485715
"1997-04-30",0.00475575267357609,0.0281061354849731,-0.0271362791798313,-0.0122163978843708,-0.0124638088411107,0.0330373792459573,0.0410793900802995,0,-0.0218621896946847
"1997-05-31",0.00516751502583096,0.0567342958624267,0.00694916312078454,0.0118530667957737,-0.00779443515950654,-0.0156262886347849,-0.0199968099543766,0,-0.00214850872471574
"1997-06-30",0.00426368924665104,0.045773586957857,-0.0102485078781187,0.000874420687990929,-0.0105624249913578,-0.00229950434339907,0.0108649267841619,0,-0.0138849769970284
"1997-07-31",0.0046641477354503,0.041543853370208,-0.00117012159358491,-0.0215971388618263,0.0101824417261373,0.0228154277875283,0.0523245711436408,0,-0.014491076443556
"1997-08-31",0.00409847869346997,-0.0708483810258139,0.015135428621741,-0.00345885180322481,0.0175592533603936,0.00252202918502697,-0.0185826555053692,0,0.00870469178527621
"1997-09-30",0.00498841035989872,0.049498603142744,-0.00641256906496925,0.00243851695545924,0.0195724588609177,-0.000546658452204481,0.0187341556291665,0,0.00548304280252566
"1997-10-31",0.00434233873161775,-0.0568209835230421,0.023181350305871,0.00850136633819651,0.00948374512502469,0.00728975984997415,-0.0100594575935095,0,0.016007983736708
"1997-11-30",0.00383982083920796,0.0140147613056051,-0.0154792894528219,-0.013942359714155,0.00600196494951114,0.0257861943181075,0.0108346702892681,0,0.00498636505171674
"1997-12-31",0.00470400616849833,0.00763993352955903,0.00581843570604116,-0.0127662522800402,0.0166070125705399,0.0100728304694626,0.0233622761387056,0,0.0211649540951917
"1998-01-31",0.00463896428770196,0.0233871755579572,-0.0224860719465876,-0.00047332850795544,-0.0193768388298692,0.0118792304795505,0.00562545534486891,0,-0.0118373975845343
"1998-02-28",0.0034788657762094,0.0643265075382589,-0.00626383392941805,0.00455904523556304,0.000959209395672261,0.00513576705794105,-0.0055960310041947,0,-0.0167417623714629
"1998-03-31",0.00474054926462704,0.0376383123588298,0.015749898505178,-0.00873408284226747,0.0200880185031263,0.00403695035195728,0.0331103604213965,0,0.010748723551479
"1998-04-30",0.00459785868566687,0.00532314910878273,0.00769320893286452,0.00689045464842075,-0.00868112791878884,-0.00148805368377469,0.00492173182237954,0,-0.0130890319284834
"1998-05-31",0.00404355969755668,-0.0164290946115616,-0.00343634516639213,-0.0101761580266024,0.00617276417962809,0.0047393278198733,0.0145660870887272,0,0.00967353382140013
"1998-06-30",0.00455966891445419,0.0193180994772158,-0.0382453359328314,-0.0058615920689229,-0.0193840923670023,0.0319677858504386,0.0211977827551195,0,-0.0224104791596165
"1998-07-31",0.00446656172373565,-0.00592618165578023,-8.4081310699037e-05,-0.00442140982025208,-0.00301043910647103,0.00896597067796845,0.0363041661092222,0,-0.00608964673852918
"1998-08-31",0.00501870985190817,-0.138227242698972,-0.033810567674653,0.00568244861806802,0.018028927639643,0.0144179845999219,-0.0253811270240713,0,0.0442891948348207
"1998-09-30",0.00554207252551321,0.0123169797606327,-0.00905180120164928,0.0140517747170648,0.00808854983466367,0.0293986091359122,-0.0473816484443055,0,0.012951910991555
"1998-10-31",0.00383275743437942,0.0867415221966686,0.00771419393407816,0.0194167496465434,-0.0249505312691143,-0.0226540702789546,-0.0330264251659409,0,-0.0163941593490315
"1998-11-30",0.00307983622694985,0.0565462875429658,-0.0101202582845092,-0.0114224868100819,-0.0135487406237211,0.0185747845953432,0.0261081434926591,0,-0.0314078265368958
"1998-12-31",0.00389351480584907,0.0451111975448508,-0.0486929042882232,0.00829969760591892,-0.0225575578224335,0.0159658301030259,0.0399275211303809,0,-0.000646896137811721
"1999-01-31",0.00353186677362914,0.018503614775354,-0.0273258080653807,-0.0144482094776141,-0.0205265477432583,0.019963977233407,0.0348414536143793,0,-0.0330690044728064
"1999-02-28",0.00281505707999849,-0.0292779085212576,0.0285224169134646,-0.0109187953947679,0.0103018831065767,-0.00335461107308677,-0.00052650043650437,0,-0.00580105162670965
"1999-03-31",0.00449521225297514,0.037288089280056,0.00950143201825783,-0.00484547951729318,-0.0214886776768455,-0.00638982338366701,-0.00725238099009929,0,-0.0232421729261478
"1999-04-30",0.00352513056096097,0.0360356871686107,0.0824973085858121,-0.00527901948987175,0.0325354052220903,-0.0257641483124469,-0.0411558886476757,0,0.00248822865941565
"1999-05-31",0.00272046110925573,-0.0391271363521492,-0.00305311558766122,-0.00465113221813603,-0.00265966769713307,0.0122291730096088,0.00915317066148536,0,0.0226104175371944
"1999-06-30",0.0047441785434076,0.0420378032590528,-0.0283006953631284,-0.004412031712532,-0.0266392748996005,0.00673489998123733,0.0296691896008081,0,-0.0396227265175908
"1999-07-31",0.00376934895941133,-0.00663098248860899,0.0147395494889097,0.0162166153132789,-0.00406849265731901,-0.0237191388951262,-0.0124140043961344,0,0.0161275244419129
"1999-08-31",0.00370444047665283,-0.00533988078106726,-0.0266234498385264,-0.00138252854310028,-0.0139863965813241,0.0112350960535262,-0.00352923869221999,0,-0.0113918507095681
"1999-09-30",0.00444332809440459,-0.01400507761953,-0.0226125620610377,0.00397966181736305,-0.0135930175699004,-0.0218214920898629,0.0084063882075045,0,0.00566895000828715
"1999-10-31",0.00340044360414535,0.0487171214115651,-0.0270839506384199,-0.00816242881889769,-0.0157621353644604,0.00332330144092685,0.0154719686533653,0,-0.0203111847298631
"1999-11-30",0.00380890494881884,0.0244538167613508,-0.0614209258142055,-0.019620990884792,-0.0199339252009512,0.0186670957184554,0.053775277583429,0,-0.0269158452708107
"1999-12-31",0.00436999184729722,0.0766979583481698,-0.0704007256814194,0.000737918849903971,-0.0527421918871152,-0.00795205155452794,0.100438647344314,0,-0.0350626667731728
"2000-01-31",0.00396152140493717,-0.0611143092879641,0.0118795149565198,-0.0117840862318068,-0.0178791461017858,0.00273332878776322,0.00854443365271008,0,0.00726628832554911
"2000-02-29",0.00450528022629977,-0.00168373907989057,-0.0683271847785609,-0.0167911678611967,-0.0413601119117245,0.0126692055991562,0.0914561827098812,0,-0.0339308030870379
"2000-03-31",0.00480578107193668,0.0644374089019226,0.0196172305568955,0.0251118616553374,0.00988189946637714,0.00258193004302476,-0.0442467760884235,0,-0.00406351140706396
"2000-04-30",0.00478804588646535,-0.0469563884435134,0.0504847341854376,-0.00683206462465755,0.0134576299336434,0.020466486398173,-0.00864620394073434,0,0.028029926758277
"2000-05-31",0.00566485065075828,-0.0308588416416171,0.0671234429570694,0.0101460630275509,0.0305190517321975,-0.0054637046043764,-0.0504947615447752,0,0.0174818373338826
"2000-06-30",0.00480936538648934,0.0290010663527434,-0.0512716779281248,0.0048683183071236,-0.0436715795527541,0.0152505375071563,0.00709766826395742,0,-0.0142706577891121
"2000-07-31",0.00462547080272573,-0.0326537712439178,0.0445962363303369,-0.00965509840081209,0.0273965500873105,0.00219468435186177,0.00386829451580351,0,0.0149422118885853
"2000-08-31",0.00511986362346686,0.0275348016859202,-0.00478144502496818,-0.0205658084181901,-0.0124157330001138,0.000811657273981803,0.0378692618674048,0,-0.0063483918396274
"2000-09-30",0.00511538764832722,-0.0581704802171068,0.0727450771636648,-0.0026988633717394,0.0559212005928882,-0.0115837149714146,-0.0520359601020458,0,0.0612187126366122
"2000-10-31",0.00523582827665584,-0.0218655365048322,0.0501957230635219,-0.00582281183626843,0.0379897462896825,0.0365767799052454,-0.0273030089561519,0,0.0167548558560262
"2000-11-30",0.0054256448642092,-0.0660096606736404,0.0323828952852374,0.0134320992991565,0.0448157219035721,0.00725096794671398,0.0226020980826311,0,0.0492720859129939
"2000-12-31",0.00557809330628799,0.0107401689481249,0.0686463486846143,0.0212844690262142,0.0482238951545009,-0.0360214771903516,-0.00616570659060556,0,0.00886227844423739
"2001-01-31",0.00672331224759641,0.0126989827239886,-0.0204627368231782,0.0186778556908888,-0.0122270841631775,-0.00743975400960762,-0.0577277624764808,0,-0.0505594708336665
"2001-02-28",0.00390864223213682,-0.0883087525977502,0.0787796788293831,0.069580666152937,0.0532193203316953,-0.00395030476991298,0.0428214768024512,0,0.0639926790817696
"2001-03-31",0.00482087106702379,-0.0703139077562861,0.0298322297436756,0.0235062919535598,0.0187605902282879,0.00494878391540499,0.0258368164481763,0,0.0212841656236129
"2001-04-30",0.00415971634990147,0.0700056175817955,-0.0131076755500161,-0.000912333818041011,-0.0228334532674079,-0.0018583378114061,-0.0308750533579261,0,-0.0345086528424641
"2001-05-31",0.00387125257259843,-0.0162915584835998,0.0153514326939291,0.023478492117742,0.0128796587128958,0.0139128478557743,0.0199778391652622,0,0.0221604208336915
"2001-06-30",0.00272985995845782,-0.0339192056939183,0.00654274447631521,0.0342373997742299,0.00960967672785381,0.00356424891129326,0.0217323077082129,0,0.00925813548565911
"2001-07-31",0.00338100394259441,-0.0165494863676823,0.00246381747600508,-0.0157390196283547,0.0146037024007699,0.0163309823454281,-0.00400235013058071,0,0.01751110482705
"2001-08-31",0.00318309689051001,-0.0509881212134202,0.0259899567376548,0.0422816170680946,0.0343010855399073,-0.0161444843747376,0.0207190839191205,0,0.0354356781689137
"2001-09-30",0.00419904025032779,-0.0921827814955928,-0.00975676320782617,-0.0438326798879832,0.00942581444585648,0.0268999372251561,0.00573658772313967,0,0.0349508661681823
"2001-10-31",0.00270947364895046,0.0165462468863321,-0.0450990634909567,0.0460353952608707,-0.0221166999645748,0.0156530681019229,-0.039801997374686,0,-0.0273502035555784
"2001-11-30",0.00206174783810326,0.05724881219579,-0.0328987834490815,0.00365037029703495,-0.0255909374520502,0.00707288828050356,-0.0363400373556755,0,-0.0282006151154195
"2001-12-31",0.00161433056150039,0.00479403039621063,0.00157979698806936,0.024220136986655,0.0175012938200094,0.006458398167978,0.0125213158553397,0,-0.000891635509336683
"2002-01-31",0.00139544984443656,-0.0315828158891057,0.00439883393799335,0.0136133668201129,0.0105404894868085,0.03193976953719,0.0270839104011161,0,0.0037430035887931
"2002-02-28",0.00140208186612166,-0.00990035423504785,-0.0221068509895805,0.00236272218345449,0.0209284170106092,0.00822070214123793,0.00556554820395771,0,0.0244609558118964
"2002-03-31",0.00132677966719567,0.0430898828781911,0.0420482433350939,0.0327400839755169,0.00879950997593841,-0.0220240854135154,-0.00538734398209838,0,-0.0128737025259036
"2002-04-30",0.00177072318710895,-0.0353643097258881,0.0140591124938419,0.0509567099083649,0.0336256999891767,-0.0245168493408033,0.0257854370305599,0,0.0321421672459601
"2002-05-31",0.00163053350286909,0.000687573177896951,0.0145616936845561,-0.006971847960627,0.0135952026324778,-0.0271036262781899,0.00123702567232864,0,0.0121443569560691
"2002-06-30",0.00151231052776166,-0.0619817186612136,-0.00543521927063315,0.00730692087108269,0.0216072204146557,0.00421541172248664,0.0118642608912989,0,0.0260771218867279
"2002-07-31",0.00157543807883893,-0.0857416392215071,-0.0270516513856088,-0.026853317618031,-0.00530750037706275,0.0107059201092374,0.0223113565623375,0,0.0130019827605728
"2002-08-31",0.00137222874946895,0.00070738587442344,0.00420577613497042,-0.0112324600125323,0.00825409073728171,0.00452726706948225,-0.000147479886592583,0,0.00911403474263421
"2002-09-30",0.00168001457003769,-0.111434841881181,-0.0213808305377227,0.0373690887344481,-0.0103179592412198,0.0234077635135988,0.0673433869679019,0,0.0309437968246343
"2002-10-31",0.00157981484357989,0.0724074265054287,-0.00803869897082385,-0.0675324212029677,-0.00388953074304019,0.0117654565907463,-0.0788580112703363,0,-0.0475170997111509
"2002-11-30",0.00141717143804003,0.0527222693737368,0.0356832496902704,0.00450641342019645,-0.0181393876583553,-0.0262267597258221,-0.0616835207509853,0,-0.0345224238780955
"2002-12-31",0.00118864945521992,-0.049453691181954,-0.01872016170992,0.00314247944384714,0.0329006106138069,-0.00133316264130912,0.00547964023101588,0,0.0489477115844419
"2003-01-31",0.00106167654043481,-0.0312765150106788,0.0112061852193698,0.014257938450221,-0.0101289931795375,-0.0110781986193343,-0.000185407914192741,0,-2.24269588647193e-05
"2003-02-28",0.000872875729727355,-0.0179954256015987,-0.0117862296523074,-0.00519043796040318,-0.00372771104726986,0.00137110903751159,0.00952353101659897,0,0.00141082872160224
"2003-03-31",0.00115177555294445,-0.00389934787379699,-0.0232151821152483,0.00530902983344028,-0.00605373480396798,0.014452308030013,0.00458130092457387,0,0.00805310557050931
"2003-04-30",0.000959506407154074,0.0883512549394917,0.0344199221774737,0.0139395819535806,0.00867697445151647,-0.022738095843736,-0.0257136473444095,0,-0.0239143256140219
"2003-05-31",0.000988020124465312,0.0566520401244951,0.0308739527813051,0.0496943057264399,0.0019790268849487,-0.0260464470510471,-0.0194334114243009,0,-0.0040894404460485
"2003-06-30",0.00123376415242558,0.0164445248753626,0.00680013811839973,0.0137604690426368,0.00412550431017067,-0.00762756539103382,-0.00817072537111341,0,-0.0096697827941965
"2003-07-31",0.000655335867508673,0.0198394276963513,0.002285756442036,0.0241819459186035,-0.0206224989499234,-0.0194881063306478,-0.0017661964286142,0,-0.0212100615201366
"2003-08-31",0.000763450101845617,0.0210809636903689,0.00331147988443425,0.0431354102916366,-0.0177630830228803,-0.000298946309647222,-0.00906725794021846,0,-0.00739976216688047
"2003-09-30",0.00101061459834896,0.00533263941605565,0.00045456140883097,0.00982803729274427,0.00328120943305854,-0.0167689756236767,-0.0056140746883746,0,0.0176793992710569
"2003-10-31",0.000784602105122148,0.0587579974671643,-0.000401288244495909,0.0311614947001703,-0.00870365753962418,-0.0211655979937355,-0.00583468718739066,0,-0.0227329977438227
"2003-11-30",0.000813271076751969,0.0146527771944744,0.00208097902915138,0.00289125816814528,0.00916704316518067,-0.00759566200047712,-0.00710940549026451,0,0.00774015492539727
"2003-12-31",0.000983957621855009,0.0619981167836351,0.0292059331041547,-0.0233644780082158,0.0170376991533809,-0.0221403459674727,-0.0397146156474008,0,-0.00892276153243457
"2004-01-31",0.000766919241522874,0.0154998879086106,-0.00843645500295828,0.0284588175120717,-0.0129601523469287,-0.0124362874021933,-0.00391449590096693,0,-0.00503135309029011
"2004-02-29",0.000698515784472682,0.0164043365896297,0.00957099113986205,0.00646556918817564,0.0102949919536144,0.000866050506620922,0.00870841260205313,0,0.00428061794231094
"2004-03-31",0.000904432658886165,-0.00714930660985845,0.00673210962368829,0.0343324758090616,-0.00794223094451951,-0.0085874279561824,0.0343466070049955,0,0.0206188033315326
"2004-04-30",0.00079635096145844,-0.0207221220121681,-0.000494915533405861,-0.0226768397633589,0.00897375225898189,0.0348530091094328,0.00393245333816438,0,-0.00136620005042961
"2004-05-31",0.000646877021490825,0.00915484297486166,-0.00222382940878529,-0.00226682576883863,0.00137939822896961,-0.00839183223083917,-0.00408919902794103,0,0.00133982044271711
"2004-06-30",0.000794162954327596,0.0201665619257553,0.0154078725094329,0.0259733055554228,-0.00502060730400224,-0.00486078399179069,0.00852867259585021,0,-0.00101666595273424
"2004-07-31",0.00114050217443973,-0.0335253167659391,0.0306499460614791,-0.019863772598193,0.0276105527929132,0.00753526598712139,-0.00203313959721929,0,0.0133004524515817
"2004-08-31",0.00127921718553513,0.00351552108546672,0.0147815043182961,-0.00795808033745082,0.0147075333398296,0.00169960700857285,0.00259046195654666,0,0.0145801118204262
"2004-09-30",0.00119990127000817,0.0180375653884215,-0.00168434951887627,0.0200149975913977,0.00295426643099048,-0.0123088183949822,0.0089054211252615,0,-0.00272887206903192
"2004-10-31",0.00130760112417443,0.0234061894160602,0.00030353308607948,0.00331860320816757,0.0011573239323563,-0.0179636287040566,-0.0227042431528908,0,0.0009175557982097
"2004-11-30",0.00132913595302404,0.0516432674758772,0.0039075191179383,0.0297220432251664,-0.0012046037453517,-0.0248318020366136,-0.00010677470820309,0,0.0017624121169384
"2004-12-31",0.00183723890713444,0.0366402426161864,0.00129020295308323,0.00404974790214579,0.000263534194236935,-0.000936976014571655,-0.0184405901612759,0,9.81838566722348e-05
"2005-01-31",0.00173253601634178,-0.0240590942150711,0.00929756683066333,0.0119639798191321,0.00580040148656711,0.0154118057899656,0.0212073292702207,0,-0.000895664597847391
"2005-02-28",0.00152921563381168,0.0306020991587716,0.0122248123468796,0.00207723140389214,0.017724565833569,0.00420375978969001,0.0420843850089441,0,-0.00134271848041064
"2005-03-31",0.00227115915363374,-0.0212683530779954,0.000120071779071803,-0.00161612186468324,-0.00638552019302559,0.00951079761695506,0.00341323660698711,0,0.00856707338499651
"2005-04-30",0.00234266404026065,-0.0234332368589575,0.000593635072154979,-0.0218281893660988,0.0101849851956003,0.00340207241198542,-0.0190803943127144,0,0.0222727250621179
"2005-05-31",0.00243760502623815,0.0160963740376162,-0.0160040472939282,0.0148761104741055,-0.0151929267338315,0.0129919468620716,0.0234959958251177,0,-0.00845868455951644
"2005-06-30",0.0021382217071819,0.00695622429979583,0.00861381220006537,0.0250013446928022,0.00734461418986747,-0.000456057941680355,0.0396208671618685,0,0.00497360687043207
"2005-07-31",0.00229608277291933,0.0328585970423846,-0.0128224073713759,0.0187265216220774,-0.0114754375136035,-0.00536961431573846,0.00945091519252218,0,-0.0109647567576168
"2005-08-31",0.00282471547420644,0.00517742242674739,-0.00263417245074304,0.00274511348287243,-0.0018679612183714,-0.0123511536959738,0.0158588574718397,0,-0.00408781686311887
"2005-09-30",0.00298468515667799,0.0232778267084838,0.00851982372861991,0.000180469340767667,-0.00563006064222662,-0.00968365374662317,0.0267071587678824,0,-0.00836142438833162
"2005-10-31",0.0024502026701507,-0.0265129491233151,-0.00589657876778979,-0.00953764380296073,0.000680804660838419,0.00135223962620745,-0.011188645176906,0,-0.00144553394939938
"2005-11-30",0.00321519963754835,0.0306488399299866,0.00266976986067279,0.0115540135270609,-0.014206725763066,-0.00336869810799611,0.00701858424790825,0,-0.0118441540675382
"2005-12-31",0.00341269733884776,0.018997047632852,0.00089008848289,0.0206871772989432,-0.00134689745092829,-0.0169266703947462,0.0359253813298137,0,-0.00514162349786699
"2006-01-31",0.00287770431250858,0.0419705382292852,-0.00301568294196542,0.0352439877974433,-0.00235851675065506,-0.0208059918008578,0.0175261959649109,0,-0.0166781340735851
"2006-02-28",0.00313120475170036,-0.00420028408178185,0.0183822632730885,-0.00884557158462262,0.0117076118680458,-0.00308564389407251,-0.0225048525970724,0,0.00871050571199505
"2006-03-31",0.00401611606104096,0.0184241539510382,-0.00581772947344254,0.029014440629086,-0.00615364198847756,-0.00079737636471822,0.0229810447772085,0,-0.0112778801672422
"2006-04-30",0.0034105848772352,0.0274839035278072,0.0144619406821684,-0.00636608754758861,0.0151206331575533,-0.0274391764251283,-0.0247807829624227,0,-0.0111037556573588
"2006-05-31",0.00390846816711279,-0.0371716876829493,0.00900367205076207,-0.0245416778886007,0.0109686036416165,-0.00256051029231019,-0.0385270142405004,0,0.0111482520537976
"2006-06-30",0.00406474555487431,-0.00394561822731939,0.00307954706287727,-0.0148611336524131,0.00492887267244502,0.0104878618175039,0.00347949186726093,0,0.00489086460191502
"2006-07-31",0.0039115556519679,0.00254645899869397,0.0285415472300091,-0.0399930760212571,0.0208919228647604,0.00257112617995769,-0.011787707207296,0,0.0161650949509004
"2006-08-31",0.00429948715553756,0.022169520967634,-0.000546934772827311,0.00395272867323884,0.00271738344089976,-0.00999532194938002,-0.0197652641262083,0,0.00217823535649696
"2006-09-30",0.00436885538894931,0.0078430433640236,0.00614630246806905,-0.00763241231551053,0.000527685991896589,-0.00315577196991624,-0.00945354429432533,0,-0.00230133390199861
"2006-10-31",0.00374113272407835,0.0331658789086662,0.00224587079321801,0.00757965883405153,-0.00184879808706117,-0.000513276651440409,0.0161868177189899,0,-0.00673195597877157
"2006-11-30",0.0041944244763336,0.0208119523113629,-0.00088990909490819,0.0129828694960301,-0.00156166701876816,-0.0115483099405491,-0.0055039687418903,0,0.00360265934937784
"2006-12-31",0.00463271637119499,0.015966426300462,0.0149677928521554,-0.00316281743119286,0.0119264525622613,-0.00963966938296857,0.0198536990026188,0,0.00482729849736763
"2007-01-31",0.00380698808636674,0.00819780872745986,-0.00783426665193179,0.00977158302271191,-0.00680489229973857,-0.00647790952833116,0.012042136934131,0,0.0024321017190323
"2007-02-28",0.00386772925990103,-0.00865919104623997,0.00243293560683368,0.015013711237073,-0.00242843446621132,-0.0138111357145599,-0.00513344351372691,0,0.00342713723786603
"2007-03-31",0.00456490484899442,0.014165456993301,-0.00161224004405012,0.00616241717061365,0.0103047658269692,0.00560702193715268,0.00924407767586177,0,-0.00453388162343877
"2007-04-30",0.00416479450089056,0.0405416896283383,0.00133865604240826,-0.0139711460875729,0.00875378259302886,-0.00228812835816394,-0.0168396864799942,0,-0.00795750291205354
"2007-05-31",0.00440035244040619,0.0245948390839767,-0.00186015301079804,-0.00361704548778775,-0.0078447235425978,0.0074788042910634,0.0106650452774364,0,-0.0154503070347143
"2007-06-30",0.00409357325326903,-0.0114560567623331,-0.0069120003543447,-0.00111199020444586,-0.00145800833140419,0.0100222680316734,-0.000446875308576344,0,-0.0222714021247341
"2007-07-31",0.00374917912636246,-0.0256918604206652,-0.0195478168134822,-0.0139938608447387,-0.00639674633103373,0.00421689236811362,0.00575228021947561,0,-0.00496570960797063
"2007-08-31",0.00571340112336454,-0.0060372819051278,-0.00585280161554768,-0.0304615851751651,0.000819735088429696,0.0142455280292749,-0.0121254143725029,0,0.015234128570575
"2007-09-30",0.00337208482990108,0.0445238381581301,-0.0134278006273978,-0.0330197438517532,-0.00594636971410174,-0.00231253683018573,0.0149271642422553,0,-0.00715431859915254
"2007-10-31",0.0031873479318733,0.0277016478085047,-0.0171332365453054,0.015487803752493,0.00389586418265944,-0.00853862486571888,0.00596728145956349,0.00214100425962194,-0.00614928523818306
"2007-11-30",0.00448059141613045,-0.0449032582054214,-0.0182798177884248,-0.0386994468929319,-0.00536106682077944,0.0132358386802042,-0.00322089260407022,-0.00127989751184254,0.0192480262067208
"2007-12-31",0.00284867307249728,-0.0154607356247441,-0.0107483617591051,-0.00582138278319356,-0.00723544689017521,0.0170781957734327,0.025426196082017,-0.00153006583807601,-0.00480094789597611
"2008-01-31",0.00481367311740005,-0.0810102039336205,0.0189002107332579,-0.00311515380812173,-0.000329554960045136,-0.00970800732453925,-0.0348916573493039,-0.00104103258354384,0.0258323695423768
"2008-02-29",0.00158435621435322,-0.00688821369394916,-0.0301338739690371,0.0148401912762442,-0.0203532755341872,0.0096868090405503,0.0128801812710623,-0.00122534069489366,-0.00580864869355356
"2008-03-31",0.00208667896322143,-0.0111800241867689,0.00605129761096146,0.00177222734266869,0.0120249731170236,-0.0110981391319334,-0.0137038469260277,0.00186179015978238,0.00161135048391059
"2008-04-30",0.00109951514812317,0.0522627841445971,-0.00617511905281893,-0.0139314448305848,-0.010226794962068,0.00368361719260269,0.0201845180732581,-0.00922908905201409,-0.0250894728856459
"2008-05-31",0.000568842326921277,0.0159258268773978,-0.0343769093583341,0.0222958583404149,-0.0222957720864584,0.00823766070528853,0.0132001487861799,0.00407853387519182,-0.00478941815239468
"2008-06-30",0.00166675373477144,-0.0810682036626273,-0.0295612421834584,-0.000504191932442624,-0.0257384663025282,0.0231335012201628,0.0624807514148207,-0.00280668530722079,0.0153302056116614
"2008-07-31",0.00204894916637561,-0.0262290131529407,0.0131386037156069,0.000982116447920251,0.0241186388090463,-0.00280143935857457,-0.053941374511115,0.00449525122251814,0.0258273392088245
"2008-08-31",0.00157322096126213,-0.015168046308809,0.00930717156400785,0.0100532515766811,-0.00940984419777504,0.038600332209034,0.00764084210085137,0.00328469958280086,0.0140961819251702
"2008-09-30",0.00280470391982907,-0.121312110544042,0.038461075400895,-0.0211876919225208,0.02412275827653,0.0223083575297105,-0.0409684091289956,0.00557566637433531,0.0572700027228169
"2008-10-31",0.00205677980444012,-0.191397556386757,0.0107524080576659,-0.0533208611688246,-9.18015486085222e-05,0.073039525781339,0.0645269234378664,4.92821265024868e-05,0.0310840467500895
"2008-11-30",0.00144025847957801,-0.0654790738147866,0.0234844733995813,-0.0225005964659308,-0.00695781516789659,0.0322189475278182,-0.00185269980969593,-0.00263225097288719,0.0298801253464832
"2008-12-31",0.000903024039061226,0.0316952003258436,-0.0055224854382836,0.03463566499161,-0.000150955609319582,-0.0233643777086217,-0.0208469983023172,-0.00134490988726648,-0.0130321323077702
"2009-01-31",-0.000137677772525069,-0.087175660239238,-0.0507469718871021,0.0079935378073684,-0.0492669344288679,0.0474830391678405,0.0115066467335647,-0.0028851603940787,0.0157881160819944
"2009-02-28",6.86113988483526e-05,-0.101752873196993,-0.0385193002555306,0.000350362305821625,-0.0136767914548434,0.0240644619034632,0.00979104518434304,-0.0010175243198754,0.00352928977156561
"2009-03-31",0.000547254953125046,0.0754559097915525,0.00854862948084543,0.0102898262774591,0.0126516520207385,-0.0134440978695567,-0.0272781860165188,0.0027579901109656,-0.0379847748364124
"2009-04-30",0.000536280368266606,0.112653481633367,0.0488379436263735,0.0584864501455866,0.0303825611352272,-0.0495146380520435,-0.0762909534437064,0.00577629218709219,-0.040466875210075
"2009-05-31",0.000208682992291557,0.0916573183497039,0.00984104808383737,0.000295354243598382,0.0232150952023356,-0.0388056142416113,-0.0617844190792218,0.0020492505366576,-0.0221023509456968
"2009-06-30",0.000128130066254273,-0.00421783789042367,-0.0132296447619696,0.0157395895600032,-0.00315708210573373,0.00800830722376034,-0.00176319015831494,0.00170447717236544,0.0174356736668452
"2009-07-31",0.000378463261268239,0.0846210652799486,0.0129747908900074,0.00354313577150171,0.0186565807883682,-0.0253649836399903,-0.0143018598663041,0.010430600409801,-0.0160480620167946
"2009-08-31",0.000325434724329698,0.0413729468052493,0.0375556918514133,0.0216170163637923,0.00623815719121446,-0.0191470604167474,-0.0233643730034072,-0.00194516576798184,-0.0132978437088617
"2009-09-30",0.000317331499862648,0.0398864099074571,-0.0105940187592113,0.0212800235327537,0.00775970512680415,-0.00686226707182902,-0.00133327282676565,0.00289970686854235,-0.00233033474163235
"2009-10-31",0.000227058231771946,-0.0178043328785296,-0.0172386871605154,-0.0235858849473954,0.00895083883676528,0.0206485091674863,0.000967889553776129,-0.00064210927510568,-0.00929807112438028
"2009-11-30",0.000237221786378055,0.0411320309491451,-0.00242285884758452,-0.0187791009821168,-0.00303530027170967,0.00708333797399961,-0.00596112595306054,-0.00094726798600827,0.00146271503273713
"2009-12-31",-2.31007824945673e-05,0.0183024091909284,-0.0151277833593923,0.0302334442020337,0.000130881373748861,0.012006507187319,0.0206478361981792,0.00236795438446306,-0.0169592731136461
"2010-01-31",0.000295780202445574,-0.041435555198066,0.0134479949603866,0.0168682879367661,-0.00735555697429962,0.00970591649221575,-0.0182908208175841,-0.00177729917949662,0.0170136327501094
"2010-02-28",3.86364615394087e-05,0.0144566106223701,-0.0123641115709561,0.00851290231386543,-0.015056605138588,0.00957219580658597,0.0176023482330057,-0.00278400779007978,0.00022568642273192
"2010-03-31",6.74982270615042e-05,0.0624198834297035,0.00270796620511797,0.0170001938977864,-0.00770694733204214,-0.0152638358590154,0.00911351648961367,0.000946247602710656,-0.0280139022494758
"2010-04-30",0.000201565909610425,0.000497199722673679,-0.00413545294313811,0.0407515555818093,-0.00591933948579048,-0.00416026909378764,0.0133370260079122,0.00416270130599173,-0.00292265551199444
"2010-05-31",0.000218833144388051,-0.095056236726112,-0.00172870792292631,-0.00478010249588277,-0.011444823625167,0.0243565302243909,0.0239152098957704,-0.0047447171555345,0.0333156109013437
"2010-06-30",0.000170421108784636,-0.0340840865151733,-0.000691729240938993,-0.0104664299288898,0.0193636537728296,0.00649582195598986,-0.00728291646427615,0.00309832265303573,0.039930670507386
"2010-07-31",0.000228063730057851,0.0811077398607329,0.00668005486676334,-0.000300759598425925,0.00598621065508258,-0.0359435945473139,-0.0176117246574925,0.00294763045321768,-0.0351431727179609
"2010-08-31",0.000179224189942355,-0.0371058090605222,-0.000875515226923897,-0.00899433737618562,0.0234227461340627,0.0114179166059052,-0.00359754943400259,-0.00423952537888773,0.0406674060916067
"2010-09-30",0.000137504601968323,0.0934927916918979,-0.0251561422684701,0.0279127942376238,-0.0073453553768701,-0.0159286629387956,0.00554562198301724,-0.000909254484407804,-0.0352280114833285
"2010-10-31",0.00019113921187686,0.0373068175365224,-0.0110913021022962,0.00279621416523711,-0.00328303511830529,0.00218413358550484,0.00265000890714417,0.000412573396870008,-0.010509592899711
"2010-11-30",5.67620194686414e-05,-0.0211761131100585,-0.0192946674791026,0.0268931782036835,-0.0284682754755126,0.0149940773876298,0.0388330117688949,-0.00290888329347517,-0.000740766204487472
"2010-12-31",0.000225223527700907,0.0736299562297656,0.0124934559283964,0.0231870878155656,-0.00860089317133528,-0.0295610851420933,-0.0298517534078218,-0.00356241708842207,-0.0272521703986679
"2011-01-31",0.000115701849190382,0.0227103990425253,0.0229525340677066,-0.0135170413479968,-0.00524225572612336,-0.0150378026867954,-0.019430272972061,-0.00485655539509436,-0.0256585029363947
"2011-02-28",0.000162665407893766,0.0352924539297498,0.00907327848677528,0.00580228616543104,0.00064419968701674,-0.0115679399728346,-0.00222669929656005,-0.00552684262895836,-0.00627773516344776
"2011-03-31",0.000165740543371819,-0.00956830849360291,-0.0112888946603424,0.0251593431323818,0.0158224004621165,0.00754130364646266,0.0184077814387461,0.00122466264176624,0.0137097661619706
"2011-04-30",0.000247663149761638,0.0428686544142405,-0.00155406723051942,-0.00233566799069829,0.0169517057773759,-0.00545652292896293,-0.00414108366080224,0.00143742176769177,0.00105700854081216
"2011-05-31",5.80357597744024e-05,-0.0197907916702506,-0.0073555968066189,0.000238368585525461,0.00740661396224399,0.0187876894336411,0.010600428733867,0.000643134826671488,0.0286408425912096
"2011-06-30",0.000104984969873516,-0.015539422236414,-0.000524489502385371,-0.00668441290913374,0.00275353717702828,0.00458865237017136,0.00740902208273431,-3.02079914389214e-05,0.00582107009844146
"2011-07-31",-7.84126445487721e-05,-0.0177885667569706,-0.0215242179193179,-0.00554725945668059,-0.000444455615813723,0.00769093760440065,0.00314992405470893,-0.000730591663042523,0.0080838843831299
"2011-08-31",0.000284773855014357,-0.0703228773409091,-0.00579436619579717,-0.0127859897224756,0.0308058614248742,0.0309743209523482,0.0159152802491571,0.00190354278634108,0.0610545777181307
"2011-09-30",0,-0.0859730988686408,0.0185738221344541,-0.0337150239555011,0.0231960356943013,0.0412897473996529,0.052775045658459,0.0086232333534373,0.0537291182337176
"2011-10-31",5.75714927223784e-05,0.103662017156509,-0.0155041296723566,0.0185884096262259,-0.0237186400916808,-0.0261159820082004,-0.0463455904138074,-0.000145545562011198,-0.0594677742110813
"2011-11-30",4.25125256956299e-05,-0.0238845590572423,-0.00667281655588859,-0.00297739856347297,0.00655979692975195,0.0252320115128851,0.0301099326600595,0.00293443094737725,0.0152025287885981
"2011-12-31",2.70124376777632e-05,-0.000205147466974408,0.0220052825299941,-0.011875936778891,0.0189243122000355,0.0094489465921086,0.0184435816241626,-0.00545982562596504,0.0220621805705818
"2012-01-31",-2.52417674197737e-05,0.0505026354477513,-0.0169296544453931,0.0277325716194237,-0.0455325671970437,-0.00889670415498811,-0.0393438033201121,-0.00485029483378455,-0.0406430789088215
"2012-02-29",-4.42838221072464e-07,0.0494005041858937,-0.00525347259219688,-0.00195851354887351,-0.00670514661746771,-0.00761269425202359,-0.00558677432345256,-0.00307596723331121,-0.0261512900933078
"2012-03-31",0.0001120255187932,0.0132947602208551,-0.00625864017451544,-0.003554121045396,-0.00796216813180894,0.00971232292122282,0.0207683769131086,-0.00010592607706306,0.00214280558291714
"2012-04-30",5.49027733873648e-05,-0.0107139201017045,-0.0120062534278289,0.0033210102146493,0.00817133430840156,0.00758514355967988,0.0171424749910668,0.00145087377346887,0.0197801367161569
"2012-05-31",0.000152730353895951,-0.0855215842689165,-0.000391178590957761,-0.00891554791560172,0.0119791849376535,0.0303126486581093,0.0505611250413902,-0.00221810164348882,0.0411854926686374
"2012-06-30",7.03838175652792e-05,0.0513834643269558,0.0222778811788942,-0.0151533613037944,0.0161100798480991,-0.017005848144521,-0.0133358481445212,-0.00533212759431393,-0.00874388070612933
"2012-07-31",0.000115522353575193,0.0130174641130833,-0.0037831215257573,-0.0175335951288917,0.013831438951543,0.00775834881554016,0.00716528405750161,-0.0011563826230043,0.0094576392089802
"2012-08-31",0.000138076619247202,0.0257197331161333,-0.00521442096184189,0.00955175902868574,-0.0117105768256025,-0.00747247331004841,-0.0145425594025792,-0.000295883129876041,-0.0187543115480726
"2012-09-30",9.38124909559283e-05,0.0278264301125668,0.00659420669116242,0.00868726603358442,-0.00329188352913737,-0.00684025469120497,-0.00808034716160156,-0.00395709865692817,-0.0104626691449417
"2012-10-31",6.81421657970126e-05,-0.00654140970821596,0.0172968602457886,0.00238499733451936,0.00301937612788861,-0.0126416771006431,-0.0138164177180149,0.0014171368474466,-0.00212021749831426
"2012-11-30",0.000176076666789326,0.0131689129584873,-0.0160332496502211,-0.00154328051181631,-0.00416165353666687,-0.00193994578293255,-0.000356581179494109,0.00251513396295296,-0.0123091579840409
"2012-12-31",0.000143318251004225,0.0192011988884422,0.0173264512059197,0.0168857767636421,-0.0038536128139843,-0.0279608704952989,-0.0245771251513412,0.0034313758527529,-0.027377885633902
"2013-01-31",7.78458289894223e-05,0.0511702960304967,0.0150543129551994,0.00911550805168095,0.00232805409751748,-0.00318013038227161,-0.0116093876753953,0.00760335081973038,-0.00459257310742342
"2013-02-28",2.03456549861785e-05,0.00213066972723777,-0.00911307612601205,0.0057831233584404,0.00125721950119795,0.0152072338277809,0.0244793224580242,0.00300696651994392,0.0236456413364476
"2013-03-31",0.000149916153089665,0.0237894825715043,-0.00527565281492804,0.0116659659620281,0.00426690325144956,0.0014848304903019,0.0214745926002182,0.00498367819848286,0.0278117966746617
"2013-04-30",0.000118503739942853,0.0320843212911988,0.0160470377641759,-0.0179493969703804,0.0133535797266997,-0.0132985514154072,-0.00561593399551285,-0.000156984623671294,-0.00174483080503159
"2013-05-31",7.38382959005474e-05,0.00119159331254229,-0.00102938630902491,0.00900824554491812,-0.0315670855420797,0.0184582932933,-0.00390108136167433,-0.00220948036248536,-0.0484030116952075
"2013-06-30",4.68652248974869e-05,-0.0242880416788194,0.00431674245733798,0.0038229191785514,0.000456954340991779,-0.00240776608910941,0.0236478867150749,0.00316244697831728,0.0197283096775733
"2013-07-31",9.72579878650962e-05,0.0528405103716989,-0.00134743033156279,0.0128437390977161,-0.00478165119672179,-0.0104334811715574,-0.0258519412157534,-0.0040043636650156,-0.0207579265304843
"2013-08-31",7.60322818924157e-05,-0.0209351537904117,-0.009527529916425,0.00234352606765229,-0.00283582536238578,0.00253407052527966,-0.00860238623816279,-0.00168260893830618,-0.00600075049146708
"2013-09-30",7.60265014240281e-05,0.0503285352175912,-0.00784635179267815,0.0226306197714978,-0.001457180959207,-0.0208906188519606,0.00491392160527515,9.04139516719957e-05,-0.0170198019168406
"2013-10-31",4.42014348053693e-07,0.0393809966407487,0.00923867627258754,-0.0104064202347296,0.0014912324386685,0.00484263336737212,-0.00989115938483076,0.000229901688307999,-0.0029332182331085
"2013-11-30",3.00560722546979e-05,0.0182056104314327,-0.00381001929952781,-0.00148857462480171,-0.012477800182005,0.0136810407539842,0.0201055766341294,-0.00266708022350406,-0.0180733622375602
"2013-12-31",0.000101649910636475,0.0214326899619762,-0.00456750191759682,0.00443029292516589,-0.00504413712257776,4.75980322975911e-05,0.00929526463606334,-0.00140541389159026,-0.0161053318005029
"2014-01-31",9.19184259326652e-05,-0.0369053008296669,0.000623255442361387,0.0193506541592887,-0.00192035930262438,-0.00290958704724398,0.00971162101693113,-0.000557475577119083,0.00978586462836562
"2014-02-28",2.60723352637042e-05,0.0505662603412477,-0.00693141976431449,0.00536751259700213,0.00690217774004128,-0.00276649741787982,0.00224651883564397,0.00193158851621038,-0.0104489581497504
"2014-03-31",7.24670021066283e-05,0.00194346240213038,0.0220532918655341,-0.00724179369807454,0.0088434596187343,-0.00115563565589616,-0.0285703641145251,0.000919531121543745,0.0093233087855518
"2014-04-30",7.68798107870794e-05,0.0107188815899388,0.0123209711493017,-0.0289718491673928,0.0184463840282008,0.00407402580403083,-0.024526153330274,-0.00099358854520459,0.00491813289249569
"2014-05-31",3.09277029599648e-05,0.0205864565060432,-0.0135484766447367,-0.00945776354907402,-0.00946868671074226,-0.000205573670953862,0.0171884807616036,0.000498802994426839,-0.00533134987587846
"2014-06-30",4.15297620388783e-05,0.0182779438383984,0.00217258546914168,0.0225878685109922,-0.00306751025768519,-0.00959909274747784,0.000381192863501131,-0.000462751971866789,-0.00136816984367099
"2014-07-31",4.02027277771947e-05,-0.0157587877928009,-0.000171396439292313,-0.027296582684295,-0.00225368577038774,0.00925937444479663,0.00183415099469109,0.00083252867259416,0.00489466982485476
"2014-08-31",7.46566346996844e-05,0.0223714477039826,-0.0100600719607871,0.00880132034911063,-0.00769681456376903,0.0148190801015318,0.0125312878308152,0.000122373504530371,0.00776175592996457
"2014-09-30",4.81490021669992e-05,-0.0267775588797499,-0.00315529718234198,-0.0337615865854451,-0.00392311416780532,0.0162764644470589,0.0182870171422529,-0.00244981420812212,0.00380352245303038
"2014-10-31",2.03193494979467e-05,0.00668779510776432,-0.0101658339567161,0.0118342175980151,-0.00992918490151584,0.0156581947585106,0.00545237497197459,0.000266829458817289,0.0237633591933266
"2014-11-30",1.72269778010665e-05,0.0204943810288759,-0.0159558294503373,-0.0149138174751984,-0.00627476638055295,0.00783318185602244,0.0161446777230214,-0.00124568969856355,0.00046932431392465
"2014-12-31",1.10428125423435e-05,-0.0157209874360904,0.0006845512415895,0.022834253920458,-0.0101801351996585,0.00528673704848004,0.0101502818458743,0.000525429288957718,0.0123123142087987
"2015-01-31",0.000171355083062715,-0.0180555478825594,-0.0168105955111318,0.00139491383676993,0.00614248370944261,0.0109165298191196,0.0194680565336117,0.00189507102897101,0.0326264853408516
"2015-02-28",2.07564993239577e-05,0.0590652335557811,-0.0103070800697083,0.00255561796365211,-0.0169593445483225,-0.00614202802212892,-0.0048202707597209,-0.00589179710107215,-0.0290102871579274
"2015-03-31",1.85480170624211e-05,-0.0150252782424489,-0.0110126662924164,0.0178222888426482,-0.00987021782716254,0.00409060732342748,0.0112809973468362,0.00342424270521516,0.00976124806784562
"2015-04-30",0.000162931027631353,0.0238052751342757,0.0152418421286717,-0.0136184682318051,0.012846023687366,-0.0162971251055057,-0.0267913051044278,-0.00433867260173669,-0.0128996979067573
"2015-05-31",4.81263612804729e-05,0.00424596560990577,-0.00854856408740038,0.0114979347637294,-0.0109610882037596,0.00796378714076452,0.0219011073397162,-0.00140597291483812,-0.00838127609895112
"2015-06-30",6.93148164175029e-05,-0.0229151617968103,-0.00988316529347422,0.0143278026794064,-0.0116891571207504,-0.00586142444919468,-0.000907065819089722,-0.00155786244312477,0.00152817148572883
"2015-07-31",-2.11922401080345e-05,0.0183042612140551,-0.0196015698029858,-0.0247242397766143,-0.000806777343500951,0.0156702332409973,0.0225529112820642,0.000185034355664849,0.0142298909486868
"2015-08-31",5.7392356221177e-05,-0.065820902629518,0.0032631013861842,0.0151558300215251,0.00621813760497565,0.0035548234768903,-0.00547075217891657,0.00164024944780375,0.0227602341378978
"2015-09-30",0.000362764637244391,-0.0367955481901048,-0.00142014948199747,-0.00700265786052777,0.0115286174071503,0.0249220221628708,-0.000680885302209985,0.00276809857761139,0.02448982043052
"2015-10-31",-0.000155368603183301,0.0796903501058651,-0.00585573317774267,-0.0246417250204314,-0.00185715239786169,0.0059048007764062,-0.00867320069166612,-0.0011008414387521,-0.0196631109984891
"2015-11-30",-5.73837427441255e-05,-0.00443321834219478,-0.00773077782129076,0.0162205072784487,-0.0097313906142019,0.0113868608721319,0.0179362750965517,0.00040259050608871,-0.00542645353914073
"2015-12-31",0.000227276237717672,-0.0174007713086548,-0.00268061581613605,-0.00799546723458476,0.00342106828538793,0.00369480449143656,0.0122012684908035,0.000924393718906832,0.0252313336960145
"2016-01-31",0.000245309882414629,-0.0598155531387239,0.00542223132370108,-0.0201901321785729,0.0251638039696302,0.0227753619067137,0.0201047222757908,0.00155470015130302,0.0432645602727309
"2016-02-29",0.000236870869647157,-0.00707007508639309,0.00266329056355211,0.0143550282960093,0.0149338419666888,0.00229288390187265,-0.0151731742431535,0.00248704652045973,0.0284745572051482
"2016-03-31",0.000518024382856674,0.068074589406532,0.00232074388750058,0.0187618295368144,-4.63946950726157e-05,-0.0168329957460884,-0.0246910750587514,0.00248945231592738,-0.011358254416727
"2016-04-30",0.000312039845901729,0.0161462375340878,0.0177300539878869,0.00570832000325549,0.0050461501125834,-0.0286253870523753,-0.0218028896769099,0.000430152598342601,-0.0057121146433239
"2016-05-31",5.46480598836128e-05,0.00647990287841785,-0.00842092539030246,0.00670272925149493,-0.0050304626363713,0.0139743167171078,0.0251957222307806,0.000288630956804646,-0.00777149749264172
"2016-06-30",0.000544861432531904,-0.0112705906652596,0.00127949752647185,-0.0126684861880086,0.0207356822936762,0.00634765756719169,0.039170257450348,-0.00123897260476326,0.0536277152712937
"2016-07-31",0.000219305971463585,0.0422980629214097,-0.00900332026910264,0.0152378437236425,-0.0178885903562454,0.00529552698543556,-0.0152763037649504,-0.000605507526793884,-0.0228823460958665
"2016-08-31",0.000199889576419086,0.00113683438396234,0.0171463078721437,-0.000689581184411649,-0.00614254343535903,-0.00397360960145043,-0.0256513273821085,0.000793320050632485,-0.0297704284206166
"2016-09-30",0.000412377304548778,0.00535094152743134,-0.00441304333398396,0.0101459514708861,0.00197916157719824,-0.00121366681279045,0.00207763512745718,-0.00205292231575371,-0.00386356165208323
"2016-10-31",0.000267511557335154,-0.0193629058138787,0.0250409808353172,-0.0179909289866494,-0.0103204269957936,-0.00362399975497396,-0.000155132438791498,-0.0043316719369086,-0.0143001635246946
"2016-11-30",0.000115263074770145,0.0148091965730174,0.0262421613740622,0.0307685207018578,-0.0156179691398191,-0.00583462012592762,-0.00982161021807993,-0.00035724494759415,-0.029349219441215
"2016-12-31",0.000389630892892266,0.0239022968970465,0.0219696878219313,-0.00174327363090883,0.00516804164286658,-0.00442684896155621,-0.00580484612039189,-0.00147393553494912,-0.00149573019093682
"2017-01-31",0.0005265598456364,0.0238418152558658,-0.0220663554295444,-0.000687948829199571,-0.0106053610397927,-0.0115774833459314,0.00224133571055596,-0.00299139467279755,-0.00587258449483775
"2017-02-28",0.000382686237705976,0.0278524152183316,-0.00862231964446304,-0.00852629694187488,0.00291350674684262,0.0183993009256875,0.000232931643327827,-0.00267907066048578,0.00513115219345452
"2017-03-31",0.000167369751410078,0.011200929211722,-0.0107609702940848,-0.00376027556891124,0.00429318617302643,0.0031071285618578,0.00938178048635253,0.00017724720862613,-0.00658431633943679
"2017-04-30",0.00060190502281213,0.0146987137567273,-0.0189495565217217,0.00623269797483146,-0.00777243674654104,0.00158507231548711,-0.00219506570127525,-0.00040980888989787,-0.00436483734764457
"2017-05-31",0.000521729896614847,0.0216012873097731,-0.0240424865408781,-0.015438183897897,0.00671841945739992,0.00669828725598221,0.017326017270336,-0.00142467672985908,0.00772509435303252
"2017-06-30",0.000793154580522778,0.00343493058763476,0.0192873075665899,0.0125306734322295,-0.00558242352961725,-0.0176123889054283,-0.00473773427094681,2.39878003331943e-05,-0.00959490958849408
"2017-07-31",0.000806533932472721,0.0234348745235798,-0.00294231503576857,-0.00303813497016141,-0.00735018067986809,-0.0143910486460148,-0.000828214751525721,0.00199528989457611,-0.00489718590141689
"2017-08-31",0.00103240048210787,0.000880245751720271,-0.0183567070666533,-0.00248624982795353,0.000438799889692419,0.0115708768509872,0.0127907427143872,-0.00338661365206805,0.00686824347545834
"2017-09-30",0.000838695797425584,0.0219991928727319,0.014879183210905,0.0178660583223507,0.00332513026537424,-0.0059859489511136,0.00314093427985495,0.00175375468333064,-0.0203865741890785
"2017-10-31",0.000786041579371488,0.0183641901233373,-0.0172277654490764,-0.00426617222312456,-0.0153426024769592,0.0162584115927422,0.031178924320675,-0.000660024151859302,-0.0046563594924247
"2017-11-30",0.000740052515348908,0.0214398556588691,-0.00163258300101336,-3.84232124050789e-05,0.000980268639925199,0.000631334195471119,-0.00774893396897802,-0.0023328534203142,0.0064126453968232
"2017-12-31",0.000937829330765029,0.0128983267653801,0.00169090122922631,0.00187530856687253,-0.00446710112625603,-0.00316897359200619,-0.0111737288134386,-0.00151036763938218,-0.0117061251430064
"2018-01-31",0.0011267414167663,0.0518988558155696,-0.0203571651667143,-0.0212186812643103,-0.0155064153679527,-0.0132889119483444,0.020521611923098,-0.00264147890953302,-0.0226410481537738
"2018-02-28",0.000814546024462113,-0.0418204462330703,-0.0179627688197897,0.00148312500217959,-0.00795811594929283,0.0151267392871106,0.0262690476136731,-0.00249564060149913,0.00113443309150067
"2018-03-31",0.00139683627235555,-0.0225461188377417,-0.000191685295277202,0.0247299496888153,0.00494663399760067,0.00402303261616676,-0.011794905370685,0.00717834402322337,0.0209971080317001
"2018-04-30",0.00133939251060367,0.0107690392160348,0.00409080106984573,-0.00118607158286999,-0.0031991047941411,-0.0103408866591155,0.00255436576621348,-0.00122508047583825,-0.0107418849953467
"2018-05-31",0.00154972694461476,0.00566543989947753,-0.0374657318229206,0.0200461787913893,-0.0181968359080836,0.0267641801883476,0.0240363631988647,-0.00619948956658534,-0.00491594831476361
"2018-06-30",0.00162640611854171,-0.00174045637121635,-0.00150711507255275,-0.00213156244889268,0.0035014348021305,0.00305167811817308,-0.00094794928004549,0.00074074381742717,0.00731902666506623
"2018-07-31",0.00156940829159184,0.0299166238238399,0.0111975170173404,-0.021137098594629,0.00598934521973973,0.0040699526010739,-0.00859583161772081,0.00291877310493673,0.000530024410702927
"2018-08-31",0.00183480540452396,0.0110067399587192,-0.0347732452436592,0.00934740155890303,-0.0116340662632424,0.0198065610785287,0.0330735509181688,-0.00171243032971181,0.00311475600343659
"2018-09-30",0.00142819118466628,0.00455872545844585,0.00790055269846369,-0.0216507820329713,0.00449880930610337,-0.00297741071795144,0.0054084219533852,-0.000956947838043338,0.00664458365157447
"2018-10-31",0.00180866499715153,-0.0749996210489817,0.0398943447140349,-0.0295075239363675,0.0278939750251121,0.004138746352778,-0.0234311557861711,-0.00138729635552158,0.0277922649605007
"2018-11-30",0.00200840432040799,0.00987433643040642,0.0101243768064467,-0.00643478080237655,0.0140466342272523,-0.00697946757420808,0.00292442530850101,0.0137721204284263,0.017483353969262
"2018-12-31",0.00201762596674336,-0.0776773223574355,-0.00265526616370215,-0.0175944235781257,0.00947238139626175,0.00191746962217343,0.000357247166647534,0.00269470523855675,0.0206317999584319
"2019-01-31",0.00210268683297584,0.0760421487308834,-0.0130402407316019,0.0263856739118016,-0.0206805824988123,-0.00665473170357367,-0.0158301633315268,-0.00578901517654271,-0.0262954002910529
"2019-02-28",0.00183567391709538,0.028737558375095,-0.00910619733210712,0.00899405571763331,0.000866583240810372,0.0162545351459538,0.00853841049606841,0.00286293529757907,0.000308047064451471
"2019-03-31",0.00221843381041211,0.0115954857928677,-0.0208218567423948,-0.0207962697096683,0.00032024078213278,0.0192882664686218,0.0136142386659306,-0.00125041834925742,0.00786061809316148
"2019-04-30",0.00197112164509028,0.0340631917226003,-0.0132926124925812,-0.0044559627426179,-0.0186151303808389,0.00284771520213691,-0.00146432820366548,-0.00125390349676668,-0.025627139014583
"2019-05-31",0.0023605252052062,-0.0591611628271733,-0.00803594781165317,-0.00778592421052249,0.0117702841880831,-0.0029310532163902,0.0206754135316153,0.00437864026555979,0.0479144413490938
"2019-06-30",0.00232755348173376,0.0639884161314832,-0.00488194630241529,-0.0085085424257412,-0.00151161513996785,-0.0016900455616804,-0.00934027265840177,-0.00299359637225315,-0.0180882154487084
"2019-07-31",0.00178369407389048,0.00344822098066386,-0.0122158524387765,0.00132553148328944,-0.0110846023222224,0.0170531302886519,0.00977153923795071,0.00130529356838771,-0.000406603376746917
"2019-08-31",0.00213989489166431,-0.0221154320234891,-0.0209207842860255,-0.0148876867207725,0.00443125873380346,0.00623046191360388,0.0224497637814746,0.00619198867583416,0.0375240147810917
"2019-09-30",0.00163319836150483,0.0201239781773676,0.0345833542981484,5.20350202210668e-05,0.0131251554343706,-0.00584712474312288,-0.028139163037266,0.00157534239589416,-0.0110980670931344
"2019-10-31",0.00210170577964879,0.0236234824329825,-0.00999344353897506,0.00120912611928617,-0.00107024655215576,0.00357613908547405,-0.0174094269643343,-0.000195328314859258,-0.0168962058307853
"2019-11-30",0.00122512152753014,0.0271018276583225,-0.0148432618834589,0.00465213180475275,-0.0128930044310336,0.0132250555569773,0.00078359591796251,-0.00114162016294776,-0.0223186460493574
"2019-12-31",0.00143506718457423,0.0289060469408804,0.0014273548285473,0.00165511513137545,0.000718368382318611,0.000553554746779868,-0.013392778569866,-0.000697099846877991,-0.0138849931993164
"2020-01-31",0.00138294556542423,-0.00718761563669562,-0.0458497738212566,-0.0215773917643614,-0.0211861811244605,0.0141453576843843,0.0367279897183242,0.00597476192087021,0.0256387656422693
