"RF","MKT","ME","IA","ROE","EG","Date"
0.003927,0.081603,0.067282,-0.029434,0.018866,-0.022469,1967-01-31
0.003743,0.007202,0.016918,-0.002064,0.035317,0.025812,1967-02-28
0.003693,0.039691,0.019517,-0.016933,0.018876,-0.014789,1967-03-31
0.003344,0.038265,-0.007446,-0.029519,0.010983,-0.022351,1967-04-30
0.003126,-0.042419,0.029132,0.024686,0.005234,0.002749,1967-05-31
0.002674,0.024229,0.06235,-0.0217,0.002945,-0.004518,1967-06-30
0.003153,0.046036,0.030119,0.023713,-0.007125,-0.001554,1967-07-31
0.00324,-0.009522,0.002796,0.018169,-0.00678,-0.000121,1967-08-31
0.003177,0.031109,0.017933,-0.004427,0.00764,-0.005957,1967-09-30
0.003649,-0.031082,0.007602,-0.024696,0.033736,0.001947,1967-10-31
0.003416,0.004486,0.001462,-0.027052,0.007948,0.002268,1967-11-30
0.003565,0.030134,0.045301,0.003024,0.008415,0.015013,1967-12-31
0.003934,-0.040264,0.053829,0.047175,-0.027611,0.011872,1968-01-31
0.003849,-0.037473,-0.015916,0.027512,-0.003786,0.033638,1968-02-29
0.003977,0.001139,-0.022592,-0.011343,0.016762,0.011894,1968-03-31
0.004263,0.089885,0.053526,-0.026056,0.037654,-0.019498,1968-04-30
0.004672,0.022369,0.066977,-0.023165,0.0196,-0.003907,1968-05-31
0.004436,0.007091,-0.004317,0.024451,-0.00477,-0.000139,1968-06-30
0.00479,-0.026814,-0.011638,0.027644,-0.02101,0.033461,1968-07-31
0.004476,0.013562,0.021609,0.00369,-0.007607,0.015628,1968-08-31
0.004203,0.040251,0.014565,-0.005757,-0.034236,-0.011965,1968-09-30
0.004394,0.004647,-0.006765,0.026934,0.006051,0.025335,1968-10-31
0.004457,0.054045,0.02818,-0.0135,-0.004084,-0.009061,1968-11-30
0.004249,-0.038122,0.031692,0.025891,-0.007669,-0.008123,1968-12-31
0.005025,-0.011736,-0.003062,0.011287,-0.000599,0.004839,1969-01-31
0.004619,-0.058259,-0.038896,0.008468,0.010708,0.023862,1969-02-28
0.004802,0.025704,-0.00329,0.004342,0.019151,0.025092,1969-03-31
0.004859,0.015667,-0.001529,0.005729,0.020249,-0.002396,1969-04-30
0.005215,-0.000175,0.003868,0.014177,-0.000632,0.000143,1969-05-31
0.005137,-0.072524,-0.04711,-0.006272,0.034035,0.026999,1969-06-30
0.00552,-0.070692,-0.029302,0.019971,0.020585,0.034093,1969-07-31
0.00589,0.0456,0.010624,-0.025157,0.004656,-0.021044,1969-08-31
0.005856,-0.028446,0.007009,0.000668,0.020461,0.027936,1969-09-30
0.005724,0.049914,0.027812,-0.015403,-0.010961,-0.01245,1969-10-31
0.005509,-0.037673,-0.020346,0.001868,0.027251,0.023591,1969-11-30
0.005846,-0.025527,-0.037731,-0.006988,0.035171,0.016236,1969-12-31
0.005781,-0.079035,0.035944,0.03543,-0.011151,0.032645,1970-01-31
0.006167,0.050539,-0.024785,0.017291,-0.02148,0.001417,1970-02-28
0.005542,-0.010271,-0.012521,0.033862,-0.009004,0.030289,1970-03-31
0.005286,-0.110604,-0.046176,0.051869,0.003842,0.055544,1970-04-30
0.005546,-0.069892,-0.032345,0.031902,0.002447,0.035983,1970-05-31
0.005546,-0.056613,-0.018501,0.037465,0.026608,0.034015,1970-06-30
0.004886,0.069283,-0.004726,0.025463,-0.008376,-0.012997,1970-07-31
0.00502,0.045016,0.006459,-0.008656,-0.033301,-0.021074,1970-08-31
0.005034,0.042502,0.071669,-0.045667,-0.013578,-0.054366,1970-09-30
0.004954,-0.023162,-0.032219,0.029508,0.054955,0.038581,1970-10-31
0.004489,0.045959,-0.037022,0.007996,0.006343,0.021569,1970-11-30
0.003786,0.056937,0.027348,0.002506,-0.010453,-0.002209,1970-12-31
0.003777,0.048253,0.067855,-0.002393,-0.043397,-0.031099,1971-01-31
0.003344,0.013569,0.014429,0.006299,0.024201,0.007462,1971-02-28
0.002924,0.041854,0.026136,-0.019517,0.019082,-0.003295,1971-03-31
0.002804,0.030528,-0.002761,0.013011,-0.011778,-0.008496,1971-04-30
0.003127,-0.039536,-0.014764,0.008408,0.014227,0.008511,1971-05-31
0.003505,-0.000386,-0.006857,-0.007086,0.043661,0.023722,1971-06-30
0.004272,-0.044555,0.002058,0.023799,0.02382,0.006458,1971-07-31
0.004446,0.038065,-0.022947,0.015681,-0.033154,0.000843,1971-08-31
0.00363,-0.008646,0.003436,0.000654,0.027789,0.013024,1971-09-30
0.003855,-0.044537,-0.012297,-0.008146,0.01818,0.025812,1971-10-31
0.003506,-0.004768,-0.026877,-0.002272,0.016929,0.015225,1971-11-30
0.003152,0.088105,0.027116,-0.02149,-0.014548,-0.015395,1971-12-31
0.00285,0.025533,0.066986,0.001462,-0.065071,0.020035,1972-01-31
0.002659,0.02869,0.004947,0.019682,0.010483,-0.003198,1972-02-29
0.00259,0.006132,-0.010273,0.018522,0.020909,0.015623,1972-03-31
0.002962,0.002543,0.002123,0.003007,0.007439,0.002764,1972-04-30
0.002942,0.013433,-0.025167,-0.014978,0.020885,0.012908,1972-05-31
0.0028,-0.023696,0.004544,-0.000442,0.035904,0.015981,1972-06-30
0.003084,-0.007338,-0.019601,-0.003813,0.021009,0.032245,1972-07-31
0.002988,0.032978,-0.03503,0.035751,-0.015003,0.005274,1972-08-31
0.003546,-0.011217,-0.010618,-0.011171,0.021073,0.004777,1972-09-30
0.003891,0.004785,-0.030778,-0.004564,-0.004273,0.006831,1972-10-31
0.003739,0.046025,-0.009411,0.026856,-0.040002,0.007227,1972-11-30
0.004185,0.007058,-0.017259,-0.014356,0.029658,0.01826,1972-12-31
0.00441,-0.031862,-0.02379,0.003819,-0.004243,0.033714,1973-01-31
0.004277,-0.048647,-0.044754,0.000895,-0.010202,0.014968,1973-02-28
0.00475,-0.012609,-0.016619,0.005769,-0.019084,0.032346,1973-03-31
0.005002,-0.056768,-0.02918,0.031285,-0.004763,0.040611,1973-04-30
0.005098,-0.029609,-0.057174,-0.004296,0.015506,0.015935,1973-05-31
0.005379,-0.014025,-0.012292,0.004198,-0.002085,0.028674,1973-06-30
0.00654,0.050416,0.079566,-0.057598,0.011344,-0.040992,1973-07-31
0.006855,-0.036512,-0.01941,0.016852,0.014658,0.015273,1973-08-31
0.006749,0.047186,0.057177,0.021917,-0.01298,-0.015706,1973-09-30
0.006856,-0.00727,-0.011937,0.026122,0.004963,0.04157,1973-10-31
0.005529,-0.126237,-0.074069,0.019803,-0.011485,0.021201,1973-11-30
0.006961,0.004477,-0.045565,0.025209,0.036897,0.045754,1973-12-31
0.006274,-0.001861,0.115318,0.020989,-0.047769,-0.005303,1974-01-31
0.005819,-0.003473,-0.00494,0.021141,-0.010424,0.014956,1974-02-28
0.005677,-0.029041,0.018302,-0.000561,0.01822,0.011659,1974-03-31
0.007949,-0.053909,-0.004711,0.023695,0.022048,0.025009,1974-04-30
0.007235,-0.049216,-0.040803,-0.003267,0.022504,0.00403,1974-05-31
0.006892,-0.029834,0.002569,0.015964,0.015679,0.021942,1974-06-30
0.006756,-0.07763,0.035312,0.044291,0.025754,0.057334,1974-07-31
0.00594,-0.093697,0.022084,0.031493,0.02971,0.049026,1974-08-31
0.007997,-0.117715,0.020542,0.048696,-0.023265,0.034019,1974-09-30
0.005254,0.16033,-0.061756,-0.01866,0.084657,0.007406,1974-10-31
0.005139,-0.046185,-0.008272,0.025433,0.017198,0.01375,1974-11-30
0.007009,-0.034014,-0.038523,0.021589,0.004904,0.019947,1974-12-31
0.005387,0.136213,0.124554,-0.005409,-0.116678,-0.054121,1975-01-31
0.004326,0.054086,-0.013678,-0.016715,0.035775,0.006185,1975-02-28
0.004014,0.026176,0.033142,-0.006368,-0.017323,-0.017972,1975-03-31
0.004489,0.042008,-0.013525,-0.000429,0.033383,0.022828,1975-04-30
0.004869,0.050271,0.032779,-0.001207,-0.002728,-1e-04,1975-05-31
0.004133,0.04734,0.016136,0.003474,-0.015739,-0.006553,1975-06-30
0.004811,-0.065196,0.029714,0.014388,-0.013878,0.017376,1975-07-31
0.004815,-0.028372,-0.03215,-0.001715,0.00713,0.01373,1975-08-31
0.005575,-0.043585,0.006399,0.013497,0.016701,0.032938,1975-09-30
0.005185,0.050672,-0.046539,0.029666,0.024021,0.025945,1975-10-31
0.004127,0.027095,-0.004698,0.01579,0.006747,0.015925,1975-11-30
0.004983,-0.015981,0.002833,-0.000444,-0.022549,0.004867,1975-12-31
0.004402,0.12161,0.067636,0.014911,-0.026485,0.009416,1976-01-31
0.003452,0.003858,0.069406,0.021535,-0.037705,0.008377,1976-02-29
0.004344,0.022396,-0.004251,0.016998,0.024445,0.016319,1976-03-31
0.00444,-0.014842,-0.005911,-0.007454,-0.00282,0.000682,1976-04-30
0.004124,-0.01345,-0.012445,-0.009753,0.004638,0.004006,1976-05-31
0.004446,0.040076,4e-04,0.01342,-0.000402,0.009974,1976-06-30
0.00439,-0.010525,0.011583,0.009213,0.007522,0.01602,1976-07-31
0.004745,-0.006143,-0.020533,-0.005975,1.9e-05,0.006296,1976-08-31
0.003924,0.020588,-0.002218,-0.014154,0.011099,0.009664,1976-09-30
0.004092,-0.024465,0.007091,-0.011258,0.00298,-0.004814,1976-10-31
0.00444,0.000921,0.034747,-0.002677,-0.005127,0.000745,1976-11-30
0.003579,0.058014,0.033003,0.018146,-0.010926,0.010778,1976-12-31
0.003594,-0.039922,0.060477,0.009953,-0.021494,0.016548,1977-01-31
0.003499,-0.019243,0.010733,0.00121,0.01251,0.003944,1977-02-28
0.003769,-0.013018,0.014505,-0.001567,0.002845,-0.003464,1977-03-31
0.004114,0.000848,0.012282,0.012277,0.003708,0.007455,1977-04-30
0.003855,-0.014632,0.015106,0.002061,0.017462,0.027125,1977-05-31
0.003716,0.047653,0.030804,-0.00707,0.023207,0.0292,1977-06-30
0.003873,-0.016679,0.010218,0.010303,0.017279,0.024073,1977-07-31
0.004993,-0.018331,-0.002567,-0.009221,0.013905,-0.000612,1977-08-31
0.00433,-0.002758,0.014214,-0.000246,0.013822,0.015164,1977-09-30
0.004943,-0.044221,0.014077,-0.005652,-0.009856,0.011205,1977-10-31
0.004959,0.040481,0.045803,0.01202,0.02565,0.014966,1977-11-30
0.0047,0.003523,0.014872,0.000436,0.012518,0.01824,1977-12-31
0.005374,-0.060573,0.022906,0.009791,-0.017383,0.002813,1978-01-31
0.004941,-0.014216,0.040881,0.013206,0.000728,0.016669,1978-02-28
0.005017,0.028992,0.033843,0.025349,-4.4e-05,0.001286,1978-03-31
0.005712,0.077141,-0.001048,-0.00362,0.055452,0.005713,1978-04-30
0.005317,0.017913,0.036571,0.008898,0.00503,0.005269,1978-05-31
0.005369,-0.016117,0.014508,0.0043,0.015126,0.012215,1978-06-30
0.005591,0.05115,0.001866,0.002737,0.0182,0.026165,1978-07-31
0.00555,0.03682,0.047053,0.011637,0.019068,0.006588,1978-08-31
0.005964,-0.012853,-0.007342,0.002454,-0.035455,-0.008557,1978-09-30
0.007498,-0.118493,-0.109812,0.005996,-0.011601,0.009792,1978-10-31
0.007041,0.026746,0.040574,-0.010321,0.012777,0.015672,1978-11-30
0.007372,0.010336,0.004927,-0.010916,0.026761,0.024785,1978-12-31
0.007882,0.041648,0.042986,0.016783,-0.012204,-0.0132,1979-01-31
0.007324,-0.034089,0.003875,-0.004669,-0.024104,0.004715,1979-02-28
0.008928,0.056685,0.038495,0.00762,0.023211,0.00521,1979-03-31
0.008489,3.1e-05,0.023717,0.008093,0.018596,-0.002652,1979-04-30
0.008161,-0.021732,0.005172,-0.000488,-0.006354,0.004403,1979-05-31
0.007858,0.038994,0.00866,-0.008884,-0.010071,-0.017176,1979-06-30
0.00841,0.006581,0.01271,0.006421,0.005525,-0.006755,1979-07-31
0.007506,0.057226,0.016294,-0.00348,0.028977,-0.000615,1979-08-31
0.007732,-0.006306,-0.000593,-0.001385,0.006966,0.028822,1979-09-30
0.009621,-0.082283,-0.031861,0.000203,0.009841,0.016684,1979-10-31
0.009878,0.053726,0.021608,-0.025489,0.022859,-0.003063,1979-11-30
0.010209,0.018006,0.03976,-0.011103,0.012236,-0.000718,1979-12-31
0.007968,0.057639,0.007921,0.013627,0.017475,0.004129,1980-01-31
0.010654,-0.009639,-0.015739,0.016345,0.022602,0.036,1980-02-29
0.012009,-0.132233,-0.065916,0.007581,-0.011728,-0.010575,1980-03-31
0.012865,0.039422,0.013321,0.012175,0.001694,0.014254,1980-04-30
0.007883,0.052207,0.014786,-0.013314,-0.00941,-0.007665,1980-05-31
0.006312,0.031402,0.013291,-0.011272,0.030683,0.008596,1980-06-30
0.005281,0.064157,0.036816,-0.022885,-0.005185,-0.033287,1980-07-31
0.005973,0.01758,0.047395,0.006597,0.024955,0.014979,1980-08-31
0.008698,0.0208,0.008408,-0.004912,0.051664,0.022821,1980-09-30
0.008912,0.011183,0.01174,0.004872,0.040221,0.026663,1980-10-31
0.008895,0.096057,-0.050212,-0.018913,0.090038,0.009803,1980-11-30
0.014149,-0.048559,0.010713,0.009482,-0.013091,0.001308,1980-12-31
0.009957,-0.050044,0.037021,0.023986,-0.048819,0.006545,1981-01-31
0.010685,0.004836,-0.000201,0.018857,0.007112,0.016564,1981-02-28
0.013157,0.033027,0.034804,-0.017376,-0.012846,-0.01876,1981-03-31
0.010756,-0.022024,0.041917,0.023693,0.01313,0.011027,1981-04-30
0.010646,0.002904,0.0247,-0.005126,-0.00031,0.016439,1981-05-31
0.015158,-0.025401,-0.007648,0.027016,-0.000363,0.018918,1981-06-30
0.011915,-0.014995,-0.016107,-0.019616,0.031701,-0.005636,1981-07-31
0.012804,-0.069083,-0.014078,0.012272,0.007274,0.022465,1981-08-31
0.012794,-0.076567,-0.017177,0.035677,0.006074,0.039926,1981-09-30
0.011685,0.048477,0.019587,-0.009324,0.048052,-0.009146,1981-10-31
0.01103,0.034819,-0.014241,0.005772,0.005384,0.019903,1981-11-30
0.008738,-0.036834,0.012942,0.018902,-0.005258,0.013389,1981-12-31
0.007306,-0.033516,-0.002856,0.019657,-0.014965,0.008404,1982-01-31
0.009176,-0.060302,0.005385,0.04692,0.002831,0.03089,1982-02-28
0.011077,-0.021176,0.006576,0.018195,-0.017068,0.0245,1982-03-31
0.01129,0.031977,0.004602,0.012224,0.019119,0.006936,1982-04-30
0.009592,-0.037804,-0.004066,-0.005126,-0.004668,0.009558,1982-05-31
0.01071,-0.034622,0.011276,0.028363,0.001351,0.034196,1982-06-30
0.01021,-0.030736,0.017298,0.020984,0.028115,0.038912,1982-07-31
0.008342,0.110671,-0.034109,-0.00524,-0.012378,-0.028913,1982-08-31
0.005118,0.011643,0.03158,0.010037,0.036253,0.034271,1982-09-30
0.005475,0.113161,0.008638,-0.010627,-0.007911,-0.006491,1982-10-31
0.007201,0.044734,0.045172,0.01401,0.032276,0.037709,1982-11-30
0.006289,0.008227,-0.008142,0.004203,-0.007457,-0.001808,1982-12-31
0.006864,0.034986,0.021224,-0.007363,-0.024907,-0.018943,1983-01-31
0.006186,0.024029,0.038293,0.015546,0.031079,0.020041,1983-02-28
0.006326,0.028354,0.016463,0.028076,0.012412,0.020384,1983-03-31
0.006918,0.06727,-0.00349,0.021438,0.005924,0.023433,1983-04-30
0.007584,0.005642,0.060475,-0.015267,-0.036447,-0.038832,1983-05-31
0.006661,0.031177,0.021432,-0.01105,0.016774,0.026106,1983-06-30
0.006917,-0.038485,0.006786,0.027744,0.01194,0.029509,1983-07-31
0.008342,-0.004879,-0.04685,0.011896,-0.004458,0.003393,1983-08-31
0.007607,0.008421,0.004251,0.013672,0.032784,0.029057,1983-09-30
0.007433,-0.035507,-0.038336,0.026752,0.016521,0.036911,1983-10-31
0.007199,0.022357,0.020489,0.011084,-0.002409,-0.017574,1983-11-30
0.007039,-0.017503,-0.011725,0.013314,-0.015443,0.010862,1983-12-31
0.008083,-0.021106,-0.009688,0.02328,-0.037142,0.008412,1984-01-31
0.007328,-0.046401,-0.017978,0.009164,-0.007799,0.00691,1984-02-29
0.00728,0.006109,-0.00184,0.007269,-0.006017,0.013117,1984-03-31
0.00813,-0.005592,-0.00926,0.010354,0.021327,0.023962,1984-04-30
0.007898,-0.060218,-0.004082,-0.014655,0.018025,0.018991,1984-05-31
0.007534,0.015851,0.004929,-0.022535,0.018586,0.007168,1984-06-30
0.008755,-0.029376,-0.022901,-0.012812,0.036501,0.030351,1984-07-31
0.007963,0.104726,0.002333,-0.004724,0.009506,0.000303,1984-08-31
0.008293,-0.007889,-0.006953,0.025778,0.002349,0.012388,1984-09-30
0.009766,-0.00984,-0.013706,-0.003578,0.026866,0.018068,1984-10-31
0.007334,-0.018019,-0.010569,0.022392,0.008011,0.016722,1984-11-30
0.006923,0.016733,-0.004099,-0.008247,0.025505,0.013251,1984-12-31
0.006474,0.079244,0.034395,-0.034515,0.009728,-0.016141,1985-01-31
0.006033,0.010863,0.007735,0.010906,0.015462,0.022266,1985-02-28
0.00616,-0.007907,-0.020449,0.033007,0.009211,0.020067,1985-03-31
0.007565,-0.009751,-0.00688,0.014025,0.001247,0.018031,1985-04-30
0.006062,0.049713,-0.015727,-0.012263,0.032192,0.01511,1985-05-31
0.005546,0.011545,-0.005306,-0.001952,0.029012,0.016929,1985-06-30
0.006196,-0.006447,0.023309,-0.008273,-0.018254,0.013245,1985-07-31
0.005792,-0.010587,-0.001823,0.020991,0.004306,0.011911,1985-08-31
0.006049,-0.045875,-0.018169,0.019838,0.012,0.017401,1985-09-30
0.006021,0.03842,-0.002065,0.00262,0.021957,0.028545,1985-10-31
0.006156,0.063072,-0.002586,-0.016424,0.018021,-0.009075,1985-11-30
0.006139,0.036922,0.003142,-0.014693,0.017907,-0.009129,1985-12-31
0.004865,0.004964,0.010622,-0.007089,0.017395,0.018057,1986-01-31
0.005296,0.067204,-0.004444,-0.014614,0.022439,0.008796,1986-02-28
0.005963,0.047922,0.006332,0.010696,0.020588,0.017284,1986-03-31
0.005341,-0.013244,0.010631,-0.015629,0.006536,0.000689,1986-04-30
0.004934,0.04591,-0.011615,0.012742,0.034486,0.010156,1986-05-31
0.005246,0.009,-0.002989,0.016352,0.05297,0.009327,1986-06-30
0.005011,-0.064711,-0.027338,0.013587,0.030072,0.028047,1986-07-31
0.004614,0.061567,-0.043963,0.030888,-0.027171,0.016136,1986-08-31
0.004783,-0.083804,0.005282,0.033936,-0.038269,-0.003289,1986-09-30
0.004209,0.045094,-0.02006,0.000726,0.009132,0.006079,1986-10-31
0.003924,0.011169,-0.020096,0.003937,0.010802,0.037208,1986-11-30
0.004767,-0.031155,0.008289,0.010972,0.01867,0.0162,1986-12-31
0.004151,0.124345,-0.012075,-0.012057,0.009773,0.028945,1987-01-31
0.004309,0.043609,0.0336,-0.019813,0.021111,-0.010486,1987-02-28
0.005012,0.018652,-0.007154,0.041787,-0.011975,0.013333,1987-03-31
0.004285,-0.021286,-0.024642,0.002809,-0.014873,0.005919,1987-04-30
0.00376,0.001365,-0.012248,-0.00089,-0.023887,-0.00152,1987-05-31
0.005031,0.038631,-0.015125,0.013796,0.014062,-0.002125,1987-06-30
0.004058,0.04019,-0.020695,0.000906,-0.01774,-0.006777,1987-07-31
0.004744,0.032402,-0.002032,-0.0024,0.038224,0.024264,1987-08-31
0.00482,-0.025594,0.006282,0.018849,0.005862,0.018495,1987-09-30
0.00604,-0.231403,-0.073612,0.033037,0.00571,0.025112,1987-10-31
0.003366,-0.075639,0.032813,0.006495,-0.007044,0.008775,1987-11-30
0.002988,0.067339,0.001934,-0.024618,0.038851,0.01512,1987-12-31
0.002762,0.042118,-0.007378,0.013266,-0.040738,-0.017589,1988-01-31
0.004564,0.047131,0.035224,-0.005932,0.010481,-0.00548,1988-02-29
0.004402,-0.021,0.057105,0.016329,-0.021454,-0.020242,1988-03-31
0.004577,0.006414,0.009133,0.021413,0.006524,0.009063,1988-04-30
0.005051,-0.004603,-0.011736,0.004606,-0.001385,0.013565,1988-05-31
0.004832,0.046627,0.028763,-0.030728,0.023096,0.018386,1988-06-30
0.00506,-0.012332,0.001952,0.011126,-0.01183,9e-04,1988-07-31
0.005957,-0.033963,0.000699,0.016595,-0.021331,-0.004089,1988-08-31
0.006145,0.031057,-0.014901,-0.003702,0.021637,0.008178,1988-09-30
0.006074,0.011572,-0.027997,0.004982,0.001131,0.006627,1988-10-31
0.005742,-0.022154,-0.019117,0.013915,-0.004641,0.003461,1988-11-30
0.006306,0.014769,0.024781,0.004733,0.008732,0.004898,1988-12-31
0.005766,0.060337,-0.022241,0.000239,-0.003618,0.015782,1989-01-31
0.00611,-0.022556,0.029549,0.01586,-0.004831,-0.00145,1989-02-28
0.006213,0.015252,0.013223,0.01296,-0.000879,0.007068,1989-03-31
0.00681,0.041394,-0.009292,-0.00274,0.011675,-0.002083,1989-04-30
0.008006,0.031332,0.000302,0.001261,0.0131,0.003702,1989-05-31
0.007147,-0.012013,-0.007235,0.015784,-0.001784,-0.009204,1989-06-30
0.00704,0.070091,-0.034714,-0.003429,0.049021,0.02471,1989-07-31
0.006684,0.015443,0.004844,-0.004271,0.016706,0.002146,1989-08-31
0.006387,-0.007861,0.00764,0.011867,0.016168,0.019062,1989-09-30
0.00682,-0.036105,-0.033425,0.012867,0.013911,0.023063,1989-10-31
0.00634,0.011474,-0.013368,0.016249,0.002317,-0.004967,1989-11-30
0.005941,0.012354,-0.019386,0.01579,0.010581,0.024312,1989-12-31
0.005852,-0.075967,-0.012251,0.009053,0.000231,-0.002384,1990-01-31
0.005818,0.009083,0.011806,-0.010975,-0.00401,0.000992,1990-02-28
0.00638,0.01776,0.012076,-0.003595,0.02243,0.01665,1990-03-31
0.006829,-0.035115,-0.004589,-0.00787,0.022141,0.005999,1990-04-30
0.006404,0.08253,-0.016575,-0.008183,0.037639,0.026215,1990-05-31
0.005898,-0.010094,0.018543,0.002713,0.022175,-0.002309,1990-06-30
0.006704,-0.016107,-0.024725,0.039945,0.025795,0.000509,1990-07-31
0.006154,-0.098059,-0.045174,0.037185,-0.010206,0.012605,1990-08-31
0.005984,-0.059827,-0.03447,0.02575,-0.004876,0.026992,1990-09-30
0.006559,-0.019063,-0.050339,0.002264,0.02102,0.030656,1990-10-31
0.005651,0.060093,0.004131,-0.039682,0.015223,-0.00829,1990-11-30
0.005989,0.023524,0.012575,-0.01942,0.039192,0.014869,1990-12-31
0.004637,0.044441,0.033666,-0.039407,0.001517,0.015811,1991-01-31
0.004767,0.07108,0.03621,0.001596,-0.012271,-0.00681,1991-02-28
0.004391,0.024532,0.039364,-0.009255,0.016607,0.000336,1991-03-31
0.005335,-0.00202,-0.007132,0.004803,0.013908,0.006355,1991-04-30
0.004461,0.036272,-0.00577,-0.019576,-0.006927,-0.010672,1991-05-31
0.004171,-0.0482,0.000759,0.006187,0.013632,0.00474,1991-06-30
0.00484,0.041955,-0.005747,-0.00614,0.031421,0.003736,1991-07-31
0.00461,0.022207,0.012362,0.000166,0.012334,-0.002208,1991-08-31
0.004558,-0.015533,0.018296,-0.008092,-0.00383,0.00277,1991-09-30
0.004246,0.013569,0.00636,0.012809,0.001098,0.031848,1991-10-31
0.003915,-0.04119,-0.003546,0.003441,0.0345,0.004427,1991-11-30
0.003792,0.102986,-0.01552,-0.020468,0.068643,-0.004819,1991-12-31
0.003059,-0.004241,0.083338,0.015253,-0.039617,0.014792,1992-01-31
0.002828,0.010526,0.013226,0.022887,0.008278,0.022066,1992-02-29
0.003376,-0.027076,-0.012396,0.020219,0.010721,0.01961,1992-03-31
0.003303,0.010116,-0.069751,0.018166,-0.016567,0.019513,1992-04-30
0.002758,0.003681,-0.003332,0.003615,-0.001166,-0.006787,1992-05-31
0.003201,-0.022472,-0.025932,0.00567,0.007956,0.008133,1992-06-30
0.002892,0.037008,-0.007794,0.003704,0.026153,-0.000495,1992-07-31
0.002605,-0.023425,-0.003192,-0.007675,0.014734,-0.009092,1992-08-31
0.002573,0.009874,0.006636,-0.003957,0.023068,-0.008426,1992-09-30
0.002286,0.0087,0.015359,-0.003914,0.021402,0.005989,1992-10-31
0.002346,0.037847,0.036534,-0.012252,0.009023,-0.002352,1992-11-30
0.00227,0.015498,0.027691,0.014433,0.018416,0.01033,1992-12-31
0.002335,0.010309,0.023154,0.029767,-0.014159,0.000751,1993-01-31
0.002209,0.003193,-0.033516,0.036442,-0.014748,0.02274,1993-02-28
0.002538,0.022578,4.9e-05,0.009528,0.018004,0.004903,1993-03-31
0.002372,-0.027772,-0.01151,0.012198,-0.030085,0.020296,1993-04-30
0.002168,0.027431,0.018254,-0.008001,-0.005424,-0.003906,1993-05-31
0.002756,0.002684,0.015941,0.018326,0.029356,0.016362,1993-06-30
0.002402,-0.003194,0.01415,0.014857,-0.005377,0.007905,1993-07-31
0.00253,0.036949,-0.000177,-0.000651,0.00467,0.007241,1993-08-31
0.002356,-0.001715,0.030943,0.002739,0.009383,0.014226,1993-09-30
0.00221,0.015854,0.004125,-0.005554,-0.01429,-0.014347,1993-10-31
0.002477,-0.020083,-0.018563,-0.007638,-0.007219,0.001243,1993-11-30
0.002263,0.017252,0.021015,-0.002397,0.023752,0.022608,1993-12-31
0.002503,0.028963,0.001844,0.011615,-0.008224,0.009359,1994-01-31
0.00212,-0.026346,0.026468,-0.004624,0.026564,0.016242,1994-02-28
0.002469,-0.048264,-0.009399,0.009673,0.002169,0.013591,1994-03-31
0.002711,0.006767,-0.008094,0.012677,0.014826,0.015047,1994-04-30
0.00315,0.00621,-0.019911,0.005192,-0.007221,0.012093,1994-05-31
0.003118,-0.031027,-0.008614,0.009418,0.00191,0.013344,1994-06-30
0.002751,0.027877,-0.014246,0.004364,0.007146,-0.001197,1994-07-31
0.003687,0.03891,0.020916,-0.006882,0.020678,0.026417,1994-08-31
0.003659,-0.022022,0.022055,0.005683,0.010702,0.00996,1994-09-30
0.00384,0.01068,-0.018404,0.002235,0.003868,0.024575,1994-10-31
0.003691,-0.04091,0.005281,-0.010009,0.013627,0.014756,1994-11-30
0.00443,0.008179,0.01196,0.012826,0.040151,0.03701,1994-12-31
0.004156,0.016243,-0.024135,-0.00032,-0.000282,0.011286,1995-01-31
0.003983,0.035632,-0.006971,-0.008327,0.005089,0.011642,1995-02-28
0.004134,0.022907,-0.012207,0.001458,0.012495,0.007807,1995-03-31
0.00445,0.020598,0.000106,4.3e-05,0.001905,0.034517,1995-04-30
0.005355,0.028652,-0.022114,0.008572,-0.009955,0.014486,1995-05-31
0.004714,0.026455,0.032142,-0.017442,0.021324,0.018437,1995-06-30
0.004522,0.036257,0.017425,-0.025244,0.009478,0.003118,1995-07-31
0.004637,0.004661,0.023651,0.021659,0.001635,0.012812,1995-08-31
0.004309,0.032056,-0.007735,0.018764,0.014294,0.03124,1995-09-30
0.004714,-0.016028,-0.050011,0.007869,0.028045,0.044602,1995-10-31
0.004108,0.038696,-0.007635,0.011519,-0.002423,-0.013147,1995-11-30
0.004882,0.010301,0.006345,0.031218,0.002894,0.004123,1995-12-31
0.004278,0.02386,-0.026934,0.024345,-0.015145,0.014312,1996-01-31
0.003908,0.012402,0.027365,-0.00995,0.031343,0.007526,1996-02-29
0.003943,0.006982,0.01855,-0.006444,0.002568,-0.013527,1996-03-31
0.004579,0.020929,0.051454,-0.017122,0.028427,0.011859,1996-04-30
0.003982,0.02282,0.044318,0.010609,0.017912,-0.014628,1996-05-31
0.004,-0.012302,-0.042909,0.017015,0.008619,0.016746,1996-06-30
0.004497,-0.058311,-0.033604,0.02024,0.024171,0.029716,1996-07-31
0.004122,0.028326,0.024752,-0.018438,0.001208,-0.013861,1996-08-31
0.004375,0.04866,-0.014527,-0.017281,0.021972,0.029831,1996-09-30
0.004246,0.009483,-0.024072,0.036469,0.019016,0.032911,1996-10-31
0.003941,0.061636,-0.035352,-0.013062,0.008143,0.053909,1996-11-30
0.004404,-0.015801,0.033386,0.012042,0.009562,0.017017,1996-12-31
0.004014,0.049459,-0.008141,-0.006163,0.01781,0.026005,1997-01-31
0.003788,-0.00491,-0.024784,0.029357,-0.015541,0.006443,1997-02-28
0.00431,-0.049178,-0.005358,0.017651,0.017604,0.002147,1997-03-31
0.004313,0.03806,-0.047283,-0.018757,0.03856,0.029686,1997-04-30
0.004263,0.067361,0.050056,-0.032146,-0.002413,-0.014727,1997-05-31
0.003744,0.040351,0.010392,0.002212,0.021184,0.001438,1997-06-30
0.004294,0.07222,-0.013948,-0.029906,0.013313,0.012966,1997-07-31
0.004058,-0.040349,0.074864,-0.00769,-0.014326,0.004372,1997-08-31
0.004576,0.053923,0.024315,-0.001147,-0.010519,-0.026029,1997-09-30
0.003911,-0.038347,-0.010912,0.026402,-0.010299,-0.014217,1997-10-31
0.003773,0.026631,-0.055249,0.028658,0.014063,0.036419,1997-11-30
0.004629,0.013188,-0.022209,0.022279,0.015733,-0.023996,1997-12-31
0.004204,0.000298,-0.012128,-0.011806,0.021906,0.025971,1998-01-31
0.003847,0.069456,0.010517,-0.024559,0.011398,-0.002694,1998-02-28
0.004485,0.046816,-0.003319,0.004864,-0.001748,-0.010906,1998-03-31
0.004308,0.006596,0.004928,0.001799,-0.001997,0.022943,1998-04-30
0.003805,-0.029553,-0.026325,0.022656,0.017802,0.010587,1998-05-31
0.004021,0.027923,-0.032856,-0.01514,0.031588,0.004178,1998-06-30
0.003873,-0.02724,-0.057035,0.018861,0.009701,0.028503,1998-07-31
0.004012,-0.161856,-0.061936,0.054493,0.030576,0.067098,1998-08-31
0.003875,0.059952,-0.020586,-0.030781,-0.018245,0.012778,1998-09-30
0.003353,0.07104,-0.021604,-0.009494,0.006375,-0.005727,1998-10-31
0.003233,0.05879,0.008964,-0.000252,0.013693,0.012943,1998-11-30
0.003779,0.059272,-0.018778,-0.029398,0.029291,-0.02247,1998-12-31
0.003494,0.034962,-0.01886,-0.04462,-0.032508,-0.010641,1999-01-31
0.003372,-0.041457,-0.042281,0.04814,0.00016,3.2e-05,1999-02-28
0.004076,0.033856,-0.055963,0.002962,-0.006922,0.003901,1999-03-31
0.003784,0.04532,0.03977,0.026497,-0.051524,0.004438,1999-04-30
0.003463,-0.024181,0.049459,0.004521,0.006807,0.020544,1999-05-31
0.004098,0.046731,0.031452,-0.021207,0.023906,0.043237,1999-06-30
0.003658,-0.034501,0.022716,0.034204,0.010146,0.019684,1999-07-31
0.003876,-0.013807,-0.01551,-0.011996,-0.00027,0.046439,1999-08-31
0.003705,-0.026398,0.017315,-0.013841,-0.00183,-0.008624,1999-09-30
0.003581,0.058514,-0.056664,0.003587,0.020652,0.018345,1999-10-31
0.003811,0.033013,0.05729,-0.038975,-0.029734,0.011586,1999-11-30
0.003764,0.07999,0.041838,-0.054989,-0.054542,-0.012125,1999-12-31
0.004343,-0.043967,0.056532,0.028805,-0.050544,0.006177,2000-01-31
0.004295,0.027483,0.221369,-0.053828,-0.075429,-0.032204,2000-02-29
0.004377,0.049124,-0.143903,0.018173,0.076659,0.034912,2000-03-31
0.004595,-0.064122,-0.048613,0.037882,0.087101,0.051852,2000-04-30
0.004782,-0.043652,-0.046181,0.005427,0.000542,0.037443,2000-05-31
0.003744,0.047859,0.102782,-0.034094,-0.047744,-0.018451,2000-06-30
0.004772,-0.022484,0.0099,0.022531,0.034368,0.033353,2000-07-31
0.005002,0.070004,0.004354,-0.007843,-0.020644,-0.010673,2000-08-31
0.005093,-0.056234,0.016336,0.052174,0.021,0.008141,2000-09-30
0.005217,-0.029707,-0.022311,0.029431,0.073385,0.064937,2000-10-31
0.004966,-0.107338,0.015268,0.074717,0.103785,0.108156,2000-11-30
0.004909,0.015513,0.046783,0.063526,0.051898,0.007257,2000-12-31
0.005243,0.034358,0.027459,-0.071572,-0.108206,-0.062948,2001-01-31
0.003653,-0.102755,0.028813,0.092411,0.051658,0.064601,2001-02-28
0.00432,-0.074712,0.029535,0.037534,0.034576,0.026557,2001-03-31
0.003864,0.079965,-0.009027,-0.037757,0.00068,-0.054031,2001-04-30
0.003183,0.007272,0.043821,0.023431,-0.025522,-0.002205,2001-05-31
0.002778,-0.020331,0.066893,-0.017646,-0.007474,0.019317,2001-06-30
0.002999,-0.021297,-0.021174,0.013779,0.039482,0.055275,2001-07-31
0.002996,-0.061977,0.02372,0.056422,0.043127,0.056464,2001-08-31
0.00273,-0.094215,-0.049267,0.028668,0.091938,0.057653,2001-09-30
0.002154,0.025682,0.034908,-0.029725,-0.04393,-0.005554,2001-10-31
0.001749,0.077028,-0.013884,-0.011368,-0.084926,-0.029851,2001-11-30
0.001484,0.016369,0.053231,-0.00183,0.005359,-0.022227,2001-12-31
0.00139,-0.017365,0.007269,0.032511,0.002975,0.04281,2002-01-31
0.001285,-0.022981,-0.004893,0.044486,0.053193,0.037229,2002-02-28
0.001341,0.043337,0.046154,0.007823,-0.047081,-0.005513,2002-03-31
0.001546,-0.051164,0.075839,0.040765,0.054656,0.040834,2002-04-30
0.001442,-0.011963,-0.031793,0.021871,0.018106,0.006128,2002-05-31
0.001312,-0.071563,0.035705,0.035486,0.049344,0.004215,2002-06-30
0.001507,-0.082656,-0.063895,0.01979,0.066992,0.049534,2002-07-31
0.001402,0.006574,-0.000103,-0.008647,0.024777,-0.017234,2002-08-31
0.001414,-0.101334,0.031331,-0.021444,0.044209,0.01168,2002-09-30
0.001334,0.073585,-0.051455,0.00293,-0.046493,0.014936,2002-10-31
0.001166,0.060097,0.014953,0.03273,-0.111746,-0.031026,2002-11-30
0.001079,-0.054394,0.000685,-0.022586,0.053208,0.022789,2002-12-31
0.000934,-0.024334,-0.009851,0.006899,-0.006002,0.007808,2003-01-31
0.000871,-0.016262,-0.020306,-0.001271,0.009046,0.014284,2003-02-28
0.00102,0.009298,0.014063,-0.001302,0.034452,-0.009363,2003-03-31
0.000939,0.081811,0.023565,0.010369,-0.044538,-0.031854,2003-04-30
0.000903,0.062533,0.038209,0.01848,-0.082383,-0.016032,2003-05-31
0.000984,0.015336,0.02217,-0.010629,0.011007,-0.001288,2003-06-30
0.000674,0.022424,0.043794,0.023396,-0.017459,-0.008855,2003-07-31
0.000689,0.024307,0.022371,0.023638,-0.012401,-0.016327,2003-08-31
0.000865,-0.009981,0.006893,0.002277,0.012633,0.02326,2003-09-30
7e-04,0.059616,0.030463,0.010318,-0.017515,-0.005641,2003-10-31
0.000725,0.015868,0.021955,0.023057,0.007762,0.00538,2003-11-30
0.000831,0.044674,-0.027825,0.007725,-0.017383,-0.013339,2003-12-31
0.000696,0.022341,0.031138,0.020594,-0.024369,0.008594,2004-01-31
0.000623,0.014856,-0.003077,-0.008838,0.021326,-0.000153,2004-02-29
0.000844,-0.011511,0.025223,-0.007362,0.017567,-0.010655,2004-03-31
0.000795,-0.025009,-0.032177,-0.029004,0.000193,0.014282,2004-04-30
0.000603,0.013455,-0.003839,0.005514,0.010708,-0.002182,2004-05-31
0.000817,0.020784,0.022427,-0.002619,0.00558,0.006171,2004-06-30
0.000919,-0.038589,-0.033463,-0.009737,0.024031,0.030792,2004-07-31
0.001116,0.001612,-0.015195,-0.012012,-0.012288,0.00174,2004-08-31
0.001185,0.019358,0.037979,-0.022103,-0.002111,-0.016158,2004-09-30
0.001129,0.016677,-0.007807,0.005882,-0.014395,4e-05,2004-10-31
0.001541,0.046667,0.044795,-0.004175,-0.011336,-0.016609,2004-11-30
0.001672,0.033505,-0.000376,0.003071,-0.008596,-0.011295,2004-12-31
0.001661,-0.028212,-0.003902,-0.004017,0.032477,0.012607,2005-01-31
0.001641,0.021035,0.001385,0.002844,0.035699,0.006629,2005-02-28
0.002123,-0.019071,-0.017605,0.009149,0.005349,0.019014,2005-03-31
0.002072,-0.027257,-0.044861,-0.014659,-0.011017,0.021601,2005-04-30
0.002395,0.035559,0.029653,-0.000562,0.009635,0.004256,2005-05-31
0.002263,0.009263,0.038083,-0.001989,-0.004251,-0.004125,2005-06-30
0.002383,0.040952,0.027311,-0.020743,-0.002062,-0.004035,2005-07-31
0.00292,-0.008864,-0.007919,0.002404,-0.006819,-0.006295,2005-08-31
0.002848,0.007759,1.8e-05,-0.000221,0.008642,0.002596,2005-09-30
0.002728,-0.023601,-0.005152,-0.00317,0.011044,-0.005517,2005-10-31
0.003045,0.037277,0.012213,-0.010514,0.00772,-0.005969,2005-11-30
0.00316,0.000297,-0.000244,0.008785,0.002174,0.010871,2005-12-31
0.003488,0.036553,0.064368,-0.006776,-0.002587,0.008715,2006-01-31
0.003322,-0.004961,-0.003884,0.024359,-0.010088,-0.009959,2006-02-28
0.003642,0.0154,0.031198,-0.013479,0.007682,-0.007813,2006-03-31
0.003559,0.009404,-0.003043,0.003423,0.008234,-0.001274,2006-04-30
0.004195,-0.035236,-0.03513,0.013187,-0.000952,-0.01606,2006-05-31
0.00397,-0.004358,-0.003286,-0.004009,0.010355,0.006268,2006-06-30
0.003976,-0.00585,-0.031605,0.013537,0.005471,0.032009,2006-07-31
0.004283,0.020765,0.00424,0.019388,-0.013419,-0.001832,2006-08-31
0.004047,0.015377,-0.009684,0.009799,0.006243,0.009674,2006-09-30
0.004076,0.033057,0.019654,0.001918,-0.002894,0.004303,2006-10-31
0.004243,0.019459,0.003941,-0.015952,0.004888,-0.008937,2006-11-30
0.004036,0.006819,-5.1e-05,0.018246,-0.005628,-0.012209,2006-12-31
0.004328,0.015069,-0.000995,0.006221,0.000117,0.000522,2007-01-31
0.003837,-0.017825,0.014366,-0.009611,-0.007334,-0.000713,2007-02-28
0.004257,0.008693,-0.001798,-0.01188,0.004424,-0.002282,2007-03-31
0.004348,0.035467,-0.017326,0.008545,0.005498,0.010935,2007-04-30
0.004046,0.034886,-0.002555,-0.023088,0.005252,0.001387,2007-05-31
0.003918,-0.018683,0.005431,0.009411,0.011897,-0.005651,2007-06-30
0.003962,-0.035722,-0.030194,-0.022854,0.016421,0.000465,2007-07-31
0.004205,0.007425,-0.008426,-0.012713,0.009747,0.004953,2007-08-31
0.003347,0.037495,-0.023831,-0.032483,0.016042,-0.004743,2007-09-30
0.003212,0.022584,0.003666,0.004806,0.01242,0.00343,2007-10-31
0.003395,-0.052722,-0.030333,0.002065,0.036053,0.014361,2007-11-30
0.002921,-0.007344,0.006754,-0.006395,0.022799,0.010639,2007-12-31
0.00243,-0.064568,-0.007339,0.013994,-0.003167,-0.008195,2008-01-31
0.001325,-0.022988,-0.008812,-0.015041,0.017886,0.013601,2008-02-29
0.001869,-0.01229,0.005829,-0.003539,0.023741,-0.000308,2008-03-31
0.001025,0.050035,-0.009409,-0.023042,-0.008079,0.033221,2008-04-30
0.000946,0.022862,0.025362,-0.003601,-0.003372,0.000761,2008-05-31
0.00175,-0.080176,0.018768,-0.001818,0.06362,0.010358,2008-06-30
0.00144,-0.014781,0.059815,0.018233,0.000115,-0.000734,2008-07-31
0.001282,0.009284,0.018217,0.009425,-0.008718,0.02079,2008-08-31
0.00153,-0.09951,0.00629,0.031567,0.015935,0.034509,2008-09-30
0.000792,-0.18544,-0.034751,0.010567,0.058954,0.067538,2008-10-31
0.000228,-0.084843,-0.052006,0.00505,0.035073,0.021843,2008-11-30
2.9e-05,0.022125,0.036018,-0.023459,-0.005551,-0.008413,2008-12-31
2.3e-05,-0.077338,-0.029341,-0.009211,-0.007729,0.024051,2009-01-31
0.000147,-0.100418,-0.015734,-0.018544,0.029629,0.028821,2009-02-28
0.000159,0.086589,0.009884,-0.004461,-0.033713,0.000791,2009-03-31
0.000125,0.109227,0.072771,0.035049,-0.138329,-0.017607,2009-04-30
1.7e-05,0.067757,-0.013222,-0.024199,-0.033195,-0.005583,2009-05-31
7.5e-05,-0.003174,0.037488,0.005168,0.008963,0.024952,2009-06-30
0.000119,0.081633,0.016914,0.019785,-0.048914,-0.010287,2009-07-31
0.000116,0.031353,0.008678,0.022621,-0.026007,-0.015815,2009-08-31
7.9e-05,0.045137,0.024653,-0.01154,-0.028178,-0.026301,2009-09-30
4e-05,-0.028011,-0.046119,-0.002441,0.039459,0.029368,2009-10-31
4e-06,0.057113,-0.023817,-0.003517,0.010266,-0.003254,2009-11-30
6.2e-05,0.028368,0.048196,-0.001781,-0.018517,-0.001478,2009-12-31
2.8e-05,-0.037126,0.003739,0.006769,-0.01065,-0.006848,2010-01-31
1e-05,0.034776,0.015232,0.007576,-0.010388,-0.005169,2010-02-28
6.8e-05,0.063558,0.020217,0.015737,-0.005129,-0.016988,2010-03-31
0.000111,0.019952,0.039058,0.030559,-0.024882,-0.023485,2010-04-30
0.000112,-0.079275,0.000463,-0.004538,0.027218,0.017369,2010-05-31
0.000127,-0.050872,-0.023702,-0.024616,0.01327,0.019251,2010-06-30
0.000142,0.070167,0.004811,0.012242,-0.00853,0.003616,2010-07-31
0.000126,-0.04297,-0.036386,-0.01777,-0.005614,-0.006431,2010-08-31
0.000125,0.091422,0.039473,0.011549,0.005214,0.000482,2010-09-30
0.000112,0.0384,0.006884,-6.8e-05,0.006453,0.004416,2010-10-31
0.000114,0.005011,0.036487,0.018594,-0.000799,-0.006194,2010-11-30
0.00014,0.067065,0.004459,0.030261,-0.036697,-0.02246,2010-12-31
6.6e-05,0.019071,-0.020114,0.013161,0.005565,-0.013459,2011-01-31
0.000122,0.038053,0.013916,0.014321,-0.016578,-0.008165,2011-02-28
6.7e-05,0.003286,0.018477,-0.001252,-0.009511,0.002826,2011-03-31
5.3e-05,0.028614,-0.008838,-0.009693,0.015871,0.01088,2011-04-30
1.3e-05,-0.014913,-0.008715,-0.010161,0.001308,0.013803,2011-05-31
3.5e-05,-0.018423,0.004603,-0.01152,0.028109,0.010019,2011-06-30
-2.8e-05,-0.022496,-0.017743,-0.020383,0.00735,0.00659,2011-07-31
8.3e-05,-0.057581,-0.037196,-0.013168,0.025618,0.027195,2011-08-31
-1e-06,-0.084862,-0.047805,0.000766,-0.007641,0.04899,2011-09-30
1.4e-05,0.114016,0.051817,-0.005881,0.021401,-0.017028,2011-10-31
4e-06,-0.006211,-0.01134,0.015244,0.005813,0.01216,2011-11-30
0,0.003696,0.001225,0.026695,0.011493,-0.006067,2011-12-31
-2e-06,0.054097,0.027843,-0.00574,-0.006313,-0.01312,2012-01-31
3.1e-05,0.041208,-0.006734,0.000789,0.002918,0.000126,2012-02-29
4.6e-05,0.023958,0.007124,0.014304,0.01658,0.017917,2012-03-31
2.9e-05,-0.006835,-0.011503,0.009546,0.01001,-0.003668,2012-04-30
6.5e-05,-0.065639,-0.008859,0.026812,0.016157,0.023377,2012-05-31
2.2e-05,0.038167,0.01492,0.010221,-0.017624,0.003499,2012-06-30
3.2e-05,0.010252,-0.030745,0.005135,0.015412,0.009705,2012-07-31
5e-05,0.026228,0.014166,-0.014606,-0.00502,-0.004018,2012-08-31
6.7e-05,0.026487,0.011813,0.011797,0.001849,-0.006571,2012-09-30
3.7e-05,-0.014141,0.002203,0.018559,0.004568,-0.037341,2012-10-31
8.5e-05,0.006107,0.003591,0.008177,0.017114,0.001462,2012-11-30
0.000103,0.012426,0.024208,-0.008266,-0.019931,-0.026203,2012-12-31
2.2e-05,0.054123,0.001941,0.015365,-0.02101,-0.016364,2013-01-31
5.4e-05,0.008286,-0.006155,0.007549,0.001044,0.00435,2013-02-28
4.1e-05,0.035253,0.010762,0.012925,0.004876,-0.01153,2013-03-31
3.7e-05,0.01491,-0.028535,0.001119,-0.010102,-0.00241,2013-04-30
1.2e-05,0.019062,0.03519,-0.016561,-0.003939,-0.014499,2013-05-31
1.3e-05,-0.015049,0.007611,0.007015,-0.001332,0.005705,2013-06-30
9e-06,0.052708,0.020932,0.006474,-0.004727,-0.011175,2013-07-31
9e-06,-0.025736,-0.002093,-0.017841,0.005517,0.001749,2013-08-31
8e-06,0.037462,0.024392,-0.007254,-0.009958,-0.01002,2013-09-30
1.7e-05,0.039878,-0.016175,0.011611,0.013367,0.008084,2013-10-31
3.2e-05,0.024934,0.019315,0.000148,0.015439,0.011916,2013-11-30
2.3e-05,0.026117,-0.004377,0.007392,-0.001745,-0.017369,2013-12-31
1.2e-05,-0.029999,0.003324,-0.002918,-0.023143,0.003313,2014-01-31
4.5e-05,0.046141,-0.003063,-0.006297,-0.014762,-0.000153,2014-02-28
2.8e-05,0.004473,-0.001647,0.027038,0.017736,0.014456,2014-03-31
1.5e-05,0.001655,-0.046826,0.008015,0.010816,0.006424,2014-04-30
8e-06,0.020215,-0.020338,-0.009378,-0.006521,0.0052,2014-05-31
2e-05,0.027941,0.022437,-0.026584,-0.025859,0.002659,2014-06-30
1.3e-05,-0.02055,-0.035647,0.007155,0.011987,0.011992,2014-07-31
3e-06,0.040204,0.004476,-0.009248,0.001455,0.002191,2014-08-31
4e-06,-0.025136,-0.031013,-0.003099,0.030614,0.021416,2014-09-30
1.2e-05,0.021184,0.036196,0.005282,0.016832,-0.001935,2014-10-31
-1e-06,0.02116,-0.019758,0.003423,0.025232,0.003885,2014-11-30
5e-06,-0.003627,0.027691,0.004722,-0.006545,0.002692,2014-12-31
1.3e-05,-0.027214,-0.015778,-0.010729,-0.003725,0.013736,2015-01-31
-2.1e-05,0.056042,0.008161,-0.013948,0.000848,-0.00865,2015-02-28
-8e-06,-0.010445,0.028182,-0.002642,0.008332,-0.000434,2015-03-31
2.9e-05,0.008687,-0.037895,-0.008015,-0.022005,-0.002283,2015-04-30
-5e-06,0.01035,0.017447,-0.006108,0.014322,0.002452,2015-05-31
4e-06,-0.019266,0.028608,-0.024473,0.012469,-0.006735,2015-06-30
-3.7e-05,0.01215,-0.040812,-0.027282,0.043496,0.028719,2015-07-31
2.7e-05,-0.060073,0.005023,0.011607,0.007607,0.003138,2015-08-31
-6e-06,-0.033763,-0.033865,0.003176,0.042461,0.034942,2015-09-30
-2.7e-05,0.074049,-0.027834,0.006273,-0.023743,0.010144,2015-10-31
2e-05,0.002429,0.034689,-0.005501,-0.017131,0.005808,2015-11-30
0.000103,-0.022391,-0.02091,0.003217,0.029295,0.03391,2015-12-31
3.7e-05,-0.057131,-0.028238,0.027839,0.05324,0.049483,2016-01-31
0.000205,0.000482,0.004858,0.017193,0.020303,-0.00182,2016-02-29
0.00019,0.070327,0.010429,-0.007078,-0.02124,-0.026299,2016-03-31
5.1e-05,0.011766,0.001061,0.012908,-0.072343,-0.052197,2016-04-30
0.000115,0.014201,-0.00506,-0.022655,0.009588,0.022359,2016-05-31
0.000188,0.002922,-0.003441,0.005039,0.002568,-0.008138,2016-06-30
0.000171,0.038604,0.023392,-0.021843,-0.005095,0.021854,2016-07-31
0.000165,0.002624,0.009644,-0.002141,-0.02407,-0.002465,2016-08-31
0.000219,0.002798,0.010136,0.001735,-0.031863,-0.009855,2016-09-30
0.000168,-0.021762,-0.034325,0.008407,0.03023,0.020278,2016-10-31
0.000136,0.040355,0.064914,0.02922,-0.011024,-0.026391,2016-11-30
0.000239,0.018553,0.006259,-0.002623,0.015303,0.008,2016-12-31
0.000358,0.021832,-0.018649,-0.020777,-0.013198,0.00673,2017-01-31
0.000364,0.0323,-0.016716,-0.022683,0.020048,0.025065,2017-02-28
0.000353,0.001739,0.012411,-0.013066,0.018823,0.012346,2017-03-31
0.000537,0.009078,0.005831,-0.015535,0.010088,0.016976,2017-04-30
0.000614,0.008721,-0.025542,-0.016642,0.013102,0.026021,2017-05-31
0.000617,0.008853,0.030582,-0.004968,-0.012898,-0.019382,2017-06-30
0.000722,0.019607,-0.011228,-0.004286,0.015346,0.010357,2017-07-31
0.000827,0.000762,-0.013984,-0.028241,0.004656,0.016153,2017-08-31
0.000944,0.022789,0.049016,0.031284,0.004497,-0.018701,2017-09-30
0.00084,0.018442,-0.010351,-0.028548,0.021725,0.031841,2017-10-31
0.000826,0.026483,0.002014,-0.004969,0.018734,0.011491,2017-11-30
0.000884,0.011289,-0.009112,0.017456,0.0032,-0.011263,2017-12-31
0.001121,0.049536,-0.027743,-0.012889,-0.01311,0.028559,2018-01-31
0.001073,-0.040537,0.001904,-0.016939,-0.007678,0.044879,2018-02-28
0.000261,-0.018695,0.028151,-0.001073,0.001924,0.004606,2018-03-31
0.001433,0.003336,0.002795,0.015935,-0.000284,-0.006367,2018-04-30
0.001401,0.024768,0.048832,-0.010828,-0.018755,0.023931,2018-05-31
0.001408,0.003927,0.006138,-0.00409,0.014412,0.001827,2018-06-30
0.001558,0.030045,-0.013208,0.004854,0.019596,0.014113,2018-07-31
0.001575,0.028646,0.014262,-0.02331,0.003653,0.046197,2018-08-31
0.00149,-0.001044,-0.031119,0.014117,0.005948,0.007674,2018-09-30
0.00189,-0.075922,-0.0477,0.041298,0.012871,-0.005494,2018-10-31
0.001795,0.01674,-0.006804,-0.009417,0.0097,0.02908,2018-11-30
0.00193,-0.091737,-0.030503,-0.008273,0.013549,0.027543,2018-12-31
0.00192,0.086356,0.020427,-0.010012,-0.039832,-0.07056,2019-01-31
0.001809,0.030907,0.011534,-0.02567,0.005759,0.012837,2019-02-28
0.001935,0.011043,-0.033272,-0.005068,-0.000365,0.00687,2019-03-31
0.002125,0.035757,-0.002216,-0.025239,0.020847,0.011669,2019-04-30
0.001983,-0.063636,-0.019477,0.015123,0.006852,0.001557,2019-05-31
0.001853,0.065418,-0.005105,-0.00256,-0.001243,-0.00233,2019-06-30
0.001783,0.010099,-0.016312,0.001712,0.005053,0.01128,2019-07-31
0.001908,-0.022179,-0.042469,-0.009351,0.017673,0.016305,2019-08-31
0.001787,0.014237,0.013935,0.030078,0.016828,-0.020098,2019-09-30
0.001531,0.017734,0.008401,-0.005515,0.006286,0.01717,2019-10-31
0.001197,0.033774,-0.000261,-0.010127,-0.011667,-0.003332,2019-11-30
0.001431,0.027017,0.012822,0.01836,-0.0132,-0.007981,2019-12-31
